event,V2__log_crest,V2__log_kurtosis,V2__signed_asymmetry,V2__energy_width,V2__energy_asymmetry,V2__envelope_occupancy,V2__top1pct_energy,V2__zero_crossing,V2__autocorr_peak,V2__spectral_entropy,V2__log_f50,V2__log_bandwidth,V2__spectral_peak3,V5__log_crest,V5__log_kurtosis,V5__signed_asymmetry,V5__energy_width,V5__energy_asymmetry,V5__envelope_occupancy,V5__top1pct_energy,V5__zero_crossing,V5__autocorr_peak,V5__spectral_entropy,V5__log_f50,V5__log_bandwidth,V5__spectral_peak3,V1V2__log_crest,V1V2__log_kurtosis,V1V2__signed_asymmetry,V1V2__energy_width,V1V2__energy_asymmetry,V1V2__envelope_occupancy,V1V2__top1pct_energy,V1V2__zero_crossing,V1V2__autocorr_peak,V1V2__spectral_entropy,V1V2__log_f50,V1V2__log_bandwidth,V1V2__spectral_peak3,V3V4__log_crest,V3V4__log_kurtosis,V3V4__signed_asymmetry,V3V4__energy_width,V3V4__energy_asymmetry,V3V4__envelope_occupancy,V3V4__top1pct_energy,V3V4__zero_crossing,V3V4__autocorr_peak,V3V4__spectral_entropy,V3V4__log_f50,V3V4__log_bandwidth,V3V4__spectral_peak3,SCM4__log_crest,SCM4__log_kurtosis,SCM4__signed_asymmetry,SCM4__energy_width,SCM4__energy_asymmetry,SCM4__envelope_occupancy,SCM4__top1pct_energy,SCM4__zero_crossing,SCM4__autocorr_peak,SCM4__spectral_entropy,SCM4__log_f50,SCM4__log_bandwidth,SCM4__spectral_peak3,pair_V2_V5__abs_corr,pair_V2_V5__env_corr,pair_V2_V1V2__abs_corr,pair_V2_V1V2__env_corr,pair_V2_V3V4__abs_corr,pair_V2_V3V4__env_corr,pair_V2_SCM4__abs_corr,pair_V2_SCM4__env_corr,pair_V5_V1V2__abs_corr,pair_V5_V1V2__env_corr,pair_V5_V3V4__abs_corr,pair_V5_V3V4__env_corr,pair_V5_SCM4__abs_corr,pair_V5_SCM4__env_corr,pair_V1V2_V3V4__abs_corr,pair_V1V2_V3V4__env_corr,pair_V1V2_SCM4__abs_corr,pair_V1V2_SCM4__env_corr,pair_V3V4_SCM4__abs_corr,pair_V3V4_SCM4__env_corr,pair_V2_V5__coherence,pair_V1V2_V3V4__coherence,pair_V1V2_SCM4__coherence,pair_V3V4_SCM4__coherence
1528,0.5474068710723953,0.45702400031430473,0.05037111393038022,0.877412417448641,0.04656670442887602,0.9921875,0.07739911457873526,0.33130893887142554,0.6558643412355191,0.4916480133610306,5.174239417982694,5.872864584130368,0.30673825160705614,0.5448632107547045,0.5147811249948524,-0.20087065366032023,0.8995746730872791,0.008285395042345463,1.0,0.0727363733088122,0.32575457014679404,0.8789852107361282,0.3915444880100233,5.650053859225239,5.778406515530431,0.5901242192093823,0.6181262108700804,0.4619567543361859,0.015599945299821184,0.8738796559222183,0.10808794193201109,0.6875,0.07877200743866089,0.39414654988250375,0.6190817822979253,0.4665000252718285,4.057911888359695,5.872143073021867,0.34405005189511156,0.5856196749235135,0.4705221988025421,0.008196040716781748,0.867986755284601,0.1610825079677526,0.4921875,0.08106434239878564,0.22443311868648336,0.5188619933866582,0.47012633426333494,3.998459762082754,5.872230602472455,0.30126138889320503,0.3424349795164493,0.26520262941470496,-0.401137918574503,0.8984417579403401,-0.00740107942208599,1.0,0.03668368088916452,0.15561387981810967,0.9817144905764592,0.16418078446017684,5.175479514699185,5.17710968560042,0.9257792142349188,0.18630229455921068,0.09829995492427872,0.7924232410559975,0.9519019251429041,0.6235595607327347,0.9320800647724631,0.3721022898491125,-0.10687776606856558,0.11397430058933938,0.12787982362299477,0.24887655088074553,0.12571215183031192,0.11966928404047612,-0.14881414827528097,0.7078265678207648,0.9858301506611973,0.17411020411723666,-0.16905135507025473,0.006279979795364129,-0.1900369024546001,0.8443890521076385,0.9402872218546111,0.8732298042106174,0.8874392716516935
1529,0.7147028674792618,0.6894522136888547,0.11316919467946945,0.5255158135192499,-0.1851146670423222,0.2421875,0.1281375055333917,0.24845118564409313,0.8873808796449025,0.42109007164973306,5.112348462203446,5.793499379044618,0.42205321233401794,0.5269200484779362,0.5203348007481489,-0.20209041239655215,0.9009776405043225,0.0006708096772791285,1.0,0.07407236778034403,0.3196813867610706,0.8836922871596089,0.38483755384646945,5.5863708011421025,5.778395131647235,0.5969984712450318,0.7024871890547281,0.7232381063644987,-0.07498684023189708,0.4618542062384607,-0.23156436387308846,0.25,0.1347567871508847,0.36143070772423475,0.9055622532286602,0.41734629061254996,5.113143885642115,5.793515951098336,0.39080663700363494,0.7110119794615064,0.828237718556506,0.028788327650919494,0.4214070709816713,0.11285125958769708,0.1328125,0.15910097777930188,0.271523178807947,0.9430474702739935,0.36519192645671833,5.11106189861183,4.2780794572364105,0.5372612521880692,0.5030162949020083,0.3548448151666867,0.13203772089295895,0.8936564455008144,-0.0083151994964555,1.0,0.05873525518376664,0.30063783684804835,0.8304889804315847,0.4065356045540538,5.476587260890343,5.540363216438048,0.5680006744959996,0.08811243084951105,0.05471747637104862,0.9408497114639359,0.9849222153047924,0.7858823856261365,0.9122420162118814,0.09075770196547646,-0.03759687882111929,0.05792987938167582,0.05575587327779574,0.10713374134940838,0.003346852225021607,0.09022222814812016,-0.10526669393357502,0.8117879110863017,0.9020395615201497,0.04693521853168646,-0.04720575057683359,0.03099549100191492,-0.03713488576749503,0.773507995890815,0.8333116871580301,0.329638650389747,0.32333329219860574
1530,0.5702043613579151,0.44769978274671646,0.00293623685561387,0.8766554339729098,-0.011026341083666099,1.0,0.0736124586497486,0.39210180974761194,0.8725569016129305,0.4555814140545813,5.6531330722240885,5.938701546965271,0.4646737292635722,0.518203753830263,0.514626431836389,-0.1950871161932933,0.9016246757317651,-0.007902162732960755,1.0,0.07309721026605963,0.325968199713126,0.8804027670162868,0.38799996921689767,5.617678707222106,5.77839538539228,0.5937680704483344,0.5987529964388627,0.44281732884755787,-0.03252482897789248,0.9006189937514862,0.008633194667984727,1.0,0.07488160511333812,0.5861079744865261,0.7891860492831776,0.44347250839538155,5.874796156276662,5.86970665232817,0.5645095699274212,0.758862992011523,0.7184039383308124,0.036008384038763,0.8581093347906646,-0.019414829232728643,0.03125,0.16314021682104396,0.3297219763786737,0.5270547849332313,0.5310942164425886,4.158518836818685,5.870480311793481,0.21596720353249133,0.4531324522592927,0.40270103001180335,-0.5732900836380561,0.9033083385261145,0.04558818687428115,1.0,0.057274134131621995,0.1599780266731773,0.9409414958808442,0.24788497878935067,5.175560322381148,5.17841931510086,0.815171763774863,0.22405092844194233,0.18779918684102254,0.5950664083025717,0.2346978470011093,0.21122862046513097,0.1053442732289324,0.41581984500092445,-0.22259577505582806,0.17380980624296247,-0.07463652286484905,0.3002262945942301,-0.08891225868601736,0.2715001982374271,-0.05303605143253427,0.37335658387176074,0.8951684368145622,0.20775339358277084,-0.08412314110009711,0.10543467068351142,-0.08192951025831291,0.8596081117499801,0.8520505100910668,0.8040069260502434,0.7901895739312369
2059,0.7541922763706506,0.8505697828027609,0.007518328122878347,0.7149739155311172,0.12071130004020686,0.0625,0.18705515483582555,0.20725119785149693,0.866813832246799,0.39804003519855896,4.7899682025809485,5.710304448489017,0.3730301754970248,0.5271859170409543,0.5127506635627664,-0.15099899676417974,0.9000049886737438,-0.004339576143913843,1.0,0.07252267664561103,0.35013885921811577,0.8831079209401957,0.38506164146109056,5.627613055888241,5.778396448531715,0.594458774148362,0.7436696090179655,0.8320992600849832,0.0036221395532389147,0.7454380273708013,0.12775347505643173,0.0625,0.1830827230939165,0.29572435682241277,0.8889505638817689,0.40481345224520177,4.790378544797089,5.841004578545049,0.35264124664688024,0.7136798173927452,0.8102767892827568,-0.016730529757307537,0.7402719281005216,0.1664140898565953,0.078125,0.17280919861111135,0.18185979796746726,0.8887796156429985,0.39394188767266736,4.78924078317116,5.017678822071509,0.37870319439368405,0.4535192231766824,0.495912857984706,0.6387820742093844,0.8991867390602133,-0.042629897599778095,1.0,0.061775988183511835,0.16162602618488114,0.9598292847434817,0.23551925565951928,5.175641631362382,5.178448974175094,0.7802780710971869,0.07887285816614618,-0.1637745592870632,0.9489167515166879,0.9992369027633147,0.8661312904350678,0.9946081178825882,0.09401855033142352,-0.19770320152971216,0.05128656531447731,-0.15964480537290818,0.14954162056645123,-0.17510641825693538,0.2491020644273309,-0.004917575464210129,0.8446403416305361,0.9926487307070011,0.07436960000548268,-0.1875550862656252,0.0948255948776053,-0.19015191053798017,0.7935469838575222,0.9774444957125249,0.7490193482843055,0.7868834988367974
2060,0.5247101474920374,0.46099928590640643,0.009134573515261637,0.7991616780883141,-0.07662847672051686,0.3828125,0.07595399793192047,0.13657032990508744,0.9334856863537926,0.23642261482813862,4.750092767542196,5.331527890771342,0.8395959568891618,0.5285808039936182,0.5082969845627934,-0.14530948456257525,0.8992396225104411,-0.004650137993573688,1.0,0.07185706114103776,0.35065767387920777,0.8837325576527728,0.3860150551924091,5.640657248107476,5.778399226200231,0.5907129337865732,0.5556633981588653,0.46017386930898957,0.0032518294194205815,0.808984711405862,-0.08073877084415217,0.390625,0.07612775825838876,0.1869258705404828,0.9226622016437619,0.24521945764052605,4.7503209580427646,5.841486859613067,0.8159252052593085,0.5056507293212535,0.45147410074224825,0.008176221569559996,0.7677970837831457,-0.06596186887090599,0.40625,0.07176617095213755,0.11267433698538164,0.9512295491705874,0.21723334303870268,4.749335301770777,3.855210230261147,0.8822715681201676,0.3954191595618342,0.3989602205541188,0.6229028622718298,0.898244321411013,-0.03627656432808667,1.0,0.04805873855993528,0.1554002502517777,0.9787303167706802,0.17522193608528147,5.175494749518681,5.177418467106774,0.9089726939904068,0.06943661960985693,-0.005483574710834936,0.9621174109479086,0.9976642741550966,0.8984958637300244,0.9746248174747394,0.10345948626008715,0.014628007237198749,0.04094954915894455,-0.0070186621415632795,0.11039728517588027,-0.008032213719671936,0.2428586253376638,0.1411628744016538,0.8834670803759508,0.9620031528899571,0.07431461120812022,0.007899718027167749,0.0581568382842941,0.025073996086319796,0.8260364759142467,0.9759323225943592,0.8440265516502814,0.860011351074282
2061,0.708673851460288,0.7804623425677639,0.006220188622658271,0.4888748431389697,-0.010817311734220637,0.203125,0.15411379787666693,0.2512283700064089,0.861950046002453,0.3719107832562297,4.789197308957458,5.8177041935547145,0.3962374358180357,0.5317111617861942,0.5117058990103865,-0.15598968512312,0.9011221055141847,-0.0030362784314717207,1.0,0.07392302277876757,0.3539536729026154,0.8792392219008747,0.39051069013225254,5.652332703983233,5.778427567460651,0.5895272098308657,0.6969082488945854,0.7630058405100607,0.005758128695773145,0.5369221408291709,-0.05133649596885326,0.203125,0.15081485487434035,0.3466597491378521,0.8708607411843515,0.3814403064728471,4.790446776251747,5.841038193412902,0.36337300228784203,0.7188551922042865,0.783158615135797,0.03467634945181826,0.43099588082866963,0.027412663742199365,0.21875,0.1521159835547295,0.24045533616138187,0.8891624809870569,0.3471609293863963,4.785546042167442,4.970968760083395,0.48290159824841844,0.29527312342393935,0.24121630836504734,-0.11593216442124016,0.8999524577954419,0.011302728709011747,1.0,0.03102516970396673,0.1554307687612537,0.9824216674367634,0.14465256886508407,5.175432603400449,3.0800891222113624,0.9702659471588502,0.08457675937297826,0.005651438770970537,0.9520815748867233,0.9990214161152295,0.8815676668369498,0.9926030229586126,0.14194910678341893,-0.12736035669099235,0.05568942599301288,0.003644474281413844,0.12405971342397913,0.01553250730657044,0.38868377173963364,-0.06072881412843341,0.8566912871231451,0.9881252052229526,0.11039363236685265,-0.13049545677095983,0.0842543988138524,-0.12842943540532634,0.8027633454935194,0.9817749071489102,0.8709550448766782,0.8626661449593126
2062,0.6177095794984871,0.738707733106702,-0.004654937815697548,0.5666006295108902,0.6510956246308416,0.140625,0.12358308245046795,0.17880794701986755,0.9733038581304421,0.3038384742242814,4.789860645895636,3.583893052983616,0.5755851993714286,0.5136416106994465,0.509438588172578,-0.15010979229957988,0.900683270719402,0.004170234282348567,1.0,0.07091352222919685,0.34815515610217596,0.8838930702629464,0.3849722766362782,5.625554697168538,5.778381935050796,0.5931629277150672,0.6293873731897011,0.7362863916082968,0.0045009658633845175,0.56663759296277,0.6489310532376336,0.140625,0.12393393917684634,0.24097415082247384,0.9740404223394021,0.3087255550917698,4.789904410264725,3.618403496606224,0.5678429792547812,0.6342062741930368,0.7464666749754401,-0.00272084211979475,0.5624147038674596,0.6496526620658782,0.125,0.1272701700294633,0.1512497329630421,0.9798122648851706,0.3009101111926904,4.789847542809415,3.5735161119429653,0.5767036150761179,0.5157460051148753,0.4846383811595363,0.4756306386935434,0.8945665416158907,0.060902335909034905,1.0,0.07123773590944676,0.29181798760948513,0.8970809640250916,0.3399890949357145,5.4764604969477295,5.402281580335268,0.6382363417057588,0.03773991613214748,0.1459902662883046,0.9877455654232133,0.9996608417497694,0.9615014424139273,0.9981303650811467,0.025425842795067103,0.13609426318318835,0.03181756726247999,0.14499670297636272,0.06630158909681948,0.15030385689650305,0.27966308596138056,-0.06164000841082094,0.9605552623634899,0.9976035230003311,0.017541236689885116,0.14093149184569595,0.020091355470346184,0.14328662242078705,0.7385054881760418,0.9929056993842922,0.5423100228105858,0.5292019058066597
2063,0.5898318253380823,0.5459804205930447,0.005762564393475172,0.7166332277249728,0.08089769139478019,0.2421875,0.09737700826112557,0.17981505783257545,0.9196241528389515,0.26931446739584786,4.747877311190764,5.841545253307785,0.7432288848636286,0.5372400661246413,0.5133459512783384,-0.15825435283457126,0.9019711483265238,-0.0009368937085262516,1.0,0.07262387596515166,0.3511459700308237,0.8840028920294963,0.3854676557174473,5.6315343679624235,5.778411913991849,0.5937201139951707,0.6191084127429338,0.5445835190635353,-0.001226309741381862,0.7603004592270395,0.01725857961996189,0.2421875,0.09818301232553214,0.2673421430097354,0.9085628901508226,0.2935842856451052,4.748327629833069,5.841857520274211,0.6885073629011398,0.5896251959604187,0.5427391270560095,-0.010848242586478013,0.6874460682859449,0.1240118199922373,0.25,0.09509409469741659,0.14172795800653096,0.9439398408807649,0.24406895842176268,4.74780973741503,4.97551737726079,0.7876262200796456,0.4916620402191027,0.4483526370446936,0.5087230854057688,0.8970406269977974,0.0415015171220158,1.0,0.06501637193158516,0.16992706076235237,0.9153421616728421,0.27790351165680877,5.175556878703128,5.307382372951624,0.79345282503386,0.07587925008593109,-0.06209932710315456,0.9431188231186192,0.9968665214251426,0.8807409363974429,0.989186840685521,0.13248131651281703,0.06210115059867993,0.0675526082337182,-0.05390812272142529,0.12390285232246966,-0.06469205659016608,0.11128099188789616,-0.017590592961651625,0.845914062149103,0.9820367349816252,0.08441115213571133,0.07821221199607803,0.0003015358732546581,0.021171723287189647,0.8177696298751885,0.960319150005516,0.7341986260673168,0.7408238939554609
2064,0.7830107099402578,0.9115948767016016,-0.01917366685863653,0.7293123299595081,0.0844749426662899,0.0625,0.21005966779205396,0.28180791650135806,0.9279529179053878,0.3949833880872682,4.7709593574166975,5.841375120960326,0.40696325558908913,0.5006360103037869,0.5105723354165717,-0.13990980552488383,0.8998805226098429,-0.005331990528124268,1.0,0.07217146839356252,0.3497726371044038,0.8824712952592011,0.3858281161283886,5.621778898865444,5.778416617504683,0.5931680704216846,0.8019562205433555,0.8933073107892255,0.01888516356370035,0.7394292995778945,0.08411649749673991,0.0625,0.2049303360543211,0.40125736259041106,0.9218097355474177,0.3998456967045533,4.772307555606773,5.841323768546191,0.39652797236880377,0.7685516372163257,0.9212484897880294,-0.021952710428175738,0.7305515898404348,0.09697809935079572,0.0625,0.21224833600184426,0.2161320841090121,0.9139685061056755,0.3751320120591272,4.769798752095421,5.692943402861016,0.42837939742308734,0.5103754739195827,0.38015479915362715,0.0389802724664766,0.9020807243940314,0.04686083593186924,1.0,0.061607827255484915,0.18646809289834285,0.8040546884726454,0.40063714688632585,5.175627263385734,5.5591525966112,0.6306769994301094,0.10068664609644556,-0.11118770368755669,0.915112596257827,0.998174610689565,0.8088794333031285,0.9955759604741585,0.1257546806037934,-0.03047948786921883,0.08466690903703583,-0.10681712229689787,0.17206446934170602,-0.11608869782097885,0.22200467296014756,-0.028393348077434898,0.7695950761050558,0.9898584332846354,0.0732603035880223,-0.029742831016059172,0.02502996885207067,-0.03477275286871927,0.818624359782706,0.9625370487606417,0.6362336541509488,0.6559332228993868
2065,0.6592440738795884,0.5643425778233806,0.020911212348218366,0.769441249759874,0.01299316132131043,0.109375,0.11187318547232536,0.2401806695760979,0.8995730024972004,0.411149419188232,4.775275112264059,5.8413757415234135,0.3719095130985884,0.5280275708325286,0.5100749867685483,-0.16751211341708463,0.8997922751246156,0.008067472552505213,1.0,0.07274394291841364,0.3513901181066317,0.8802237135228452,0.3887635354030897,5.625416550752735,5.778409667408826,0.5906134419242179,0.6638004296491827,0.5561920009078426,0.005393977417276949,0.7906118218423739,0.005730933685401115,0.109375,0.10783849919684348,0.3521530808435316,0.8948168940243435,0.41785190649135423,4.777018236334711,5.841399311800423,0.3811958500700303,0.6265821213912288,0.53828955860986,-0.020464019410424014,0.7665789258604497,0.05396342783529034,0.1875,0.10381053103284828,0.152317880794702,0.9016007633649129,0.3737999035876337,4.77154128295399,5.595826005832832,0.4318857145203404,0.3493910795442073,0.29589055962811217,0.47880674178143157,0.8995129621073964,-0.028506889870408995,1.0,0.040552192819309746,0.15564439832758567,0.9814028142121504,0.1646200280317917,5.175478603704287,5.177070440534921,0.9275348824284508,0.11790303202926737,0.010326022405295655,0.8914379831258791,0.9946469984640323,0.7903853617045237,0.9859342268989545,0.16277815449087038,0.03663487721971948,0.07166644769012305,-0.004143153300535533,0.15795573262823315,0.018151722039289803,0.2894941273131057,-0.10702122670031276,0.7281212773491847,0.9687863291725151,0.12882545892742867,0.06265966627755479,0.09567243853254506,0.028677384015332583,0.8267234612969548,0.9645820369520798,0.8705721385257879,0.872052188764508
2066,0.6117900663433677,0.5721701794811256,0.03916734525217571,0.8283983343255685,0.056149595405756064,0.2265625,0.10587131878850553,0.3228858302560503,0.8968793139646551,0.3610225940940447,4.740729238447041,5.842776522262435,0.5391364869682722,0.5181819390686939,0.5078626286026188,-0.13558795443385638,0.9009753335780899,-0.00544462470065744,1.0,0.07193593548133004,0.3530991546372875,0.8815796271482708,0.38974945055709476,5.652329529678983,5.778416202608358,0.5891121663390491,0.6291499102942153,0.7361319967723192,0.009805504009767468,0.5255874743096639,-0.5476731169076174,0.140625,0.13258872481979592,0.24768822290719322,0.9787077272263562,0.18340295153915548,4.7371959419549965,3.176658018559524,0.9186537872052714,0.5959239628200663,0.7221743551163023,-0.013990146724884904,0.5438955396148332,-0.5780985446559096,0.171875,0.12130762672128394,0.1587878048036134,0.9833780590861536,0.1660755722453813,4.73646887534359,3.111726836618142,0.9353945255149367,0.3199094727362739,0.24103849130444627,0.17581354639221528,0.8993416476936101,-0.006733691497293937,1.0,0.03127592338153028,0.15564439832758567,0.9848647154615193,0.1483078475586006,5.175448379861495,3.0922279869013094,0.9575979619557473,0.09810425743059584,-0.32072082365573834,0.6200627123186291,0.8474268428664123,0.40433241219416544,0.5991203114162852,0.3682894413670061,0.01965565001611449,0.013098483360045205,-0.28481217826526956,0.07184738367585779,-0.21011397532962445,0.008993914085746998,-0.005343747710772602,0.8795446347304421,0.9070557431203483,0.054974673206037675,-0.0627543417165783,0.0008708160012894554,-0.11989062992331417,0.8548964766140459,0.9027673156736049,0.871395920933801,0.8694217808324362
2067,0.6416561224244465,0.542433122238552,0.006369807468183052,0.8390765286543995,-0.023529882763364634,0.2578125,0.10004420800150515,0.3067110202337718,0.9095248840204606,0.3423201384741465,4.737661528938142,5.842897452611456,0.6160512148164293,0.5759688818436463,0.5080215901921067,-0.14428921052735927,0.8991056946313813,0.0007301754697858702,1.0,0.07149423513993586,0.3519089327677236,0.8803758780342139,0.3887970261080497,5.6523211250094,5.778411234794852,0.5913932050582109,0.5326992916369038,0.5140594580121091,0.015736233092335,0.6586314805541897,0.30167639791135825,0.4140625,0.07851424721970139,0.2750633259071627,0.9638610049979199,0.2213788151135523,4.734408375334474,5.8426817073970225,0.8553650756076261,0.6020229020096659,0.7128960039138549,0.0009577082559637286,0.42257118634447205,-0.4863566525269413,0.1640625,0.12619398833127568,0.13599047822504348,0.9905569271886465,0.15553575378613757,4.73477295457307,3.0636208678740955,0.9495062230466138,0.31416584216339305,0.22677303996516363,-0.20872496131275894,0.8986534607183034,0.040239848681778795,1.0,0.03391013885975165,0.15558336130863368,0.9793869528064046,0.14622217084522493,5.175427272038743,3.079199797253746,0.9710512320664841,0.11017199155323565,-0.03480889420624858,0.11986123169854512,0.597430009783679,0.5048383661023642,0.8688111997443452,0.14158311715505598,0.1079083129861813,0.054293012528168406,-0.07332505021593046,0.06330516579215495,0.0055324738589596035,0.5812806677489053,-0.03373913076080414,0.8081861462376266,0.7395841289136386,0.06302501978666081,0.5141817951603284,0.058561896822088774,0.17003464500102342,0.8560354345345169,0.835490537353286,0.8816092249421688,0.8561687800230017
2068,0.6047005806316379,0.5054071526510455,0.005676315371731955,0.9565328482402575,-0.3432397269980939,0.265625,0.09072864899738348,0.25940733054597614,0.8626664415876035,0.3837079839565665,4.742520749449964,5.842646922171815,0.475705065907369,0.4994228802102513,0.5084056091782615,-0.13932988939124305,0.8986063467611498,-0.002371244948221348,1.0,0.07128475701651621,0.3468428601947081,0.8842661027466105,0.3845273832418653,5.608341057805371,5.778397657850532,0.5939177849870165,0.5542800706151291,0.534578389526573,0.007766233109132095,0.962514747885677,-0.03782160024934767,0.234375,0.09246451023859002,0.10882900479140599,0.968701197768019,0.21568054543975498,4.737173364208275,3.337116199714702,0.8488792863825693,0.6277152653489739,0.6165218172672697,0.0011859964015327187,0.9536815074420111,0.010457209833001604,0.1171875,0.11650285138330733,0.0804162724692526,0.9799619088184504,0.21861717740799527,4.737560899968547,3.32410678428818,0.8205086958315193,0.5066119031334212,0.3648026966517511,0.25621122868259844,0.9000097539716203,-0.05107879000509071,1.0,0.05650448901978698,0.17194128238776818,0.8907360073445565,0.3091330552068743,5.175631669086465,5.187795732560922,0.7292361379247791,0.096654684790909,-0.0803742880582939,0.5357736681713898,0.6209359680823637,0.32590540512192573,0.4079382393171101,0.16767304865590674,0.18155793965047515,0.015331375012741875,-0.02340065955395615,0.07026187436699241,-0.03189823889187977,0.40110965344971977,0.1099247900706628,0.8490029530095029,0.8292649984482655,0.017273158857810018,-0.07598356352259364,0.041539346086552555,-0.17294000708781596,0.8526260088073316,0.8609797284735962,0.6081574817658684,0.6445648225846057
2069,0.5820238276640063,0.5005837598003526,-0.022724902270956426,0.7898314525015119,0.16610184219957455,0.3359375,0.08775863664606924,0.28241828669087804,0.8446121545912731,0.37808419211081534,4.74596076944362,5.8425434235063,0.4488499331884425,0.5269082936348084,0.5093610026738566,-0.14088714816899975,0.9003347295700603,-0.006184505562614339,1.0,0.07162663154990435,0.35163426618243965,0.8847185346253414,0.38541700635035714,5.631386669497331,5.778408484093939,0.592215682749989,0.5872384537451174,0.5803176330277322,0.012991125134437877,0.6451566564546715,0.24828627124136995,0.2421875,0.09985507205203614,0.14761803033539841,0.9712715831868588,0.2584313648680133,4.742194888160414,3.4804084382460925,0.7015801315835173,0.6640284463876909,0.8082677667413749,0.002322029005723978,0.3486526221310033,-0.038234526500451345,0.1328125,0.15487041987516237,0.1173131504257332,0.9844550778403633,0.21237511396328515,4.741956527517889,3.262499839097393,0.8310886023923131,0.3836110149466462,0.28310208949163884,-0.2700025342051652,0.8947607963756774,0.04073848991291473,1.0,0.04179053974698996,0.15698721274452956,0.954018472213803,0.21855020418905846,5.175539039060507,5.178045785247421,0.8493186613208884,0.12326468986923846,-0.09421089913702525,0.4754001400641988,0.7901339551468385,0.10678653157866985,0.602393240031479,0.1747858996504817,0.26292535867268485,0.024016915945735788,-0.11015636221414757,0.06216529043939243,-0.07715106108537054,0.5687769669996443,0.01587832087535155,0.794034500630288,0.833171076895675,0.031396409311319644,0.3146591717297443,0.047414646614736565,0.23849196499151304,0.8552507688320263,0.8143834517181645,0.7235820393510272,0.7239953488735774
2070,0.7437100952681357,0.706670470420089,0.014593148129405367,0.849687917288167,0.32326154606974106,0.09375,0.14891577209474222,0.27561265907773064,0.8699455768175276,0.36267566279676644,4.752192849363503,5.841792565631508,0.5371616206154572,0.5246220559496855,0.5033908916656901,-0.10882538950019627,0.9011059425992242,-0.006412463076646319,1.0,0.06998299697102231,0.3496810815759758,0.8850868524745432,0.38550156785455547,5.62975598778914,5.778406520649204,0.5918365430826369,0.769825239008284,0.9130288663114995,0.0018452390765916267,0.8630822129285404,0.21473268845462315,0.09375,0.20696806965388587,0.1368449964903714,0.9713213785167623,0.2749706732314992,4.7518511719654875,3.494263732288469,0.593979764379131,0.6952120784309017,0.8324609529370866,0.018643378309122365,0.5781988607767614,-0.14031747689194785,0.09375,0.1704155031147954,0.10516678365428632,0.9844939978143741,0.2498193281492756,4.74909228006457,3.388746921055288,0.6550368645182415,0.5136364385803616,0.4423941305858747,0.17060722906266557,0.8971997745850875,-0.011417369590202255,1.0,0.06338647183962144,0.2586138492996002,0.8725767936632738,0.37452653642623246,5.476097144439039,5.5043520455121975,0.5891398531419145,0.10105838932546124,-0.13808328574426681,0.08883133261355328,0.5291503404733053,0.20537491534540517,0.5665701221760641,0.20720539066481913,-0.338318484167672,0.021679368664751387,-0.11063208133182266,0.05592051959569473,-0.07915543113808353,0.17441991637337595,0.1424671032780492,0.8641126283879109,0.8683498035389805,0.030505740712933268,-0.21261895298216082,0.0012761347599258355,-0.18886143814358294,0.8482916266787317,0.830042237403015,0.5003323537785452,0.5141650583994966
2071,0.6420706377333163,0.5210491057153462,0.0045719366573886075,0.900274142589689,-0.034653588183904446,0.25,0.09397938749303836,0.22882778405102694,0.8456036629319139,0.3902162104605611,4.754577351763857,5.841872864450975,0.39440870548829454,0.5403044140348647,0.5143456559043694,-0.165835654585784,0.8996428312877205,0.003953981335429741,1.0,0.07271420981411769,0.34955900753807184,0.8812433160807569,0.3866465107700372,5.61586171843256,5.778421207218678,0.5952805419927284,0.6276981079461221,0.6270648290919556,0.0017096878995601606,0.7675596848565798,-0.0969374432569809,0.1953125,0.10987584344766277,0.1858272041993469,0.9529058320059489,0.3313423241474189,4.751599667704082,4.976037160435017,0.47978699733138525,0.5801761421535143,0.5572857395098656,0.004108339452385192,0.7638906041217245,-0.1424899158963199,0.2109375,0.09941745065955143,0.09555345316934721,0.9710107685141629,0.28953943139252203,4.749909469836574,3.5601525706583153,0.6072033610028789,0.36851813061731215,0.2780283494245514,0.3943661067238127,0.8984665386667807,-0.04680712651561927,1.0,0.040520192515811994,0.15527817621387371,0.9720103470822656,0.16672077095875126,5.175444544258569,3.102822848634466,0.9465885949018762,0.09173629159725945,-0.014459068347991558,0.26725974043900513,0.11117006246214853,0.5413876842627705,0.3699139056047955,0.04929844673130432,-0.16431462190678817,0.027445198986804056,0.10049266632430935,0.07707146530344494,0.0725035130986007,0.5946454176623809,-0.10906598856589017,0.8287016107445591,0.8457986974086711,0.013914593275200502,-0.026351596490667793,0.07102131388536412,-0.03749823330420746,0.8362960075108371,0.792299097709166,0.7522828199277963,0.7953204372585893
2072,0.6266147957528067,0.5384345939953185,-0.018809597403215424,0.9318759097331816,-0.06707438455761854,0.234375,0.10044933532090902,0.3393353068636128,0.8337129194426214,0.4404739022900871,4.7447209620626625,5.8437099395113,0.3108045863948045,0.5754800214135138,0.5110806119854576,-0.13320846942609202,0.9006669016694081,-6.367574207705266e-05,1.0,0.07183735077186934,0.3463545640430921,0.8804795711372251,0.388752917033685,5.599630897015288,5.778442350549553,0.5904349630515504,0.7186532121502491,0.7358909446601265,0.009281678429459702,0.8095465354213611,0.0023529775077914855,0.0546875,0.1676134665317853,0.18991668446913051,0.9520273513841475,0.3166228331840784,4.733225933307114,5.8431206619228275,0.5292807484383344,0.8002688286760867,1.105770137083888,0.001565056156348049,0.6749104006929372,-0.10943203359228477,0.046875,0.28603802701246667,0.11349833674123355,0.9736312434708227,0.2588415990008513,4.73538620187738,3.4500007716822276,0.7074386748171411,0.33109098574976786,0.19568861349701852,0.1098969586565597,0.899074396855072,-0.012234907087685641,1.0,0.03032977950770204,0.1554002502517777,0.9729002639073189,0.15030583263138814,5.1754219358782585,3.080881164841807,0.969542810080942,0.17074141188899186,-0.15779927214882172,0.16267100276768606,0.6170858275752604,0.2603154011156391,0.5828712904472544,0.0989483870430714,0.12916563416149862,0.03684302678859375,-0.08829142092964753,0.08324439299206965,-0.09380323177779434,0.535896429960311,-0.17087671926514533,0.7824322788673265,0.8894789761772142,0.02714565141234308,0.05860178396136575,0.06597164008112093,0.018482495441613164,0.8501249125018997,0.8515110583049939,0.7847623243592605,0.7987939267255653
2073,0.6445580986414783,0.515385159639979,0.005352252106868389,0.8867960884537707,-0.020176375964810776,0.1328125,0.10003818293139816,0.31595812860499894,0.8798196600568561,0.39595377818781297,4.737950467298599,5.843305200785687,0.4686228463374439,0.5281116643458105,0.5077814296010642,-0.13167043347912338,0.8973311737272819,0.006490530974349623,1.0,0.0719155004947841,0.3511764885402997,0.8820487826798027,0.3881924624817994,5.649023030760942,5.778433945909262,0.5909677263078823,0.6692915249721587,0.7315849396664518,0.013122273026569906,0.7315589036423769,-0.1687817775833912,0.1015625,0.14513354011956775,0.13238929410687583,0.9802511254936914,0.21379593508507821,4.732575093257758,3.2935782862600766,0.8374906519187008,0.6186989860741204,0.7182098250710209,-0.01499936694686938,0.640942188441081,-0.36608727550660247,0.15625,0.12685593761663302,0.09933774834437085,0.9845994701582825,0.20232775069538586,4.732389449023793,3.250656344771876,0.8525622953038827,0.35955362826061843,0.27340173065833717,-0.4842041902032182,0.9003799519804876,0.0135200846728639,1.0,0.03954490674281338,0.15555284279915768,0.9692567615623949,0.1845473210828039,5.175475983587332,5.176764728942899,0.9140350175990635,0.15706876067262032,0.0652663236943201,0.48395787747612784,0.68086523669908,0.39627876674415446,0.6347317967818236,0.28275405276183146,-0.0014661066593971547,0.01638902290724436,-0.001087034092173079,0.06922623366349212,0.004801131313754583,0.1251529525511235,0.01851686264299935,0.9108105784021304,0.9525793646118702,0.04452813941499311,-0.010847297981667038,0.013827666094861996,0.018410956227812542,0.846724614775381,0.9310855023164684,0.7616278321783958,0.7824989739770907
2074,0.6986949451810435,0.6158011273271939,0.0031335849427298066,0.8258234802885545,0.0005545610228771877,0.1171875,0.12351808245317945,0.38215277565843686,0.8297058061478846,0.4126164976321627,4.751445797381433,5.843694285395555,0.46686645001476085,0.5306199318507813,0.5135483495261146,-0.159848396473302,0.9003039773880214,0.003383268179527681,1.0,0.07337576969378544,0.3498641926328318,0.8803517080592629,0.38933763392326187,5.6428776316890366,5.778424544417291,0.5890420786457475,0.7336248761634822,0.9367550426207357,-0.001540920015049955,0.5024906952640014,0.1099881025967297,0.109375,0.19338584879004736,0.24356822412793358,0.9695723354301633,0.24630939751135394,4.727778200662971,4.9865067563206145,0.7551150688738539,0.7246440103275755,0.9530582462679011,0.03754964060641491,0.37720767043741366,0.2169165981644343,0.109375,0.19619188410073152,0.16376232184820094,0.9815320238405298,0.2176022116831555,4.7270646417864155,3.4213508318556283,0.8304340557388945,0.33444859537408267,0.254428427167474,-0.0697359641291458,0.8999167675660765,-0.012150203901871638,1.0,0.033729022348780065,0.15494247260963775,0.9770672476501308,0.17720216441041048,5.175506532568511,5.177545056557507,0.9006598122861318,0.1794136969966784,0.09403077662977155,0.6038587845469601,0.8980406842474773,0.5306192235499791,0.8797357872784568,0.34792393224329315,0.06521826575170574,0.027465590866786717,0.12204107500309468,0.08818508067783094,0.12001829187375046,0.08328414094548615,-0.07935750509500342,0.9091353699875075,0.9797301443465408,0.06889572597371572,0.007883551399276314,0.004533577544362104,0.0006247058332967359,0.8527248526084961,0.9568026243157952,0.81478617941318,0.826565018982733
2075,0.5716798797849076,0.5049189061935634,0.010840465179608575,0.8434111830963245,0.2876571471806982,0.4453125,0.0901896849320003,0.3562425611133152,0.8525005479586312,0.4011261676224124,4.756728865925897,5.843734405124042,0.4777169082532041,0.5408483125710921,0.5055191553595755,-0.12620032464744513,0.90001938798491,-0.007445228033785185,1.0,0.07098268927969473,0.35178685872981963,0.8817930068398911,0.3873929130579911,5.652312781549025,5.778397794827533,0.5908200798535945,0.6305870947650553,0.6685624128726011,0.00687017277498005,0.5132688627456853,-0.02190719873581753,0.21875,0.11723417718795745,0.22986541337321084,0.9684199068795605,0.2284124932680748,4.727446205617458,5.598273214673537,0.8386402836974103,0.666015945697894,0.8576813704298523,0.010227702855296998,0.3534160403333793,-0.4340979828744844,0.1171875,0.15787611366634302,0.16779076509903257,0.9832514163535161,0.1949920244818551,4.727571028677314,3.4011778373142727,0.8847207981137644,0.35330260852917794,0.26039036028076534,-0.10057121891672967,0.8994437976357329,-0.007030647339052316,1.0,0.03470191451482829,0.15485091708120977,0.9768676905216559,0.17868984550043723,5.175510753419892,5.177607402819715,0.8965104970705806,0.1776429794835308,0.04417639986712668,0.5626079957513594,0.726876899634836,0.42657595977259444,0.4996212653135354,0.3466518857845027,0.0031692328922089635,0.02676784178309231,0.030059189865260308,0.086438537933416,0.025788884817672438,0.12228251028101637,0.09402749812525334,0.8979868927193627,0.932548687389271,0.07124280229875524,-0.08720225568206191,0.010271169886682387,-0.09756242027531135,0.8538351559101939,0.9096453350288496,0.8215765226119781,0.8205722899898052
2076,0.6642531871436365,0.6312818378101048,0.07805788226853529,0.776443226978092,0.015795555334302932,0.1875,0.11974399089158999,0.35944700460829493,0.9182762030053211,0.4242462525143364,4.771266838359255,5.840918999673771,0.3879449079677367,0.5178659238586029,0.5243821709392579,-0.23491999802437355,0.8998142742669084,-0.006990420647592665,1.0,0.07565727381812569,0.3556321909237953,0.8796001119398846,0.389688982484298,5.652313588128133,5.778419323684282,0.5904997727153498,0.7294048307664798,0.9112106653464926,0.006542042988774092,0.26575041189467447,0.016420291861299896,0.109375,0.1818921970611245,0.21033356730857264,0.9860097918467503,0.2712174270453491,4.76873605030884,3.5035647376718786,0.6308897264459203,0.7303885194460938,0.9314779438177648,-0.007969019646051251,0.3205826013339582,-0.07137912505281888,0.1171875,0.1984223966229372,0.21768852809228798,0.9664139354161786,0.29321801607067033,4.76851713932537,3.546702333296616,0.61774809376553,0.28725434135928185,0.19379109257866167,-0.0830224897279663,0.9001915078313912,-0.011799700491807653,1.0,0.02961528889615941,0.15579699087496568,0.9800631085173008,0.14150254156772987,5.17542287364483,3.0742055834631627,0.9763799068838805,0.11650646007696519,-0.06720687361515316,0.14430515893943355,0.8212932085771724,0.22026014449897907,0.7536793831188232,0.2900912376447745,-0.14079705837687276,0.010980344332249679,-0.02081553713442272,0.09196477605648899,0.010285952745969447,0.29551923401254493,0.1153277970222605,0.8792717728972969,0.9177916888355235,0.03763744959336411,-0.08855034568490737,0.03903680937709411,-0.09216133577950567,0.8251778257628919,0.8376357896114461,0.7434641109227953,0.8314240614926516
2077,0.7884018964537742,1.1110749035479586,0.026173144547573624,0.4811530617701918,0.1498298431360541,0.0625,0.2643371467294124,0.337137974181341,0.9638414053812311,0.3384229968519479,4.777842541301654,5.839689625878731,0.5277639412404785,0.548505186704263,0.532938063367123,-0.26465466419722455,0.9009883114039272,-0.0006773873854142158,1.0,0.07645010599194373,0.3542283394878994,0.8834417228419011,0.387901494028098,5.604248551276457,5.778422003928117,0.5917292596100097,0.7912005620819621,0.9749145525864665,0.007182622137406618,0.7914582996396222,0.21209585066631856,0.0625,0.2229129850461229,0.1718192083498642,0.9573592492862044,0.3410602524451209,4.774578118915979,3.681692715151636,0.3831209341966082,0.7744126035737271,1.0050286067959895,0.008323835379819284,0.7631955447212696,0.2533680328046584,0.0703125,0.22733592574456007,0.1173436689352092,0.9590774930300006,0.33025365670368995,4.774219832407198,3.710161642254004,0.4296685118735223,0.46060487983490916,0.5399116284789728,0.6603248714964752,0.8999495842771691,0.0529910361519701,1.0,0.06447031937537805,0.19275490585039826,0.9556797522006071,0.257082349386149,5.175752492248884,5.178877020929071,0.734464025640566,0.05672729550658023,-0.04993637846630525,0.6317346138306018,0.8804846730020096,0.7165227653847679,0.8922182431490598,0.09510119871176895,-0.01978143176831943,0.0302377550061684,-0.10015406974043205,0.08346701370566562,-0.08690773541729219,0.40054300020492717,0.05538031093083766,0.9221861841966515,0.9703890539334417,0.021742684881938774,0.025675121316087166,0.042430714248706335,0.024980568769142127,0.7964097522428046,0.9511043901838371,0.6463200192463454,0.6957125637326715
2078,0.6295502203568077,0.5883877049134442,-0.05924587877603277,0.7990776080164447,-0.4508658181910263,0.2578125,0.10213133145008224,0.30280465102084414,0.8733792512639904,0.3340020528580855,4.74267035628546,5.842581956236765,0.6408252343128664,0.5154525704707278,0.5058208713117537,-0.13976400970304356,0.9007942801591623,0.0026016661078699325,1.0,0.0710504554759528,0.34955900753807184,0.8813046880541955,0.3878807605636501,5.634091857205906,5.778393707321624,0.5908418122679312,0.5904426517252719,0.6109965467050852,0.006425895284831395,0.7606283556627887,-0.435827454756485,0.28125,0.09486499903763355,0.19095431379131445,0.9476181157772716,0.2829024102247961,4.740793535717673,5.440771018173124,0.6866420662268297,0.5419739542283409,0.6397520975810258,0.03999209260719376,0.7164308260039918,-0.4745559734291533,0.2890625,0.09103192459499689,0.1325724051637318,0.9759052606181029,0.20143355383022854,4.740478164476413,3.211101137766187,0.8835885407823638,0.4520698727031094,0.38559302122319095,0.42858504729359537,0.903205857250546,0.0006228613423791014,1.0,0.0522309817335985,0.1969054231391339,0.9540483256619476,0.24269331655625193,5.175703987464767,5.178464901452162,0.7500047141119537,0.07710791096558017,0.002579254103851777,0.19088386985530953,0.6313676777543461,0.5029800174167304,0.7715327656852935,0.2077431319496442,-0.04767644714114562,0.030760271967221812,0.031194770628932222,0.07012050429890933,0.030951331089364605,0.0520785197256377,-0.045281223064884316,0.8249339252750247,0.9045747230929877,0.04909222633844646,-0.012762681306504297,0.012864672037615748,-0.08082574227341746,0.8352080793575793,0.9044417176348801,0.7132022132926075,0.7296828547974867
2079,0.5896638322059772,0.48054826859739186,-0.07374698028887174,0.8599626330640134,0.10217869495819017,0.4375,0.08498766979623223,0.35273293252357557,0.8055168066728025,0.4358138040278041,4.7692435870112,5.842561043097096,0.42018473255564115,0.5178655233194087,0.5123831181701902,-0.15965409475599882,0.9008122822817064,0.0013107414425647414,1.0,0.07243913470773963,0.3499557481612598,0.8829708128503402,0.38765290716284867,5.632117300361441,5.778420702135211,0.5925646339286519,0.5607836610202146,0.5588615556619483,0.0005651926716492872,0.7614612272622815,-0.0625416841497053,0.2421875,0.09112683914115889,0.14758751182592242,0.9449898638667835,0.31025574657795874,4.748122325393569,3.7303345870487092,0.5575609075848977,0.6013296735648161,0.7159303515083558,-0.004149759221857181,0.6522901077934352,0.09501947579379658,0.171875,0.12451535546901708,0.10528885769219032,0.9779750608132283,0.2436427702822225,4.74741674316095,3.3744711246329993,0.7212600674877299,0.30441320005004024,0.2375405120426839,0.17359069605426986,0.9002719131682738,0.021533657227518172,1.0,0.03285089665415981,0.1553392132328257,0.9803986731002376,0.14346007483276202,5.1754272307553135,3.0767489605787235,0.97367625329734,0.11862972884431994,-0.096469428884584,0.06965733537335721,0.571514455758285,0.16053601903704112,0.710867541509207,0.2019278277926602,0.05983179256016598,0.03284775504246364,-0.0316673498277258,0.07023849301665004,-0.0021357108719416563,0.5630771515981025,0.149325272287224,0.8471706292907963,0.8936841415151582,0.0574265041147361,-0.03763891290131055,0.054717673406190645,-0.03290457118754377,0.8438532259947666,0.9044143534051272,0.8275207311423063,0.8255263019974238
2080,0.6722261962808896,0.4959460189216098,-0.09937165689180885,0.865355578154403,-0.1025178954379388,0.2578125,0.09220311408865249,0.38163396099734487,0.8085217114344285,0.44023408011222104,5.175584568370602,5.911219665440113,0.42476245491323483,0.5241965447416752,0.5201649410020259,-0.23660681250959037,0.8987127026320804,-0.004645913639653028,1.0,0.07414531103835943,0.35499130222479935,0.8841031560037875,0.3858036731554595,5.611649442206055,5.778395072068899,0.5928996683738226,0.6583279890096397,0.6988997334980057,-0.002933798500400116,0.7066755589913806,0.07594566815288446,0.15625,0.13177357704488407,0.28739280373546555,0.90194059641715,0.316490191994106,4.7377669179158755,5.842507760139125,0.655651390562062,0.6667989211347545,0.8984638773319711,0.004131052875662875,0.23914324325567696,0.2320042635707066,0.1484375,0.15827417643019964,0.2042603839228492,0.9676638722382787,0.17482355454680348,4.735979923518876,3.4063741090545823,0.9146427025247132,0.5402279758277974,0.4552661187835493,-0.4150586139331541,0.8864580051457946,0.10280038868872098,1.0,0.07208447629966362,0.2999664296395764,0.8745334124777001,0.35619797193297975,5.476604853310592,5.507675940735821,0.6174082920925378,0.11443285470178659,0.008506096808571634,0.12051846812283881,0.475294597507374,0.36895666187537157,0.7166839944770217,0.02748238365856902,-0.028630136186789692,0.06227084779202737,0.07886354762149674,0.08704164346228456,0.07220905341854854,0.14595248169435177,-0.134937136989394,0.7495024483900377,0.912545745048083,0.03031095447229593,-0.32013938561192234,0.01509216104831838,-0.2383419818937361,0.8541937638148568,0.8937515771942087,0.5718031773285791,0.5444237815162793
2081,0.6129378655225842,0.6140416416889166,-0.009442954628739208,0.7111387718599796,-0.03747237099603517,0.234375,0.10668213346371175,0.3108310190130314,0.8943059440911425,0.3147830287677762,4.7426281007064945,5.842259238934374,0.6782646529774855,0.5416019955461686,0.5115694564546994,-0.1532778626880241,0.9002514935912896,-0.0028247353394935354,1.0,0.07196957847381985,0.3485518967253639,0.8845146505444633,0.38602164384740517,5.614936093601737,5.778415454055421,0.5925236598356736,0.624485446290928,0.7034089733370673,0.0013980866196189596,0.5513147909422469,-0.12074745423010146,0.1953125,0.12290256164175785,0.195471053193762,0.981123157311329,0.19247442118792743,4.742161005239273,3.4090947066368846,0.8969820593423825,0.6370922448611777,0.8438622908822594,0.005507386498798975,0.39603185377687417,-0.5052448527338915,0.1328125,0.15009096861377538,0.15253151036103396,0.9862134128013424,0.16567817632152745,4.741869825731081,3.1137284193236026,0.9405796304530423,0.3784440354496251,0.28730427908583034,-0.33971889838789204,0.9015540815779353,0.013039508318709633,1.0,0.042885235794473626,0.15491195410016176,0.9584266531874526,0.1994004968854687,5.175474983168652,5.176883758367579,0.9029846347081034,0.06632808634914103,-0.03265572448195313,0.002700079762213851,0.7764379455862012,0.40606599457629416,0.8072821102497071,0.23478352530157198,-0.14164995299541905,0.020502220256843496,-0.063086374884336,0.06352300211743173,-0.041553704610686686,0.0346698066497013,0.19254822963466378,0.8224283703391982,0.7845852979919344,0.04014017288560747,-0.021821150712841644,0.0008527673288166376,-0.11603291330782639,0.8446304535256377,0.7657200250013844,0.7381938557257626,0.757695549968652
2082,0.7921791247681206,0.9241511835321475,0.022424356989699253,0.5939464090889259,-0.01551869460188561,0.0546875,0.2170910912887553,0.26905117954039126,0.8598507562568094,0.3359633695145724,4.74485001479013,5.842024936670609,0.597044377517999,0.5269661665309561,0.5104620901394215,-0.1440568085830034,0.8990092054383866,0.007563901602928225,1.0,0.0723517270814469,0.3512070070497757,0.8826927736888209,0.3859491454190976,5.651210159444883,5.778418071428035,0.5937281211488048,0.7596124875560821,0.7855543113994615,-0.001326547120716617,0.665696926848891,-0.02480214071717426,0.1015625,0.1724507469043386,0.141453291421247,0.9482940426609426,0.347788151793364,4.745640329756707,3.8287419628549735,0.5153040581675894,0.6828830287715075,0.7023688562214776,0.004855966111799776,0.5450477790680373,-0.15651057581486708,0.125,0.14574827334495516,0.097933896908475,0.9718350351096319,0.27290859873115636,4.743113509733768,3.613104255355366,0.7118338499978707,0.44529285432538684,0.4927410192057756,0.647622537467166,0.8976696036988377,-0.039669479727643335,1.0,0.06057739790453258,0.16428113650929288,0.9612448286038842,0.23201507492900952,5.175651414987808,5.178412873659522,0.7765784619370514,0.05123224115909227,-0.05036153733892819,0.24602693082377428,0.7428650671976449,0.5468530506471591,0.8160147220195013,0.1432583883109217,-0.27931922285718247,0.018514007477217143,0.050505382844552894,0.07232083386855923,0.06435592716582182,0.22670816825313322,-0.03957118554923924,0.7977103212082916,0.798463202597348,0.032729102030870164,-0.3406556880385199,0.037849652041317655,-0.3561701424306882,0.8102003724253832,0.7969337040791107,0.633944578748182,0.6961640723212886
2083,0.7963346689442923,0.7642797781821165,0.028675067311165713,0.770217076879128,0.21722008296474596,0.1015625,0.16546248125023263,0.34064760277108064,0.8694685931466979,0.4425683842741879,4.767941362722771,5.842052744517435,0.326498927266719,0.5160528680942206,0.5069873758888727,-0.12598200517000926,0.9006204374239366,-0.00017847018677126812,1.0,0.07106835204992824,0.34730063783684806,0.8814590431198006,0.3877031866946109,5.648085731643895,5.778414771811334,0.59144476721784,0.8938856525513409,1.3221416788412215,-0.002064738565194193,0.6425739114501359,0.05078108069328089,0.03125,0.3934459628720097,0.20017090365306558,0.9763051446587989,0.3130522169122932,4.7622643468611425,3.6282604337986233,0.5524597823807688,0.8266522904166452,1.1013761235610615,0.01879478245407004,0.618237874387803,-0.15588004608952374,0.03125,0.2904645266423988,0.19190038758507036,0.9450700539917744,0.3371181506975421,4.76354131149054,3.786390391132029,0.5379466179114789,0.38013621772476053,0.35745657988160096,0.5947635038636212,0.8995492718162424,-0.04551640397224363,1.0,0.04467977791936703,0.1553086947233497,0.9782811253196779,0.1708390397411126,5.17548257396312,5.177158000231916,0.919577626059861,0.07913045385169694,-0.016825110718362783,0.1544574419443591,0.6467425392428467,0.3623274904760438,0.7407272801263598,0.26459939238963803,-0.06284858537531557,0.01501506457830461,-0.058422427426751945,0.11973333963130371,-0.07242299021998483,0.2500975084232661,-0.1389822359144145,0.8698593739752011,0.9606263969546316,0.03350065869540306,0.08552187850298087,0.05615162922300143,-0.0016162571817815614,0.8361664714734405,0.9139150262167631,0.7220423164625155,0.8303409166155378
2084,0.6260547199658262,0.688401635785807,0.009268978115419981,0.5039147893534498,0.20777828669038695,0.2265625,0.11306326186401011,0.24985503707998902,0.9243847764061307,0.24999349761299108,4.734019768445324,5.842429126267617,0.8101903738449803,0.5298493912516025,0.5252357427619413,-0.24362751395325702,0.8996153839601168,0.0021561252031089997,1.0,0.07650356788604337,0.3574022644734031,0.8829444120318668,0.38844993191603727,5.652338767720674,5.7784034039861485,0.5894233109028416,0.7127410473373039,0.8616236047887708,0.0021756463313363974,0.3327256980535697,0.2164354485130045,0.125,0.17237866062173268,0.13513595995971556,0.9791381184650916,0.22306768647493289,4.7341394215615145,3.5771689727025215,0.8034418173151185,0.6422888244868784,0.8588098827585718,0.015089312747460988,0.3031818676033092,0.18231146438090853,0.1328125,0.15386186538770358,0.11243018890957365,0.9869726543233857,0.1930385727697099,4.733705738209215,3.5089284731990307,0.8927390005796794,0.2762595472860255,0.24261756797821407,0.07779524200616651,0.8992964054604102,0.011118165938002335,1.0,0.030279698363198642,0.1554612872707297,0.9857463403429629,0.14854794171224744,5.17544827434516,3.0916172545071436,0.9582068600842673,0.03855944785140496,0.016810745949874736,0.7162886991077612,0.896700817553409,0.7152397654629689,0.884556170914244,0.15228948925955493,-0.1983442077580265,0.005426496256715363,0.07309545116587662,0.04973149337900893,0.027336148422740465,0.19662769780902448,0.024279167781531132,0.934730694464963,0.9376782640842416,0.02819565803791558,-0.10895044626128207,0.01690674805051323,-0.20081602372555254,0.830348422072918,0.9267398047961889,0.789393645208688,0.8167015445013398
2085,0.7091771564215708,0.6375623248367552,-0.03524323543159853,0.8293708417533692,-0.16396553391504945,0.1796875,0.12795823417083327,0.2878505813776055,0.8184743033102122,0.41477320814785285,4.754869789595217,5.842259672760886,0.29936827437043645,0.5143787239630104,0.5036820851292277,-0.11731140326625394,0.8996019850123693,-0.006885794613114557,1.0,0.07082153060710886,0.35096285897396773,0.8822992122197988,0.38714154938522327,5.652315371559594,5.778406659058286,0.5921358585091209,0.7173707371487718,0.8774281576118782,-0.0006815943588647608,0.7292974457132047,-0.21319727411207706,0.078125,0.19416008027541531,0.14505447553941467,0.9692558750850222,0.32578876720010186,4.757032759383766,3.638384919108747,0.4628859571006178,0.7470614546537329,0.916890032190503,0.01775317003694278,0.74024176902506,-0.22884517573682842,0.0703125,0.21121502864789954,0.11914426099429304,0.9618942655413163,0.3335720753440806,4.754493066614828,3.6367841043375573,0.38450226888011874,0.38134442262926455,0.2522375306135897,-0.09684526911456078,0.8994282982208593,0.03058206410135818,1.0,0.03932294373790233,0.15475936155278175,0.9553408419052829,0.18324041111740794,5.175435922900417,3.1146665984399995,0.9345201376713758,0.06816970539643842,-0.10551982644156033,0.3400465380927416,0.5459592214608104,0.441151154922742,0.5903065031666676,0.1238973107538328,0.15028346648513316,0.020200259546897963,-0.06987394025783807,0.08021966661097159,-0.09037415566377077,0.5870194067719703,-0.0681334083168003,0.8891629931113502,0.9074260972098289,0.03228288201821805,0.07855507370562895,0.0649662800794538,0.12933273461343117,0.8325455559673105,0.8812400394400365,0.6447629384143537,0.7232523694406112
2086,1.1711449688344933,2.113849803860077,0.272365157288638,0.01612037044019928,0.7010141762251039,0.015625,0.8772843111495838,0.06064027832880642,-0.00023714867335862403,0.33730970327113546,3.1297503657920007,3.828466248681735,0.5176762958726027,0.5123079152977938,0.5097124490658939,-0.15103837788629876,0.8988346411647676,-0.0012419531623685126,1.0,0.07166978674450891,0.3522141178624836,0.8824865180249897,0.38658305692983624,5.597111316212816,5.778399723603034,0.5941446003920381,1.252151321274917,2.2365278971074467,-0.23876708834788823,0.022772902471507175,0.8587618873133894,0.015625,0.8319401667369722,0.32865382854701375,0.00941108785596259,0.3850033670583932,3.2467976543141184,4.052075162164974,0.42416630833092095,1.1449353141500045,1.9739937123718572,-0.22526564013001352,0.02306198321886597,0.7580777684648319,0.0234375,0.756704234739396,0.38740195928830834,-0.0021398644960581342,0.32199966605366126,3.1748978289213325,3.833281768345814,0.544327802509112,0.509722280836908,0.4359287547074948,-0.3542513615289606,0.9024296961768117,-0.015271096664945432,1.0,0.06592412334942896,0.21073030793176062,0.8596141258441584,0.36144176789442717,5.17570826624258,5.524288295561501,0.654695032494814,0.0076330507402466,0.03474989406022633,0.907987324416667,0.9352370358919398,0.832352711678992,0.9061773941845446,0.0029041666268589065,-0.03748830513467551,0.014786634808246798,0.024503914079071532,0.0032498880426683687,0.039123414214237935,0.3394019519479871,-0.07684784317252101,0.7942498405784801,0.877180624523211,0.007997549719048978,-0.06804135012217939,0.0022563560905298715,-0.04455374719538342,0.45326555353033343,0.9912691225992564,0.22292632803819898,0.15290517587189814
2087,0.6583550115691164,0.6308468847564058,-0.021870104311261122,0.7684413674059987,0.09788037667471852,0.15625,0.12037883117712633,0.293435468611713,0.82080201664338,0.37159497976875877,4.838227019452149,5.8340349610631215,0.5430522401841481,0.5159746150729557,0.5168038079501793,-0.19375455836988265,0.9005842618642783,-0.0014835943872188598,1.0,0.07349123093660974,0.3512680440687277,0.8817964124050929,0.3870830656697992,5.6268176145859155,5.778397343175994,0.5933254448680755,0.6675200086782426,0.4606571091775528,0.04263805734284411,0.8665425603956798,0.002561130638974593,0.9765625,0.08072740874093393,0.5312051759392071,0.7380160995221251,0.45209916849820625,5.870124840127814,5.834041562564482,0.465803440522236,0.6254988372652222,0.6705848113527099,0.010198629159592137,0.639377380800663,0.2754439050876866,0.171875,0.12164361817497311,0.18008972441785942,0.9404003924688313,0.33437763164464723,4.837582766607485,4.916010156042211,0.6268108024680544,0.38508042333209164,0.26986798275247365,-0.19076962100564376,0.9009620676173815,0.008322027302013082,1.0,0.04008616267237935,0.15561387981810967,0.966068080560751,0.2040938273665065,5.175537644588031,5.178015737986529,0.8643173548558053,0.10217147650739959,0.018799987999235747,0.002121375644995502,0.7934596173183981,0.7511954909804258,0.9742771964396214,0.25933573307997565,-0.16388372035446278,0.1191585327390681,0.015123418716746708,0.13710128554472217,0.024220991735964755,0.01813807657772822,0.1481803808315797,0.42347672445263523,0.8790857082629314,0.229050648971002,-0.1991742415604873,0.01759068616598666,-0.15770706114820782,0.8439734213667447,0.9008303852733736,0.8545865063432629,0.8089890693060852
2088,0.7758407590071592,0.7430313783214058,-0.030295323990649034,0.8269536550474212,0.16994321471594293,0.078125,0.16413126766302777,0.3064058351390118,0.8705328159636709,0.3864702174703381,4.834608993379519,5.834422161951301,0.47443393816926005,0.5299201889853268,0.5167528793514062,-0.19518716025374797,0.9002380226177609,0.0008879478767951995,1.0,0.07438519685393866,0.34882656331064793,0.8801602182180859,0.3893319438991133,5.635787587457403,5.778397569059114,0.5903263430449364,0.5565379306658106,0.4316234757551407,-0.08770825908977556,0.8953366183336627,0.015350940641631092,1.0,0.07186854634756736,0.6107669301431318,0.8291680227668194,0.4104485048365743,5.8748136834250895,5.834347914920233,0.5923387110214833,0.7587704954646547,0.8782089268383674,0.007748473997922199,0.7001616668718855,0.10662172836507038,0.09375,0.199607886556294,0.21887874996185186,0.9502191420248871,0.29956300359538574,4.831854919189652,5.582688848003818,0.6633502109785121,0.3768533339824223,0.26803425750612975,-0.28401387409804973,0.8994762027765425,-0.0024211368370898596,1.0,0.04112249009732837,0.15527817621387371,0.9640510992220038,0.20125404441952727,5.175513139944819,5.177895870305611,0.8799423912401195,0.10739530609549451,-0.00011137635368484706,0.17448399397890021,0.9304484436727051,0.7468778435194057,0.9921882039404862,0.27776387284449117,0.04819425332009426,0.13423685350961598,-0.07252696827417321,0.13991148310032955,0.007010841445784032,0.02763788251928175,-0.10283955999402389,0.23293823499450453,0.9227130434037131,0.2722360728906182,0.011592522996574019,0.0088504158053609,0.054497232035452405,0.8435877613113156,0.8824199672206781,0.8730945575689559,0.8252576461041532
2089,0.5916782805034022,0.4648267289377006,-0.07943886209449805,0.8893977583573831,0.01328317642118239,0.65625,0.07969644896831149,0.3411969359416486,0.8413854061203002,0.4144924618687677,5.174961711163242,5.8411308026333835,0.4184523826021437,0.5417154802845026,0.5191030743969187,-0.19416854252195448,0.8988859571164268,-0.0013550296057307275,1.0,0.07446804822073788,0.35496078371532336,0.8819066858638565,0.38844633055511546,5.644431727072702,5.778410948223796,0.5909570789263718,0.5404765696062954,0.42279071044796007,0.02568451160305293,0.8982600617397432,-0.010978306324073112,1.0,0.06826097322156033,0.6022522659993286,0.8427115239418426,0.4065096933117705,5.874814635617578,5.833818854944743,0.5929632669046858,0.6057878575662901,0.500892337198021,0.014439711714491805,0.8834396100756325,-0.005962267975824935,0.2734375,0.0890392894672118,0.1889400921658986,0.9103967017129424,0.30400985099869915,4.83739634040504,5.833709824632141,0.6849211862282645,0.4017683119975511,0.3663966550205454,-0.5212411978709677,0.8965793995078515,-0.005592175419256894,1.0,0.048790250150742925,0.16473891415143285,0.9591020103300274,0.22788648751640872,5.1756277733475535,5.178374255143747,0.7932836811925621,0.14669357156453874,-0.09608381474416833,0.3049257472809436,0.8112345613533096,0.5281135237919202,0.9705041473369646,0.3833281186747381,-0.028490235545493542,0.14508068509232716,-0.1459773956232783,0.2045584168119803,-0.10500772010456907,0.27770727926332484,0.08656775666712506,0.29725262516859113,0.8587441383892273,0.26504929242936703,-0.03953877958116821,0.05774572278898385,-0.04942155455663784,0.8605489696422535,0.8911745872740473,0.8608635891590108,0.8460440523146352
2090,0.6807165567697427,0.5417432447004602,-0.054149387864454016,0.8751376465490969,-0.004776920934666738,0.234375,0.10259906466805954,0.34098330637531665,0.8327109461885571,0.4151131532305388,4.845704930479755,5.83423218137747,0.3735208223409202,0.5379662640932651,0.5146993967217316,-0.18271052174786423,0.9011709071758938,-9.73912001054741e-06,1.0,0.07342359700835863,0.35019989623706776,0.8837248205526426,0.3858003938500605,5.6523284824907405,5.7784108158339595,0.592798617932792,0.687916958205995,0.6570708659612933,0.02103045330406511,0.802509010080616,0.008937833871574994,0.1171875,0.1333154489386403,0.3520004882961516,0.8873829815321149,0.3473211976461832,4.839449676334353,5.833985757084546,0.5077955261062206,0.691303323041686,0.7443659095131624,0.005841856318654827,0.6981689147013391,0.021038784948606136,0.125,0.14944119466062966,0.130283516953032,0.9776952796087096,0.26401701144007234,4.837635946350733,3.414920288883333,0.6544344123767267,0.43050844093713897,0.358271824412977,-0.3420112979465724,0.9072746784077975,-0.0014251565300877644,1.0,0.050759164266495425,0.18173772392956328,0.9513769467142995,0.24113196607760057,5.17569100678073,5.178447159884783,0.7526589058133839,0.13468110441908449,-0.1653397531691651,0.3329833878872361,0.9397992088365763,0.6416695061644433,0.9726723176179941,0.3382121259322279,-0.16873361669616516,0.0733240365719904,-0.12968983251354924,0.09828076891524783,-0.1569552872684757,0.21912760953464935,0.08834314969010389,0.8141039044020935,0.985794880387873,0.13163334756479741,-0.2157275512998886,0.022631176628964817,-0.2032680223707225,0.8544252768269247,0.9728454833153621,0.7983904952944695,0.7590509886187586
2091,0.7217215243293077,0.6078662432921331,-0.05713521786029067,0.8131448768492966,-0.03950212565136588,0.203125,0.12174202648585429,0.34461500900296027,0.7883548925927356,0.5056290292788058,4.882213688263751,5.8348093437310125,0.2734949939967861,0.5274382355678767,0.5142700815932455,-0.1851995070378526,0.9009678962191386,0.0032429207971608367,1.0,0.0726669215052803,0.3465071565904721,0.8830565369290035,0.3861282886709213,5.633258745687131,5.7783947528793105,0.5917304262033407,0.6386304471083496,0.49967331079438737,-0.039929305015057356,0.8673832104330818,-0.03792816333135166,0.421875,0.09440601751340119,0.554826502273629,0.7852305356959782,0.46803474004541074,5.873644415947125,5.833150125936829,0.4671226404716959,0.7320607034443889,0.7844226356598771,-0.007253398007331945,0.570072228564014,0.2515389497669074,0.125,0.16342550485720275,0.250099185155797,0.9170866801541286,0.4644182894269705,4.860441962591694,5.749285127026272,0.25551115306387484,0.4103518187109205,0.3228436645208088,0.2152451139182375,0.9059139055008497,-0.02491678111589216,1.0,0.04443407277536296,0.15930661946470534,0.951950937872478,0.23430962267286515,5.175621136183429,5.178339553414234,0.7908914843137874,0.13058123213398873,0.03237370936830098,0.04808071459413256,0.9675007709962985,0.6351848240542753,0.9871910629519675,0.3429418860483104,-0.10418012813223469,0.12626674197048507,0.0101566249475924,0.1716723385320425,0.0312970192067272,0.14001572153760944,-0.02909990771677083,0.49201271721620526,0.9597427031070281,0.22571163187113605,-0.1032237254373931,0.03142709895720944,-0.06831478993803984,0.8365119802014024,0.9147691875859323,0.8167713249002473,0.7525804472727012
2092,0.5686607596137656,0.46178483758827055,-0.07179293891676482,0.8485973528956913,0.055232147501619866,0.9453125,0.0780315904842298,0.3171788689840388,0.7521514865190966,0.46083935667211157,4.87045886388741,5.835078393415085,0.3765782361180132,0.5278313163834788,0.5179438465803825,-0.19376035803705519,0.8988498057309064,-0.0016842440622815758,1.0,0.07381494798663238,0.35157322916348765,0.8832229938691751,0.38690974948556717,5.644656254132398,5.778406663107169,0.5914923092342197,0.5301685837583948,0.44300268037232227,0.026608156009821287,0.8822557912831064,0.09962661988580167,1.0,0.07495840271379725,0.554795983764153,0.7563900749841045,0.43876611374126406,5.874688862221218,5.834912980106546,0.5189248320710738,0.6184717495076741,0.5192119072005984,0.009873242464661782,0.7378280352773879,0.08161761479667284,0.453125,0.09013956765415901,0.18094424268318735,0.9050181800391724,0.3649285085839493,4.827155680974526,5.834311031148951,0.5534456277662205,0.39007913747506445,0.3189667844230391,0.2729566888060441,0.9002994304243079,-0.00209369592399123,1.0,0.04384528326600376,0.15897091586046938,0.9535465364319882,0.22545904495906513,5.175578045240042,5.1782101383900985,0.8227947869788722,0.13704229933465237,0.07647823122480323,0.15488478910264442,0.7101893072719795,0.5856823507011506,0.882374855727298,0.3630140802039631,0.1602576323012865,0.13603074673364265,0.042886153214988364,0.17052690802262713,0.06321752593732927,0.12257789229817766,-0.13553086630357034,0.4240649334741621,0.8972513525192776,0.23343610830032527,0.05909598485586359,0.03079077522461647,0.12512525809937292,0.8450974163895375,0.9010497983745434,0.8313020432411572,0.7875973249835645
2093,0.6016175463248546,0.47565753063959787,-0.09440669419421892,0.8734297381097047,0.07071270542975244,1.0,0.0843738635268067,0.3661610766930143,0.8581240667212289,0.4657253207105195,5.175513907630268,5.883782608636783,0.3594575328868458,0.52914905943265,0.5151415471976801,-0.16840337925415294,0.8986327112804527,-0.00451754660354803,1.0,0.0733391399181622,0.35163426618243965,0.882871177394707,0.3872472195826653,5.652313629291969,5.778405346671537,0.592343826458797,0.5209445436031147,0.41683386735974604,-0.029990507552828973,0.8946303798371852,-0.008090834969649631,1.0,0.06683025413120554,0.6473586230048525,0.8162100614348462,0.41506883179861026,5.874822228844835,5.832110550212034,0.6089183553672515,0.6510325444507713,0.5537890049876052,-0.015271946933289624,0.789819093035379,0.04221911186996381,0.296875,0.09735475054753198,0.2489700003051851,0.9107971341860702,0.4278187234845383,4.8702158959836765,5.832497513535855,0.3561738456224597,0.3564073308079649,0.2755281137817289,0.06948366334664223,0.8990234169200212,-0.019867935747365728,1.0,0.03767898817008668,0.15515610217596973,0.9621600061208687,0.19304176983503613,5.17547999804793,5.1770624994871435,0.9049643519592608,0.15475604113622912,-0.05055111441663518,0.3927562970682622,0.5917051550213225,0.46562249727517147,0.9842756667996239,0.413025024239985,-0.06683905628919716,0.1399771094412127,-0.0029700659572227234,0.22319618813042189,-0.03315318219289879,0.1194953463518424,-0.043851148008729135,0.26592748211691225,0.6417448722148434,0.2596178292481044,-0.09479302073893027,0.05096865240866078,-0.04830621441310447,0.8543466730888972,0.8741687975914166,0.8661612783057524,0.8325198052184988
2094,0.6861424517458439,0.5341918525824683,-0.050402672832463344,0.7870007495618659,-0.06143905468498709,0.3828125,0.0985598001084328,0.30069887386700034,0.8367361108187075,0.4796916291101025,4.870005785086201,5.833172672588665,0.24486851673851212,0.5302468322181303,0.5185511301438018,-0.19553496096709286,0.8978636740300233,0.00232106767680448,1.0,0.07450519269016369,0.35096285897396773,0.8820438739758949,0.3874013006174682,5.626918000178925,5.778414376348025,0.5906095784063159,0.650496211837891,0.5074395434445863,0.02815601206158664,0.8279380635416277,-0.11602080003619988,0.421875,0.0937474266732789,0.4637897885067293,0.8182172169939879,0.4667767980937352,5.173557890612837,5.832631306389737,0.3413517831865901,0.6550368724274461,0.6215244191144498,0.005344279519349766,0.6264886089611313,-0.2702532000589024,0.2734375,0.11391231131556663,0.14835047456282235,0.9658822915416719,0.39920619511097255,4.860919548874386,3.8825229825318783,0.2823852693149556,0.3939717154866318,0.2928458018826012,-0.3455273470274204,0.8997174445556523,-0.003216866179800616,1.0,0.042347878883190936,0.15460676900540177,0.9668361688033713,0.18171771612707438,5.175467793286169,5.069787765192357,0.9211065319173445,0.12426787140096715,0.0683860795343153,0.16805232722420455,0.938208228973615,0.7394639418961111,0.9877875538673162,0.31226350731443697,0.1800262339205898,0.11203264826548817,0.03470656083753656,0.10117837114549581,0.07076378221950928,0.27106155391403525,0.08801203653622991,0.6180782082145768,0.9596998275464376,0.19834537223594353,0.18607556689220275,0.043910500422427695,0.19556414259873878,0.8333215737507635,0.9520184646675687,0.8416043096070874,0.7465485598472279
2095,0.699116142830129,0.5964531693630084,-0.04593389050270653,0.8820457246409876,-0.2285549606627819,0.1484375,0.11707129920516844,0.32715842158268993,0.8053842610165307,0.4636237678413521,4.866061633595275,5.833356308417392,0.2979646416097037,0.5142068019443977,0.516820359188497,-0.17850125077605777,0.9000347873874811,0.007473069694374244,1.0,0.07366394438264182,0.3527024140140996,0.8837511230615948,0.38595949982942274,5.646825461830263,5.778417451289524,0.5932439009431254,0.6272277290754785,0.45486421804013794,0.018116666542779027,0.9035244091278273,-0.06322927928010569,1.0,0.08020836894056331,0.5812555314798425,0.7731678890669211,0.43253921937424794,5.874778892572687,5.832798885213391,0.5490278735972177,0.7232127733310614,0.6969207760368293,0.0019031504992051097,0.738514547643679,-0.0654558781098333,0.125,0.1435535541582387,0.22467726676229133,0.9225366283561885,0.41362674161688145,4.855781646533908,5.832902383561078,0.26995056182163735,0.5266804700317546,0.44051137639301474,0.4186386905559254,0.9023389527386961,0.1116289216010859,1.0,0.06955329047667852,0.20941801202429272,0.834278385583765,0.4009178388183287,5.175821230491294,5.440059198295738,0.574325654133939,0.12815108945225342,0.08723005390204945,0.3691813973994907,0.607805099000064,0.6438640900551786,0.934070689978029,0.016409119355405198,-0.4695536289796478,0.1389263956448459,-0.05669338712023028,0.18259817501779166,0.054821139106922365,0.6172148646695446,-0.018081827027274497,0.16676165624333056,0.7097216415299626,0.022798998735815618,-0.3347412137850985,0.1264269469151976,-0.4977382926053628,0.8487457964679609,0.6950837532859787,0.6910680874838608,0.6177538606161991
2096,0.5553997998759775,0.49199521020749026,-0.0499436265856415,0.8619566025034264,-0.0328573807049205,0.4921875,0.08379973448342648,0.3351847895748772,0.9466480362798122,0.35042355217338045,4.781025498731068,5.83937323499239,0.642232357805604,0.5258282017364554,0.5202748947097164,-0.19658500475512783,0.8988580226082534,-0.0004491940003335863,1.0,0.07503534243805043,0.3465071565904721,0.8830881791134383,0.38760888684080225,5.607288032363519,5.778396982286315,0.5912403442103444,0.514493821396435,0.6108296533962817,-0.0023400666264648735,0.601946042297691,-0.5061439496256708,0.3359375,0.08534787954563351,0.228308969389935,0.9917917351845896,0.14752020162940901,4.778875535051687,3.0795532614058114,0.9525406148755797,0.5042393008075174,0.6280112177333682,0.0006816356332168088,0.5885594092911429,-0.520529883624926,0.328125,0.08529449401727789,0.15155491805780205,0.9938416614199146,0.13279242271006647,4.778831964051372,3.0078864219898875,0.9737033889027512,0.5013469798687117,0.4433304394406937,0.16724026596917854,0.9010996490947087,0.00250082032181403,1.0,0.0679668281915263,0.30072939237647633,0.8711014607557845,0.3611795132788219,5.4766706904031395,5.510626981005735,0.61148999053106,0.13600501426487635,0.005019640077732187,0.19613948688081176,0.9676744083694488,0.2620157431716866,0.9601343068553885,0.04060874696939104,-0.002149732055273948,0.03348696700502859,-0.013159859163356595,0.06402662337510855,-0.0047438260198949984,0.19706504520661935,-0.01645284993573744,0.9436568319340686,0.9980931518237456,0.0011085017403214725,0.004404149204066652,0.007027812031349973,0.007005058116139841,0.842337265272558,0.9938685889205741,0.5813125218626043,0.5673090361037755
2097,0.526610020503645,0.4527406251094067,-0.020840948752276538,0.8055949889438948,-0.07410044761490549,0.6171875,0.07335549778661321,0.2564775536362804,0.9657447155698684,0.2902448565217476,4.779979656787896,5.839095618926647,0.7297567830316662,0.5389906735419985,0.5141799650141389,-0.17806813663430407,0.8991758395986814,0.0013467585039764216,1.0,0.07328104530157521,0.34867397076326795,0.8830873498591172,0.3872671387679612,5.634035823509228,5.778406954288485,0.5923562198720744,0.5492680267688858,0.46827146000495945,-0.039619425404878054,0.8183640761707148,-0.08389587326407141,0.6328125,0.07827431531184069,0.40391247291482285,0.9413334585077843,0.3103141279960317,4.780607943465945,5.839201025587487,0.7494429120342354,0.4843319507592567,0.4845845252909287,0.007309901899202442,0.547138647249286,0.3735677864475966,0.5234375,0.0720944315221057,0.19989623706778162,0.9896924034597995,0.14983680717961748,4.778714740085364,3.0707296721952,0.9496883087023607,0.32475556717083376,0.17400820542634854,-0.2505765858139537,0.9005101486470666,-0.02950154967817331,1.0,0.030458877805198077,0.15561387981810967,0.9753327172146913,0.15696764336082888,5.175435063506361,3.091216968333232,0.95874033530091,0.07314008424669823,0.016536807151950828,0.33983255719306593,0.9672472083831625,0.6832178724509241,0.9920967108967786,0.21324917941214547,0.3591994963249428,0.09653417015913428,0.0011564500637125479,0.10803110135204853,0.010455340959303618,0.4913688326053739,-0.07798861170871751,0.7106270704076539,0.9813696614242977,0.08267568435105367,0.2514154455705235,0.06918115599493012,0.32372264008719676,0.8612610528801659,0.9695166220252339,0.8753653999569605,0.8766200039103174
2098,0.608692820121311,0.5105761560019088,-0.030718726271516332,0.8520083183462085,-0.029920441046778812,0.3515625,0.09127908070460185,0.3177892391735588,0.9493346227824206,0.34655259569876273,4.7827526636522055,5.839236648259914,0.5561333842316104,0.52777757754627,0.5179951742590682,-0.19766020866096531,0.899082069431587,0.003872154829741108,1.0,0.07461687906612542,0.3518173772392956,0.881292706494841,0.3888337742859189,5.652324505355366,5.778416032709241,0.5907789761852063,0.573107881066052,0.5510676677463229,-0.0009050055721252344,0.759037703918002,-0.04063837148277832,0.3125,0.09122552977051472,0.3075350199896237,0.9667709103797179,0.23774479003587598,4.780370752675208,5.838995208644581,0.8038533697658958,0.5488271653264046,0.6166601024023922,0.0017113349766482296,0.6277559532125763,-0.2524674747463698,0.2265625,0.09759665848089687,0.11496322519608142,0.9852672074163928,0.15926311156592515,4.7799054827155985,3.099785794528144,0.9562555399216597,0.4317788073284522,0.412555533578414,0.5716013824781532,0.8995300540309317,-0.026446417416290734,1.0,0.05281724829692161,0.16080202642902922,0.9626594604754408,0.21119010906766328,5.175540954817029,5.178067799965012,0.8544637104369618,0.10137197448339733,-0.03840753540826905,0.29446688453675124,0.8727505870982243,0.4681187998898711,0.9166088184939274,0.34825554235806233,-0.06385715107420585,0.06805041260163291,0.03662440599551179,0.10512571532957045,0.0230124748762792,0.06308959156950443,0.00763502601927233,0.8337573967565158,0.9926130026073688,0.10294051021816542,-0.0804345063519337,0.008046954733176681,-0.06497650230915278,0.8623674021043043,0.9783193361885367,0.8286420994179463,0.823285001339974
2099,0.6008402265472031,0.4841067001773044,-0.009958243252953088,0.8705222959494666,-0.0011749653649601715,0.609375,0.08520444858091047,0.3441572313608203,0.9235384600763968,0.3830516993492323,5.174069993017423,5.838802130059866,0.552277617988148,0.5305265179469693,0.516087793921231,-0.1935365575252318,0.9001537933771333,-0.0076387126885929454,1.0,0.07466085634908981,0.3469649342326121,0.8807977024001941,0.38920842800695615,5.65230755651697,5.778418952127653,0.5899199472956332,0.5798586850219004,0.48723591165465624,0.013044283363327708,0.83113816918465,-0.06771366438907368,0.4375,0.08353537851374102,0.29425946836756495,0.9345145506615969,0.284168184004498,4.786267701950383,5.83854334284054,0.7685712776455951,0.5370689538468914,0.5469469802757102,0.010025456843612798,0.7222564554156534,-0.22203874906259963,0.25,0.08833648001102512,0.11606189153721733,0.9634067570145679,0.17783945506990032,4.785443123772971,3.1365792296290924,0.9153295555547762,0.2912358132452869,0.23723708610284044,0.2583685114797121,0.8999527484946707,-0.01292601656270292,1.0,0.03214502844361785,0.15567491683706167,0.9819170290507289,0.15408847520233848,5.17545086722362,3.0973291893562505,0.9521993890803817,0.1889092736188755,-0.13661868082375303,0.14876271720202663,0.9541361883394274,0.4363673956963763,0.9760163554236754,0.3578648852008784,0.06499910888483779,0.0736872954776364,-0.09381882834749312,0.10607774051951155,-0.10641445819148856,0.02160646944095844,0.09182058271022471,0.8132377325397464,0.9819931397732188,0.15246993160946712,0.0421696142967022,0.0031504244902588845,0.04437870811370598,0.859195449883106,0.9712620461893856,0.8981154126586478,0.8740023455433781
2100,0.659497083886862,0.5225111028763442,-0.041785035216269216,0.8407019585272547,-0.06106972067416329,0.265625,0.09506637529399775,0.2991119113742485,0.9081898457301691,0.3894911850850225,4.7898287810870706,5.839165817112958,0.5238758995262026,0.5123277538541486,0.5143838310290283,-0.18319222122797282,0.9009689479146135,0.0015330439392195385,1.0,0.07308290299936179,0.347758415478988,0.8827733562372958,0.38610318217725353,5.600288363680429,5.7784012812188825,0.5927621065439153,0.6288616420011545,0.5574109611406415,0.01977453133931211,0.8401154089365995,-0.05481419088358693,0.25,0.10240828209769437,0.33964049195837276,0.8831260507783543,0.35729406111817197,4.789443308653411,5.83896415112343,0.6174008600925538,0.629365976010881,0.5908677875481388,-0.004361777535167225,0.73843124631275,-0.18595244808514946,0.2265625,0.10711512395267518,0.11865596484267708,0.9519783603963403,0.27366070753673905,4.787500191639857,3.8604751760178426,0.7235252716211278,0.4526408511811772,0.36018318054755283,0.03491223792242906,0.9031203136264309,-0.020768322292640907,1.0,0.05241556039331467,0.24762718588824123,0.8988831100973165,0.33177867961880536,5.176030997222002,5.183682761671586,0.6539701504512564,0.14320485574276867,0.06878450358505814,0.4057392713334128,0.9787146599920115,0.6561053049236049,0.9875837951240704,0.2452356413916143,-0.0004406483565712311,0.09516199549672168,0.08501920081581563,0.11336406138840027,0.06752147522294828,0.029277609311620933,-0.0937123851003166,0.7825477325081426,0.9850225646807504,0.11084243683245026,0.014859270190504236,0.02824880253374727,-0.017538730830724956,0.8528011970253924,0.9701619582067363,0.7108576776646632,0.6713797552146958
2101,0.6773462843886224,0.5124349852665417,-0.06551921779721523,0.8407810486986331,-0.059221322693401704,0.328125,0.09359047333103121,0.3067720572527238,0.7625833608594815,0.48184059788329675,4.829218708470841,5.837225937881556,0.24441740596321387,0.5134637449077186,0.5175468166013684,-0.19229451157210203,0.9013784525146895,0.006723368470166788,1.0,0.0738513185408198,0.35047456282235173,0.8838516263994767,0.3855177884641193,5.6514667241934395,5.778410214287865,0.5946539257585148,0.7092113290059464,0.5851593451463641,0.005663365888076651,0.8095248943586654,-0.049108677016509075,0.1953125,0.11464760419010067,0.3302102725302896,0.8625656238045332,0.4504721584154469,4.8238282586985886,5.837122160297697,0.27802901442257066,0.7550657934106175,0.644823933634221,0.007487735328994572,0.7271325500573417,-0.23807773218519276,0.15625,0.12589114338555818,0.13040559099093602,0.9390960640012482,0.39874537854594744,4.819702633913813,3.914846817194069,0.29739679131919666,0.313155390647553,0.19592490603111556,-0.2275942474853447,0.9008535483980618,-0.015087871641591389,1.0,0.03140620926420292,0.15625476851710562,0.9728370664130767,0.15693708193437006,5.175430472251899,3.0889843572676883,0.9609401123664321,0.15820263507470483,0.15658448227349128,0.42027673016667766,0.952226179907387,0.6789733568691373,0.9795638496397597,0.16070106318819,-0.08162595506699533,0.0832026783066648,0.18969906486726928,0.10697738721530856,0.1567302662617844,0.46605548847167216,-0.08703840488422389,0.7983262963011938,0.9803869001598013,0.07252029149618865,-0.09806579931906198,0.06846038986840289,-0.09902064295459351,0.839550885341343,0.972236839002316,0.8179753166698606,0.7879128955755571
2102,0.7091693912802782,0.609681758872181,-0.006065388334935814,0.7419420446663012,-0.018123993082680975,0.2265625,0.11423501934256522,0.29007843256935334,0.7825184944460302,0.4689887509516581,4.815530684414993,5.838449910179353,0.2427783558740778,0.5393333639228586,0.5182729770654843,-0.18851182273967707,0.8990204715325707,-0.005099597671937918,1.0,0.07482997657737732,0.34931485946226387,0.8837067885147609,0.3857591157374771,5.6523070003435345,5.778403933689624,0.5923776319465832,0.6777100358604778,0.6705324944339425,0.015980182692303557,0.6111863139881197,-0.1679313401931319,0.203125,0.1223874591880495,0.23746452223273415,0.9042756510817902,0.4156510299683361,4.811590009329117,5.590331233433964,0.30458087868628114,0.6858665155797892,0.7047649511797306,0.000415868909714292,0.5634417394093871,-0.27759300737238574,0.171875,0.13113091498649745,0.1216772972808008,0.9579753875824851,0.39520063418832774,4.810913521805725,3.866792552572981,0.32585404984300165,0.44549541534261033,0.3550826458117777,-0.053955388360398066,0.9010187377856161,0.029730886072326674,1.0,0.05142287205238866,0.16498306222724082,0.9224926001668357,0.25372319715271235,5.1754988823007615,5.399111508655625,0.8380369922000213,0.09726955116297732,0.057893486074428194,0.9141126396705905,0.9962548591744258,0.8508036387684595,0.9929856510630308,0.21038469446598845,0.06940731414153013,0.03470876468090723,0.04611913022288331,0.07609800144694474,0.0434046132017342,0.00971676006993077,-0.2403679649877404,0.9234162064452294,0.9984338849958476,0.05232028069077454,0.08077786766836212,0.01552574459244018,0.07433599114976618,0.8147934833818132,0.9932483304468805,0.632977095597391,0.5920444754104622
2103,0.5244689456425282,0.4439885613328024,-0.03635553182703055,0.834673302951599,0.13845359395465068,0.609375,0.07407814267924075,0.27665028839991457,0.8838122043113423,0.32616823719225035,4.794643642035981,5.837999070294759,0.6379386926214357,0.5267858609573403,0.5194821119731408,-0.1927349999414606,0.89993234623794,-0.00465028855902529,1.0,0.07468834884130818,0.35239722891933956,0.8817986627061216,0.38756229465351055,5.65226373428158,5.778403868128985,0.5919826196727707,0.5021995859345851,0.4279537148203235,-0.002849479702433768,0.7385293615156334,0.1366403473900943,0.5234375,0.067847290030683,0.17145298623615224,0.9527132739902608,0.20927609925457719,4.793599886458406,5.8376484332472,0.8753567583446661,0.4643644077659706,0.4158719235230721,0.0013351354698700494,0.7263646667347535,0.13125461461687635,0.484375,0.0639420011206892,0.09472945341349528,0.9733813997816609,0.17674058665636808,4.793405596736109,3.120898012456236,0.9320374986326726,0.4846545942139615,0.4647967493218318,0.5789341093318106,0.9027068403997465,-0.032380295012570934,1.0,0.06279506635735549,0.17142246772667624,0.9321152019897404,0.28083570674500385,5.175701272509703,5.1789720003155475,0.7152214289231468,0.08026413112227598,-0.053186305520639354,0.8819239206116488,0.9941118906508916,0.8116425859097312,0.991460695273968,0.23922567732537245,-0.21707587012558155,0.04154176787480113,-0.063401831965145,0.10263981343671255,-0.064382180722465,0.04818776313491115,0.031656239981899814,0.9101957240836496,0.9983675958686566,0.0693307212881429,-0.24175147435032088,0.01476302768983881,-0.2355365911957875,0.8522017609873487,0.9907492500833442,0.7483130958997058,0.7562120290314026
2104,0.6113662483652269,0.521678933818634,-0.0050798757800969525,0.822671150834493,-0.24825946709607447,0.328125,0.09280080866826676,0.3282265694143498,0.8089039122966056,0.4278111689389975,4.8157430993118595,5.8372298790829324,0.341100213306052,0.5282358916478286,0.5160848367454275,-0.18787803009670165,0.9009830335020961,-0.0065752736656092,1.0,0.07390125085619384,0.3458662678914762,0.8829649321816104,0.3890820288500637,5.6444066549047225,5.778411516581488,0.5877342182238068,0.5985900285379715,0.5900766751400195,0.0061426431813688806,0.6181232138957841,-0.246393880175175,0.2578125,0.09834500546997207,0.31250953703421125,0.9317888600349218,0.347855435601032,4.811284143198229,5.836965053359431,0.46535475794075176,0.6024805990438002,0.6111044279959508,-8.142015928664726e-05,0.5355394658623264,-0.06602188157799092,0.2421875,0.10212434306098225,0.19309060945463424,0.9480364002158532,0.3181077298373721,4.8106899370489185,3.6228726243721767,0.5091693294931491,0.3253133791479267,0.22548367430649244,0.24776241189378215,0.8990929986720347,-0.02462871503718371,1.0,0.03510257783967237,0.1554002502517777,0.9734261856256092,0.15344223076755123,5.175425712603987,3.084808783671143,0.9654863620915589,0.07101824704148574,0.013394487996367551,0.8497663574817341,0.9937117878420179,0.7648016877397152,0.9845837554939351,0.2649485460349357,0.17228144815801213,0.04794770470261099,0.023109575620241404,0.11685518877819623,0.018234299231605435,0.4014800956911618,-0.07205498848582625,0.8949954192204799,0.9957646289778367,0.059251157218534245,0.20659085607479427,0.0699367576908311,0.21199460828381161,0.8489458920255714,0.9859031767994011,0.8113195246638532,0.8299391131719298
2105,0.6622094004672257,0.6191485132044734,0.017797724860194306,0.8195307596463653,-0.009439461323691948,0.140625,0.1247899369327286,0.304635761589404,0.8064319541735794,0.42197413324300287,4.8119625505376185,5.837362203250898,0.3636452482042952,0.5310071504301402,0.5138400601254323,-0.17614509232198633,0.8986670869912675,0.00540646052722612,1.0,0.07356334058377512,0.3485824152348399,0.881799395414212,0.38971937230284487,5.652322193621713,5.77842262133866,0.5896725723196143,0.6715478509948599,0.7281525598396971,0.0040645360376383504,0.771944326416027,-0.03765757502604322,0.1171875,0.14844861337398427,0.239143040253914,0.9267742645782879,0.35221273343196213,4.808388376869906,5.837177075681315,0.4909064449464316,0.6622900292404151,0.782905430075414,-0.003579296991083383,0.7515362713947346,-0.05586496762560565,0.1015625,0.16183339307415068,0.13235877559739984,0.9513180456910095,0.32548568472534567,4.807705737059656,3.662052437917837,0.5327662276911909,0.2677884185619827,0.1774050885618238,-0.13770626875889158,0.9000057452232774,-0.025903359893291737,1.0,0.027952160468242705,0.15567491683706167,0.9806658336441896,0.1438491868024897,5.175426505373326,3.0780373639560006,0.9724118784458192,0.08616219379176963,-0.03242370241145153,0.8766566027339361,0.995921244807957,0.7953091532505697,0.9929270762239052,0.3346818444737599,0.01760188215249309,0.03869219997871013,-0.03860689226662309,0.10492757765806791,-0.04061177417921695,0.08266042576089011,0.0027722802960929867,0.9054717234897158,0.998851446476551,0.09575019219622548,0.010915840649583845,0.017461953584594046,0.012558416301330618,0.8436816673719837,0.9890481475773255,0.8440364669191838,0.8398751381859407
2106,0.730006593814714,0.6491046232048319,-0.03278568403383287,0.7794127083475676,-0.016396618515457803,0.078125,0.13398653501603774,0.33298745689260534,0.7798000601225338,0.42901806508566886,4.817698279133476,5.837073638619465,0.277595893686263,0.5277401410246163,0.5154224848997492,-0.17345467789885374,0.8995851112025895,-0.0020977639379366054,1.0,0.07352410349344708,0.35236671040986356,0.8822741937357133,0.38708649739913537,5.652308227153206,5.778413536435601,0.5925556531603614,0.7836828636977938,0.8132530056005534,0.015484123557082027,0.5282620469634287,-0.057889282676271615,0.0703125,0.17501286450953624,0.3422040467543565,0.92685789780682,0.3532690702856638,4.812182021812962,5.836812336962302,0.37700627893169036,0.7723256144595102,0.8680348059113693,-0.0020311660626239707,0.4146875653456623,-0.13726583519225144,0.0625,0.19167310652232528,0.22125919370097966,0.9451577647284921,0.3265758977358324,4.811115348301099,3.6323087928327324,0.405737325701836,0.47458299151593347,0.36794612352674705,-0.5356459008610176,0.901523394742834,0.007071129265677007,1.0,0.056532352574720085,0.16080202642902922,0.9253537729739986,0.26297989842303343,5.1755385947406065,5.179154211308529,0.8136035182456226,0.10016867211678375,0.13612153028808008,0.852288955951273,0.9930937252406239,0.756440547012071,0.9876379995826446,0.34265767854059154,-0.015527644257293473,0.04709365633215416,0.14592424709186422,0.11496586365606298,0.14390210253457006,0.3665639841519385,-0.1436034694516963,0.8931480147163902,0.9981918829282687,0.10889387773741759,-0.027637563594759624,0.0376558077008467,-0.03017466980056718,0.8495199949224239,0.9872566751082616,0.7184623211234107,0.7088242774676762
2107,0.6405335317622697,0.6262152200686901,0.013219153038670698,0.6426593424690017,0.11655997759421365,0.21875,0.11166942496943627,0.24619281594286935,0.9165758473908192,0.30868946563529115,4.818889269425469,5.835599822439776,0.6749348687080949,0.5151646295422089,0.5131096247370934,-0.17881775209951645,0.8999822276833974,0.01125801553747859,1.0,0.07293622085002104,0.35291604358043155,0.8823154866253267,0.3862840661634629,5.642305702591483,5.7784062107280825,0.5929836448293642,0.6215711856583515,0.6623882039660961,0.0009259411979565756,0.49915838850231886,0.16167160380771822,0.203125,0.11508728720880534,0.21460615863521226,0.9675949809186646,0.24985986124480514,4.818323636729397,3.481208418328668,0.7703749879055394,0.6392357093139909,0.6788225137817625,-0.007857842964767058,0.4858129551488313,0.17566771356184716,0.1953125,0.11985735001296864,0.13284707174901578,0.9790694224238415,0.23622298989459797,4.8182541348776144,3.3818950471505644,0.7874713712618736,0.473357446517849,0.35571297473665986,-0.5567549976901804,0.8960518457094776,-0.009496531523290075,1.0,0.052392630795022016,0.15765861995300148,0.9393863412333207,0.2389079844623527,5.175502906279489,5.1779923374672245,0.8502398748233476,0.06061269208476488,-0.014490127919007428,0.9431003608765112,0.9976799144214709,0.9000250560966112,0.9941052410562237,0.20120035228838648,0.30967263583400806,0.02363513985708061,-0.014917041578861404,0.07524829493290092,-0.009205168102116197,0.41797728056973105,-0.07247948586046851,0.941072575602346,0.9982144889553851,0.05899540817968345,0.31609036223281956,0.035053732597867635,0.31422135032321735,0.8410170441431672,0.9937671090777854,0.6671843403430315,0.6590735787064256
2108,0.6712493417559972,0.4946096944969166,-0.04934088672942856,0.8574334295857148,0.06462052455521522,0.21875,0.09278447475693091,0.36259041108432266,0.8152926050308917,0.4492222909098951,5.175188916713687,5.87890494428526,0.3731325238384039,0.513347159589501,0.5105274236905508,-0.1615943726518613,0.8994307251247042,0.001900664010608928,1.0,0.07107345351179313,0.35068819238868376,0.8833191055256364,0.38622393697651164,5.614537465746175,5.778411283834329,0.592985269052619,0.7371653214836551,0.6750140028812286,0.006683772515421354,0.7496729995751173,0.036563736147710066,0.0859375,0.14057256009613533,0.3295999023407697,0.8921919018760146,0.3725898008242086,4.809873123379701,5.837220597563888,0.42845736594518224,0.7293663469398528,0.7380978036514806,-0.007959470084730701,0.6697261354196296,0.04854171959600708,0.0703125,0.15942324330466437,0.17017120883816034,0.9220383842235802,0.33395934659723964,4.80861092592628,4.941949890244855,0.497899640444062,0.5292410507915921,0.47425756503947736,0.04661503854909152,0.9089791270649921,-0.013514783773987168,1.0,0.07028477259030677,0.2585528122806482,0.8418000696415233,0.40942936801004,5.476471421497812,5.5292139459454805,0.5327475538193596,0.12050717276437113,-0.04119005851548496,0.7633462880776511,0.9862931559281342,0.6196229359722263,0.972616883215287,0.028739910342598006,-0.18738289305492573,0.06938326835769683,-0.04819775001431815,0.1479906378604147,-0.05314482090939538,0.25594311992677415,-0.06640474927228561,0.8402554417797312,0.9952710896525911,0.017391042317179993,-0.21951681334429315,0.05838384175270519,-0.2210585989899042,0.8606066339334815,0.9775449574220307,0.622961490499907,0.5976877873784259
2109,0.8032442580217184,0.8791484904118113,0.018554032337835823,0.749924396801491,0.001238859253652288,0.0546875,0.20822181081320315,0.31882686849574265,0.8302917255319802,0.378376696445959,4.812707840826167,5.836778011331532,0.47762740080165333,0.5250964595213663,0.5141719181423262,-0.18427284189264853,0.8996260946875089,3.02136617506825e-05,1.0,0.07321690270750443,0.347758415478988,0.8840841202285505,0.3860113905643714,5.6055649059191435,5.778414882813866,0.5922474607810793,0.8069722813408859,0.9982125979376546,0.004928666468887157,0.5596812390657622,0.13049528554483306,0.0625,0.23733544621522465,0.2629779961546678,0.9547934607164833,0.29489087237933836,4.810800072674038,5.704711554825845,0.6272137814571322,0.8031409691897051,1.031344306402535,-0.0049108202271405605,0.45142437256349416,0.28870701289630757,0.0625,0.2488476514026487,0.1423383281960509,0.9677360144674618,0.27180786116409417,4.810534198262654,3.4512050821266858,0.6544809329900299,0.5225306633712853,0.41573199458129795,0.3042220024224619,0.9066360261651966,-0.053735068776777604,1.0,0.06764489409060395,0.2805871761223182,0.8369967067343603,0.40447167947813795,5.475785184533713,5.465341136746886,0.5654011679073565,0.0840188659965028,-0.19366318739330354,0.8865067286438642,0.9895248808704193,0.8157736696050188,0.9815627062258016,0.07164818501784914,0.011019314230748414,0.039919060625037917,-0.17665424880021016,0.08856473703377922,-0.1652303536781824,0.287261856097939,0.03136140520670767,0.9179644443309504,0.9975592542651469,0.0004241570724756403,0.021195765016629935,0.04544912864014037,0.02674613307644018,0.850127556260106,0.991699856873903,0.5189804664147681,0.4927131494314005
2110,0.5873877014222119,0.46356065279827235,-0.014499737663358641,0.7221781586146521,0.022479195508719706,0.4765625,0.07491158789262671,0.2161931211279641,0.8746989861693183,0.3637221296145926,4.811957682306697,5.837000711097935,0.5024088163415199,0.5249933743945459,0.5128177806128054,-0.1693988169775573,0.9006216650456218,-0.0015037776542848216,1.0,0.07336355681576023,0.34751426740318003,0.8832312795037629,0.38692364636824306,5.605827602666373,5.778409297811667,0.5924560121163334,0.5414139787411454,0.46185037628081044,0.010668666774489657,0.597621530283516,-0.13359455052613844,0.421875,0.07246972687523089,0.1858882412182989,0.9605122100114669,0.30745606136886533,4.810964939914872,3.667085546991921,0.5820558789075498,0.5451875815019563,0.46682631150198356,0.005797533684041704,0.5921971976803988,-0.15712683131294045,0.4140625,0.07332690107462919,0.1119113742484817,0.9757343918938542,0.29515345279047533,4.810641456955043,3.583894054199332,0.5878747362719481,0.4824458647120169,0.4261886644061838,0.48652887200102424,0.8975740216180407,-0.03652664595725405,1.0,0.06236385174337197,0.24521622363963744,0.8897567334403516,0.35079067513201284,5.175988532306721,5.382550969979699,0.6316889585318459,0.057030699403169155,0.04761780866281823,0.9343814710214978,0.9972079166732913,0.8861356529280804,0.9926742916623689,0.09334747967785462,-0.25559519234287653,0.023111645531123826,0.05063333178285889,0.07866964576266854,0.05053070062933994,0.3848035323309934,-0.12011355273482872,0.9370360078504013,0.9976871143293812,0.010919251472430001,-0.2658157767664414,0.04384154384285706,-0.2608079527534082,0.840901149474893,0.994204592950924,0.5538148756042836,0.5458850498472192
2111,0.5960160636758473,0.5132154601091656,0.008089839777717283,0.8264978217892016,-0.006438434668541695,0.375,0.09393192243079251,0.3207495345927305,0.8962976011517572,0.36392893043044994,4.8095632056654365,5.8369004270605735,0.5250544831368764,0.5271013233429916,0.5137904687811102,-0.1792377410828575,0.9017522018415194,-0.002031602073428486,1.0,0.07339900384701417,0.34876552629169594,0.8823403193540715,0.3870882960967321,5.627212686263579,5.778399399634237,0.5908033210399135,0.587585972687014,0.6037574576821094,0.000959120310366898,0.6826795246835882,0.005961699674966283,0.2265625,0.10413469317852347,0.26078066347239603,0.9474432898925856,0.23809866189683293,4.8062801372237915,5.836609033026863,0.8230441022762732,0.5585309711871566,0.6439224562179943,-0.0011053491135645905,0.6125985405180397,-0.044298518044370926,0.21875,0.1059934572219765,0.1391033661915952,0.9767937066556776,0.19008761572264551,4.805950470384485,3.1908736652913126,0.9147835659876847,0.30755640972313414,0.21579320096258073,0.3910069458546375,0.8968518233144253,-0.03762173522531585,1.0,0.03326367987456492,0.15625476851710562,0.9755834798811724,0.15560949394605766,5.175434470280967,3.0896372154843377,0.9604160846706471,0.11358708664836518,-0.030424922667545456,0.8247870586948912,0.9948270845498041,0.7225202801089479,0.9901623087995993,0.29605405776775845,0.07057369239588593,0.042388569423300375,-0.05019304615783207,0.11732564757600172,-0.05674253169716403,0.39394990052563544,0.05298816465736518,0.885656867662221,0.9980924247205106,0.0697256633935049,0.08027148161701314,0.06541749477306119,0.09270678937745053,0.8674685403424576,0.9861440836389095,0.8548749132340896,0.8676676981792236
2112,0.6292253145435056,0.566362836909207,-0.006718007598737815,0.6671851858995843,-0.18407747084471085,0.2890625,0.09815720149762905,0.24604022339548937,0.8884380452564242,0.36405403416395415,4.808680677391887,5.8371132084654045,0.4548520701305415,0.567595156970466,0.5134440836298634,-0.18582107363538053,0.9003888473436453,0.0012383215201958507,1.0,0.07287219683508565,0.35499130222479935,0.8799253620439458,0.3903613247504907,5.652330170985168,5.7784105776172945,0.5904295084547593,0.6031499168982056,0.5990355229224588,0.00865676697841761,0.525582119419477,-0.02181440280201147,0.2734375,0.09966450511741368,0.20288705099642934,0.9557204605574732,0.30527446878757425,4.80733079120968,3.6131388014936907,0.5356058816435949,0.5977261427167954,0.6084470503805145,-0.0025462749593173797,0.5120633512526377,-0.00361444720873168,0.2734375,0.10126215194159141,0.12051759392071291,0.9782333550998584,0.29070413314053195,4.807017055855567,3.5198362918590673,0.551315774139283,0.32554510785333235,0.2457366793680526,-0.4299771036565002,0.9002849926540647,0.016806997021445277,1.0,0.035206247468400294,0.15573595385601366,0.985839058761492,0.14292604959395327,5.1754394340009755,3.0827251451043494,0.9675155579497179,0.07710853570100765,-0.08849301234971547,0.9340113038356487,0.9967177599218183,0.8851398527019976,0.9943670521292112,0.24739507688061044,-0.22738302495204293,0.02133716660161139,-0.09472523082259768,0.07188407879093983,-0.09002175421397096,0.2437811674092625,-0.011128046430866824,0.9388158457699086,0.9988094190905676,0.06809878131213377,-0.24298372160708265,0.021708575811849942,-0.2512430501668522,0.8421873520728183,0.9943241896525792,0.8389819947534068,0.8207788339928521
2113,0.6297777274653278,0.5721465998090514,-0.00835836194500949,0.7653100500045906,-0.07417292224547531,0.234375,0.10540480679896776,0.27964110232856226,0.8054412114099354,0.37547856907574184,4.816136248743335,5.837448438800152,0.49322941169261103,0.5270034689943319,0.5162771651343472,-0.18007913985970225,0.8991944190121032,-0.001433902892157074,1.0,0.07384326801248382,0.3533738212225715,0.8836862461739482,0.3855941393013742,5.646189515459054,5.778405522381705,0.5937232943650137,0.632263083917071,0.6232417217810095,0.006782685558238726,0.6599065926199003,0.03838403799364112,0.21875,0.1134643044577134,0.217383342997528,0.9425791361692463,0.3071479050208054,4.814603365752058,5.837090657398081,0.6152586330638775,0.6126440425947839,0.6453118796228793,-0.0006263329029175178,0.5726285188686641,0.169460473178849,0.2109375,0.1144602669836547,0.12073122348704489,0.9660684357787875,0.2742462076302935,4.814528788754642,3.6321768455414216,0.6709547080165207,0.38890120116572924,0.414917118319269,-0.6779660199947791,0.8973264144484826,0.019402981617056777,1.0,0.04738201551584873,0.1574755088961455,0.9749651187486866,0.19811629623906324,5.1755591802664505,5.178070404366035,0.8539229064941845,0.09260887238532142,-0.054213472922362706,0.9003516349068923,0.9952230842014318,0.8323303684672864,0.9853005238162764,0.1467234776376043,-0.00952759288402426,0.04016367520558304,-0.04998711066794332,0.08714349079524471,-0.05624563108811271,0.5258700097212226,0.10296650023381754,0.9213657555702318,0.9949432571286855,0.04510957990132388,-0.03587296437763329,0.06498088846547058,-0.05573395029716167,0.8583549293520746,0.9918354943550411,0.8106421789819322,0.7970955609671689
2114,0.4687750438701887,0.43730447900214436,-0.006990167094916739,0.6688536296348329,0.03754206271188479,0.4609375,0.06538990503377606,0.1466719565416425,0.9219267541744051,0.2594437637461209,4.812304831009527,5.586641764958974,0.7792367239963005,0.513503332658581,0.5157577703183589,-0.1815996353339286,0.9017631157330017,-0.0010028307466691609,1.0,0.07305177068906998,0.35242774742881555,0.8820459797599791,0.3874514155958754,5.618708042621195,5.778409095727565,0.592391581877409,0.43662789815576686,0.42554322798508826,0.007049976435565294,0.642486160334151,0.048318428737439426,0.421875,0.05914821557416332,0.09863582262642293,0.9842676870816522,0.22060527294887075,4.81200471377819,3.2911711438911997,0.8347333015217913,0.43443143259166567,0.41749795823456226,0.010212085429061293,0.6382326472263161,0.045722813843273424,0.421875,0.056291949311545214,0.07010101626636556,0.9895733219340397,0.20842166953813454,4.811922709309531,3.24783730272534,0.8488067342470719,0.3764700162337464,0.22166045144951982,-0.21252555805058343,0.9001425730370318,0.06448636499027559,1.0,0.037953150304837764,0.1553697317423017,0.950424427829628,0.20942542208513984,5.17547692822915,5.17675775695272,0.8934330454228003,0.0416829538175019,-0.19858169915094936,0.9651302897788289,0.9981776628840393,0.9315956259689965,0.9963771188080148,0.018536533026377006,0.007876191062743716,0.012776940135087804,-0.19797310477583235,0.061147014472570635,-0.18941389181391577,0.5557518007780327,0.060265347912533344,0.9495444824399222,0.9989241462105698,0.009609424466811676,0.00713389550717135,0.037647520759187446,0.02338452681238351,0.8465903257006099,0.9973556586983003,0.6976833181832404,0.6768038024084282
2115,0.5680089258926376,0.46160565149873284,-0.024906975005545885,0.9053228737672511,-0.11728111050095831,0.5078125,0.07875853886999148,0.2509537034211249,0.8548391700385655,0.39044177842012234,4.809314071686387,5.837035851221006,0.4091211380216594,0.5401927079839526,0.5188842888985965,-0.1771805126036109,0.8986828949592799,0.0002734110684328377,1.0,0.07428145051811456,0.34614093447676014,0.8824692623255227,0.3872088906959003,5.607952207613261,5.778416737838617,0.5915534986983858,0.5149820374940123,0.46824657844504675,0.012189476595520627,0.8864091147112949,-0.09467497044202101,0.3828125,0.07696638371016333,0.16446424756614886,0.938661628444364,0.30242975797579175,4.8053188172805115,5.836698100703148,0.582055724364104,0.5075591264415862,0.46247817036848865,0.015763038172964164,0.8881118887426829,-0.08814063952497642,0.3671875,0.07433327022051402,0.09390545365764336,0.965979613583084,0.2792419418981378,4.804730463888909,3.504126303417431,0.6183716253118288,0.3844594493216589,0.22399047670194713,0.025635864339367015,0.8971210291286836,0.07514138233378749,1.0,0.0389819230216186,0.15582750938444168,0.9285711559193164,0.24540848600160356,5.175512936288964,5.18673710645767,0.844602210970456,0.09148610323574415,0.17064470819314673,0.8804455250378856,0.9807177114932016,0.8120245854040492,0.9711914152142889,0.02197785990161548,-0.18461665011940462,0.036868839712998355,0.21367402540127556,0.09643405712805526,0.2280420029177274,0.5158919076568209,-0.10478207883463533,0.9213153756634049,0.9963245048859553,0.0069876492584509545,-0.2078255960501544,0.06402350173526371,-0.19965996167379066,0.8570915867966814,0.9902142369405481,0.7230576223686789,0.7221511852936523
2116,0.6133017998732494,0.5626294414818296,-0.002112141494571205,0.7506556464893346,-0.06360163566990273,0.2578125,0.09954054557124094,0.27109591967528307,0.8729791454917473,0.36943481635549874,4.808613394970665,5.837151682141826,0.48517738334806115,0.5272195788652492,0.5161442017494238,-0.17714323571471116,0.8998062264047757,0.0010556642202523081,1.0,0.07327237482304523,0.34867397076326795,0.8822505290857428,0.3873808696654763,5.617499365661251,5.7784134371643265,0.591313188437695,0.5947129786891414,0.6056034878294299,0.010362935113842035,0.544339473821947,-0.3806011057563323,0.25,0.10287776054100277,0.22962126529740287,0.9502605407436231,0.28551495965108215,4.806372491735613,4.941058880732428,0.6331569728652885,0.5662521904074254,0.6013638018329056,-0.0046815383182419856,0.5271845436714968,-0.3907089745279615,0.2734375,0.09937613527319623,0.1392864772484512,0.9744778253352981,0.2680880950713883,4.805892068093588,3.4342183108303024,0.6519036199170755,0.4782264547388994,0.2981095899461714,0.11817302375584839,0.8954621563970586,0.10716305678644923,1.0,0.050631405018682164,0.1610156559953612,0.9033871289125048,0.3004885148813049,5.175619011661284,5.479770618149866,0.7434564687726967,0.08124449748061767,0.020423611995022132,0.8969538761133152,0.9909616602173656,0.8430616117113502,0.9816948027118281,0.037289278568972246,0.15759350846310002,0.02853923319807738,0.009063740032494421,0.0846077093005807,0.012383734794338937,0.4943868507032392,-0.020243841055616205,0.9311142299085681,0.9976658874137015,0.009348301101985769,0.21666123129095863,0.04429060021938858,0.2424150458864755,0.8475914728182334,0.9931535945657156,0.6713931799778197,0.6676531338440379
2117,0.6883321028303354,0.6298485915361626,-0.029933320929768758,0.8121320995496554,-0.07281186898149021,0.1328125,0.12386720669596901,0.2837916196172979,0.8560663929096495,0.38471784213770965,4.806197565357409,5.837427082800141,0.4266768227370784,0.5150983119088028,0.512371838927226,-0.16193772520297472,0.9009613648255637,0.0011410957949417996,1.0,0.07218748453999171,0.34803308206427197,0.8830178917811176,0.38721611642236803,5.617354232929265,5.778420439071489,0.5923409445525841,0.67746280701589,0.7039981232717737,0.009256086135096177,0.722621355484872,-0.1936773914261283,0.1328125,0.13602505068765008,0.19821771904660176,0.9431305373014245,0.3012115647904916,4.803801007526914,5.587652889101468,0.5712720821846233,0.648179118643823,0.7195732541785214,0.007934263500757583,0.709642825579016,-0.20728485801246294,0.1328125,0.13787029571548354,0.10498367259743034,0.9772217556214058,0.2768583988887818,4.803488608266741,3.469707307414421,0.6013046182261312,0.46089628525417825,0.39061392374955684,-0.42600836837265543,0.9000453991007435,0.02528816897468433,1.0,0.05781446859791309,0.16046632282479323,0.926420850289527,0.28106899483314374,5.175666437685994,5.179585777981357,0.73484312930502,0.09089882010018577,0.06704422747511612,0.8914328691662173,0.9909953312568265,0.8245752208837874,0.9831509006702991,0.11768760112744318,0.17625683544864298,0.03517804325662488,0.08012994687504357,0.07960962908442011,0.08606929071760551,0.4807226224037641,0.17161644490392391,0.9242101830550831,0.9978800338279041,0.034793685604807376,0.18370840924184026,0.04973543866859062,0.19125235730675835,0.8505018080600686,0.9924981055236066,0.6918529986725717,0.664528523366342
2118,0.5341690847671868,0.4413378878843806,-0.07011238253153369,0.8779374584532375,0.014615457790753291,1.0,0.07064667261523562,0.3722037415692618,0.8560169712405159,0.4351510331966614,5.175925018628922,5.90681247152544,0.42501708929680637,0.551979389596514,0.5134460073042396,-0.17125337665906962,0.9002878758007353,-0.0005177060811817593,1.0,0.07281445299478885,0.3463240455336161,0.8822551805396541,0.3866863224613826,5.618731823673932,5.778408408141188,0.5924309230811576,0.5101810058923893,0.43127000769207446,0.0052963872306094305,0.775396019168049,-0.016889747922715543,0.6484375,0.06827521940344666,0.260994293038728,0.8804477968753319,0.3242498116062025,4.801258511742264,5.83744150026896,0.6066053001011601,0.46911885369615014,0.42425220511911216,0.018526633388023565,0.6849854016831082,-0.10972739580313184,0.484375,0.058767119269473776,0.11713003936887723,0.9604615914325425,0.25474532482369033,4.8001972306320555,3.414779175415759,0.7367917395689476,0.4750810832117956,0.4056803507025919,0.22823473536866995,0.899601048004943,0.009952942512844704,1.0,0.059479649272641,0.19971312601092564,0.8975703950746783,0.3282790309006815,5.176011136546785,5.184186677534616,0.6622427039372081,0.14327347995456063,0.041365616148439276,0.7178902278864838,0.9591589175738798,0.540832214498514,0.9285815018702699,0.005801148633215334,0.12491644908101482,0.06871764319997878,-0.008951019192560321,0.10952777473093793,-0.021745704898253452,0.4966020918500772,-0.1220101344909798,0.8450840012502051,0.9895244209134068,0.008324610389045237,0.11317043826867856,0.0682237365373776,0.11343757387522524,0.8641987480029569,0.9781579617164993,0.7025703024034281,0.6727378019579365
2119,0.5557970991591185,0.4602454786179031,-0.03873574209811231,0.8370762125513174,0.04434367074251321,0.6015625,0.07886069175245236,0.34525589770195625,0.8438932492106749,0.38725256509822864,4.806303801695988,5.837663221637042,0.5527361713873016,0.549166390594222,0.5190933226983174,-0.20629079928989688,0.8990133343721152,0.0002741995602186124,1.0,0.07451606537996519,0.3448591570787683,0.8833236288145141,0.385821029918412,5.568582738456363,5.778402094573707,0.5950226258704536,0.5778159380476873,0.49757576087152744,0.0003416340561699264,0.6572700586151888,0.0268674725444306,0.3828125,0.08110094246182496,0.26233710745567185,0.9262035636488966,0.2434872493507836,4.80210217302715,5.837326527212481,0.7891369842084368,0.5280889814679778,0.5030384939806515,-0.01114582972565925,0.5968892228721995,-0.02485352826628576,0.375,0.07845020565713873,0.16016113773003327,0.9553193120273179,0.20981190182107737,4.801816409283861,4.941862893380648,0.8426302079137371,0.4244479849469207,0.3976982535288128,-0.596402109631372,0.901558907185275,-0.04691302014598087,1.0,0.05297665121416373,0.21338541825617238,0.948039906052553,0.26176821267236783,5.175680946337422,5.1795407810495755,0.7462259693579426,0.09235546110008816,0.06306065253096341,0.8049174529506654,0.9895067497608092,0.7103434663350243,0.9831144497285503,0.2549851385576287,-0.13206815671005742,0.05264337465660667,0.061369951557811726,0.14424790897346432,0.05714253487859919,0.45279577951756983,-0.09079876772451081,0.8926452948159073,0.9982863090824323,0.08584597966179096,-0.14700754610647107,0.09698745651637905,-0.14418987584453613,0.8610679872911884,0.9854184576069568,0.77062082426112,0.8012330300157362
2120,0.51208250483038,0.4113139651366148,-0.09306063586882521,0.8961333738653733,-0.0001280317313156172,1.0,0.06465336055295814,0.43314920499282816,0.8866599004100943,0.4409810364879856,5.653188599854441,5.907143869645182,0.44903312227634445,0.5146092045763312,0.5235103959687923,-0.21454356739188335,0.900239424353913,-0.0010244156999097216,1.0,0.07514491967530829,0.34949797051911985,0.8834626478137426,0.38586853464497334,5.613264838601208,5.778402595078243,0.5946912216609433,0.573615474149665,0.5290317526842941,0.006160980305761446,0.7671692872238121,-0.21575695724110913,0.359375,0.08642763940777998,0.3122043519394513,0.9120592052818293,0.2535741432059389,4.7972808053983185,5.837519956579022,0.7846215506577423,0.5383514165770528,0.5721182324036312,0.01314109144100332,0.5971847632848908,-0.11184801039587962,0.3203125,0.08288646354769078,0.17050691244239632,0.9644169014422701,0.1820266237740097,4.796822090706255,3.2320992699178683,0.929937485961136,0.3433397283593091,0.25995127679219543,0.01522320177105611,0.899464116019227,-0.039173716395853424,1.0,0.03410467457802477,0.15503402813806574,0.9711506302585637,0.17487414016712702,5.175468952463311,5.175843506699889,0.9263756076947636,0.1324070634283686,-0.1000797744443686,0.5216787178751534,0.8082093575387711,0.3510398615705949,0.7846609440649417,0.08635665460596521,0.12115777856601799,0.05946236132539953,-0.029086725792539625,0.1259104280377397,-0.0072450443518398055,0.5829711821904102,0.05799861863004914,0.8541196908680198,0.9955680672895761,0.0035503291270632857,0.3534648308707404,0.11131535469715258,0.37101517375533544,0.8653961299336481,0.978384133883111,0.8430328694186262,0.8643588778064598
2121,0.5396926785118106,0.47145294040125685,-0.03013050709193291,0.7972842328286174,-0.035208562618328026,0.6015625,0.0796197651128467,0.3107089449751274,0.9200571394469766,0.3376698770693057,4.794079505649382,5.83808349217531,0.656179255843713,0.5149902418359792,0.520991051448748,-0.22246867737239656,0.8986434858959158,-0.001960520263743977,1.0,0.07573286617854463,0.3455000457777642,0.8832950297858434,0.3875329733962227,5.6203382727576,5.7784282802623,0.5907239086553324,0.5012489408314312,0.4947967827200319,0.0024213211208884994,0.645681202373326,-0.020811021382279006,0.3359375,0.0747367678183812,0.15088351084933013,0.9727344208032455,0.16338843901806005,4.7922809021435455,4.9471847404801155,0.9302110604747955,0.4777272479811323,0.5065263764085245,-0.005058980467176543,0.6410498162230669,-0.005331360611928781,0.2890625,0.07296743853659193,0.09695730460524309,0.9839504417573914,0.13920572791207536,4.792167425876076,3.0281360853773864,0.9669243198564097,0.3611438298975263,0.291235156942484,0.41087531770128194,0.8989914086061753,-0.020950236661511207,1.0,0.04046012494921035,0.1553697317423017,0.9774900128697501,0.16100242669031803,5.175451193424318,3.1015587007040435,0.9478421378851878,0.08538543715925694,0.13843696746493883,0.8040690360819718,0.9893938844808221,0.7681309104351576,0.9838892518065762,0.17003799842197076,-0.018808319245906528,0.023494871264366946,0.13106712856115754,0.08438168762803289,0.12962809181493604,0.4904619409397513,-0.12420672465987513,0.9420715888200013,0.9983513087210408,0.02505207106098984,-0.0019419865954052663,0.05879526944656406,-0.0006124185512836242,0.8636094224964601,0.9933960257989087,0.8350517767948857,0.8546290238720277
2122,0.5245511630530073,0.508122763234104,-0.002744615276497858,0.658072916153287,0.16369920313405795,0.40625,0.07803877198325633,0.2411877803888058,0.9521106359750806,0.23226828568161434,4.791552459606923,5.837808063206628,0.8234374041322265,0.5159540075338022,0.5215492843707754,-0.21276119504531477,0.9009916423189861,0.0053978170918924555,1.0,0.07451248239172137,0.3462935270241401,0.8823860963714845,0.38789189570516935,5.646367735844303,5.778423226809165,0.5920471537382389,0.4633375212297413,0.5076632673888871,0.0007805922582208107,0.5303427959792466,0.08170897429355994,0.40625,0.06728571298556232,0.11230811487166967,0.9875505744041382,0.13776898186992628,4.791015216958883,2.960965476516447,0.9655513073334095,0.44740958911878526,0.5174451799614774,0.00402520760513894,0.5025136174651186,0.062384443671912294,0.390625,0.06653259901096945,0.076113162633137,0.9942575864255595,0.12551336242858027,4.790977328673966,2.9526914219310014,0.9805637136927301,0.36251760443594533,0.32631992243360325,0.5154999424002743,0.9002374060719451,-0.0067390889073731695,1.0,0.04278850758141024,0.15509506515701774,0.9793761864620982,0.15815646104133366,5.175450381187088,3.0993462728454646,0.950126525218431,0.05315913526199836,-0.12567166174044414,0.9098948203633482,0.9929013239240995,0.903678436225448,0.9883338879820657,0.1646357516884446,-0.003982282746118482,0.011740808501292332,-0.13116514938750976,0.05539323034773158,-0.1427366382769184,0.34750965804783557,-0.05089176412890108,0.9506301434921994,0.9981317022102574,0.028699085182693717,0.007582779123308037,0.024229032359652167,0.01564588793040095,0.8567249223515316,0.9964761572480855,0.8180041486057035,0.819959575269278
2123,0.6303960480579516,0.470200314646143,-0.04044030724784884,0.8428218663428892,-0.01383444643172487,0.5390625,0.08373966521484746,0.36689352092043825,0.8998665889314142,0.39757380934057746,5.175060147963925,5.855855538473019,0.5084007690986183,0.5281840230518319,0.5226325158781928,-0.2154885957738416,0.8992334128069553,0.002668815984077857,1.0,0.07504911631553515,0.3518478957487716,0.8821975310965605,0.3879271499860344,5.629757298015804,5.778417448488182,0.5916039412205186,0.5934910960483728,0.5725343557635868,-0.004271122364932272,0.7072720668440855,-0.04758380240400684,0.171875,0.10429014822060748,0.1696829126865444,0.951348483720703,0.20004042586360155,4.790355053815592,5.837856301017129,0.8884936649898456,0.5761402212316409,0.5627743507437778,-0.009819718472398467,0.6883284482952884,-0.0808680124550828,0.171875,0.09930793317666578,0.09152500991851557,0.9778301206003598,0.1649684257187642,4.790034896538005,3.1218653665007814,0.9464137085781776,0.3615490100026881,0.32907066114719613,0.5284320469338953,0.9007130872854334,0.0008512743016529643,1.0,0.04228236089153945,0.1553392132328257,0.9800442982520303,0.15725235109997593,5.175448911481583,3.0984570343882076,0.9513021976745629,0.11154180732777619,0.07891944317177532,0.6793152778806727,0.9257097789683599,0.5782477136185443,0.8758853235401197,0.33322563998724775,0.0899253165810675,0.036782825176716064,0.0823618569203615,0.08921162662547308,0.09712108136248088,0.2771769902072124,0.03761759650774785,0.9167072914183302,0.9900491726200755,0.0662191690618499,0.09463326522697718,0.03751054743688865,0.09481349617693918,0.8595255009454363,0.9801650676446323,0.8525890540452258,0.857313454759363
2124,0.6116185632485931,0.48152642702027937,-0.03865198102307286,0.9351138231783627,-0.16891546655698705,0.2734375,0.0887868390024218,0.3936277352214118,0.8846230581540863,0.4362466963693764,5.430278692855361,5.907448129282816,0.43498030684262945,0.5182427195589709,0.522544155663458,-0.21115348877654486,0.8993347374728177,0.0001884512821633766,1.0,0.07517163353524564,0.35035248878444775,0.879954630094459,0.3894374880424837,5.639403843003014,5.778422466878936,0.5897889323409272,0.519149057224603,0.4137682913237753,-0.015627090188631974,0.9181593853114705,-0.0862309590191143,0.5,0.06648555032728917,0.17200231940672017,0.9369863848929305,0.22823843956671672,4.790835931952804,5.837939129062223,0.8275822252561131,0.4480387055220733,0.40421507347737995,-0.00897614746096167,0.8953897892861693,-0.05764761826891675,0.4765625,0.05784382871530509,0.09173863948484756,0.973249443521826,0.17315966209539202,4.7903493580579655,3.2068756845253095,0.925831486356361,0.32399652879469365,0.22326457306505693,0.14603467846835763,0.8998682607714837,0.022429885813714395,1.0,0.03307586070840862,0.15521713919492172,0.9740943439929313,0.1493565435839394,5.175421073253981,3.0800732544006384,0.97050575129004,0.11844999020040371,-0.08312819461334224,0.6025457201493652,0.5909101438970991,0.4823227345127661,0.3232302282074217,0.39853512802465146,-0.236338575301976,0.04449338939596187,-0.06447277045358829,0.09534030585648698,-0.04473918855372066,0.03618973040874541,-0.0006036988980563748,0.9004928262726118,0.9496480062430397,0.09335325918077288,-0.15558335378661212,2.1243585771805424e-05,-0.12439831874046009,0.8591091783250736,0.9802771007880857,0.8400566503220628,0.8363332628101775
2125,0.6160061185829748,0.4870899699562933,-0.02472137527864714,0.8476560214642139,-0.003995529153321912,0.5859375,0.08943363049237261,0.3792840357676931,0.8983564702284869,0.3918916988917125,5.1754467012624525,5.871002700880184,0.517266534591034,0.5371231305615429,0.5159285796357415,-0.19007081920950167,0.9013824321865881,-0.0006833915375071428,1.0,0.07278369479038303,0.3488570818201239,0.8844659676336708,0.3846642382410054,5.60594513113504,5.778391140424563,0.5949599676038997,0.6193297727887858,0.6400100407687419,-0.001268044136195314,0.6491880976185328,-0.10462378279568976,0.234375,0.11285452710103477,0.31391338847010714,0.937006283355216,0.22355659914462297,4.7965807505551545,5.837500592705856,0.8376289500741393,0.6042243493551054,0.6737947284268091,0.009506656719915664,0.5971978173690886,-0.12334210593085777,0.2265625,0.11455643469784368,0.19061861018707846,0.9594391347912152,0.17907492660528948,4.796282836610019,4.943708844406424,0.9301019001708348,0.4410819172200282,0.4338547597108668,0.6260063542556721,0.9004066378238447,0.04350393321886942,1.0,0.05515756628507389,0.15585802789391767,0.9500006476509659,0.22762658893171978,5.175541411040825,5.178096649694444,0.8421458047645455,0.09440558067448311,-0.07089704366315203,0.744128901496076,0.9856390305666771,0.6336375996576905,0.977695360325279,0.3171192269381788,-0.08436217416444618,0.06803789805433831,-0.07170262654640108,0.1405896002145024,-0.07661101625472942,0.4249391719165019,0.03504868971356816,0.875790136381569,0.9984304887126918,0.06373573030299877,-0.10363734763966843,0.08120243873240116,-0.11178768078071495,0.8636845856796844,0.9837096236572777,0.7849992459178102,0.8192736795602322
2126,0.5040828392438447,0.43405634812025723,-0.01744157550433051,0.8038902493216347,0.008370023968448678,0.640625,0.07117403277080554,0.2336802270577105,0.9219195130240607,0.2755024403102029,4.79228792797284,5.837933588420175,0.7623063605769337,0.5281663467802353,0.5132071114944652,-0.18770315039136654,0.9004609509772699,0.004879666042174314,1.0,0.07351993406763803,0.34818567461165195,0.8817340312483423,0.38885285014404014,5.652320203541789,5.7784040471593245,0.5909554441995035,0.47321393454370914,0.4035045779793591,-0.005092586162129265,0.6929269790866203,-0.07450494687206807,0.59375,0.06041470375944263,0.13950010681478317,0.9666209861902093,0.17225047960538112,4.791349063937429,4.9468568348069555,0.9152949751000895,0.4255719338145899,0.3689799378070938,0.004408018456622387,0.6832244656026513,-0.045104319652302535,0.640625,0.05233573220850257,0.08346812341685232,0.9824082209158561,0.14735957289352844,4.791324915885202,2.9701734042109673,0.9493184773965975,0.3231051751782273,0.26625891766351806,-0.2116284345277642,0.9007751777188995,-0.0038131590792160877,1.0,0.03513455803505306,0.1554918057802057,0.9722806367183274,0.18305858080027196,5.175497415227922,5.177543244501304,0.9005709990915207,0.07747714531274348,-0.08180693325338954,0.910964472705333,0.9920376353053298,0.8641559234973433,0.9767183533973132,0.22942500577865663,0.1902443397186638,0.028298700052494147,-0.09628485175535098,0.08459478567716694,-0.1004006695654855,0.21927808202768365,-0.029554883806546705,0.9306748377756467,0.991899779737726,0.06832835015983192,0.2185071767431155,0.025728841168399557,0.235422459347735,0.8453746306172898,0.9881089680632819,0.8366675602453011,0.8293838461461865
2127,0.5560884463744445,0.39110232744237655,-0.09206704953604772,0.9031698829371038,-0.0050731483213661156,1.0,0.05862961005202577,0.45930356761375773,0.893796274497072,0.42331992219824316,5.874538818870378,5.857689512700979,0.5081345556246004,0.539117007125631,0.5166983100267714,-0.17889415989688046,0.8994347340811637,0.00663040177797085,1.0,0.07379822085382116,0.3463850825525681,0.883585758611078,0.38540748213859005,5.6245044299888445,5.778408417104221,0.594178618560379,0.5177551973446279,0.40559619353318427,-0.08424481195474237,0.8999900332256258,0.0002282656332478748,1.0,0.06143770722918424,0.6790368358409375,0.8605901490644402,0.3775347782500617,5.874856033749318,5.7787825146648135,0.6771395879707367,0.6303366528389976,0.4825229032398304,-0.044808342301043524,0.9003779407379161,0.0017625963032634232,1.0,0.074218460137841,0.56511123996704,0.8021108761201232,0.462222643915619,5.733902511161709,5.779057629640144,0.5278568365378902,0.452008490306313,0.26263343535924083,0.12481517940072673,0.8957960773277264,-0.08117098234948673,1.0,0.045711464621366604,0.17001861629078036,0.8753002535221293,0.32350020830075626,5.1755940464831856,5.504399569345845,0.7293498512342375,0.13690532827192048,-0.025272728481002222,0.6362495882358392,0.14432942968112514,0.2608685212972033,0.06810002130665622,0.2505533428651261,0.025760113892815534,0.16160984489031913,0.02781172740753577,0.5363782505278807,0.0821656630624877,0.4538653950607851,-0.19795388160465446,0.21889617353622093,0.15046754622102596,0.09761990769226338,0.01850717566631152,0.32151786106519076,0.011097991289203479,0.8698604477308003,0.8365048273193041,0.795643392552637,0.8409218709617494
2128,1.2016848545264753,2.0395025268810363,0.25764475683984034,0.06912842363186356,0.9350076998987028,0.0078125,0.6811999804969269,0.08383434553056429,-0.00042515450866123896,0.36939888198986737,3.2960712993646935,3.952819141487396,0.422512959012947,0.51661707516365,0.5182185884736954,-0.19745963291109497,0.8988973299017967,0.001871169201847657,1.0,0.07376427353733231,0.347697378460036,0.8838409262551364,0.38576868265420666,5.626704721567926,5.7784078548331355,0.5935871749006074,1.1983755949738033,1.9952491158492727,-0.22282082620471347,0.059385161515967844,0.9130154503258269,0.0234375,0.6485832266993384,0.25678273873104035,-0.0010986375813122624,0.3948430788115954,3.272632045340408,4.106116349732161,0.4195158886795747,1.008561593705819,1.689764920173161,-0.19607665318462258,0.042770912242862086,0.7325907803804308,0.0234375,0.5880021275840303,0.24176763206884977,0.024758593095161895,0.2770621923825634,2.9463724135554,3.6695137529859823,0.7093985944571218,0.30760291004666207,0.18168708714153115,-0.03880430480775956,0.8995984210780892,-0.02434284225833979,1.0,0.029617320480672032,0.1554918057802057,0.9714145733995172,0.1678977122918534,5.175444900685989,3.1048375958970724,0.9445566672736982,0.00835436972689468,0.1925899295801599,0.8882417235747454,0.9527093233636669,0.36764474456326174,0.8121189972876877,0.0032839858211139066,0.09287728859274721,0.0038595463630281975,0.12411196768904753,0.0031527999652363283,0.09693936878411413,0.337068201627311,0.049425577511202676,0.4630675815038924,0.7933680608145796,0.004203836644927631,0.10976713076688815,0.001399471707993392,0.02049777414494058,0.45653619883793467,0.6494352882320689,0.27121606897039946,0.268137858473122
2129,0.49249950457012737,0.40767930175303563,0.00216497619686105,0.9017520104472125,0.010470823237876289,1.0,0.059526264843269575,0.41505172887356184,0.896863256314987,0.41634899217961885,5.653218877575613,5.930043821075596,0.5158432323002924,0.5144422470890849,0.5196882856487474,-0.22845790069263325,0.9013437013448669,-0.006223901854621858,1.0,0.07466958592994628,0.3441572313608203,0.8816522315388506,0.3888339280988921,5.62130527644446,5.778393029707452,0.590769285093176,0.5187266549667854,0.41459441385017565,0.013114067291850898,0.8990040395247724,0.006302620298891332,1.0,0.06464508229220549,0.6475722525711844,0.8553351402769038,0.39208822940455756,5.8748414549645025,5.847407443435502,0.6444240953238971,0.5709925066852872,0.46200011426714127,0.029988409420352646,0.8915058789198563,0.0692738586753547,1.0,0.07713587830352457,0.4273812067018647,0.8078771414442919,0.48086470793548636,5.257382052539348,5.873247875916926,0.4118517547433635,0.4347415929713907,0.4607714444562613,0.652940199803439,0.9000192748662839,-0.01689061258875545,1.0,0.05645159670914349,0.16788232062746056,0.9567855431687164,0.2335668751781513,5.175580269578009,5.1784040347992155,0.8175939234085663,0.17973231112862428,0.01772949861585267,0.6363841003976577,0.29393772719882083,0.12313313353128255,0.3647800301721708,0.4219778183358171,0.006774608078805245,0.14891638309505514,-0.11134184562551283,0.4367001344299053,-0.015600812858810443,0.2692631156101207,-0.011457886293018783,0.10155715798633874,0.2452971523681448,0.2013655139248859,0.053132112217334986,0.2362494802883823,-0.060494500769767576,0.8760109551373945,0.84457979588349,0.8527807155897924,0.8729034951162858
2130,0.5205229471549639,0.423641069007475,-0.06656127717603437,0.8937712731119837,0.00407706568691941,1.0,0.06336074162830942,0.45579393902401805,0.8633376310831715,0.43955440990494726,5.755817289060635,5.936024255900782,0.47824579351123864,0.5294938752481883,0.5198863564231825,-0.2151768619955114,0.9007376402590529,0.0051697843619430296,1.0,0.07436971516487809,0.3526108584856716,0.8806164206121729,0.3879356749749748,5.652330344222611,5.778412787102332,0.5922375604369154,0.5094787597854598,0.41746967035287036,-0.05160723491181808,0.8959101844785049,-0.001519955826423632,1.0,0.06525415281343304,0.6172978911709952,0.8405456999349279,0.40967465845591006,5.874820534789465,5.8713745167795315,0.6001979894438332,0.6251024444865205,0.49989668337049825,0.024845140181270688,0.8129149005490764,0.015188652453858907,0.40625,0.08916700685864509,0.33414716025269325,0.8262362128310625,0.39680269425338616,3.856865707099645,5.8716013744741264,0.5119220889496111,0.33115571751566264,0.25108179987848667,-0.33745531492467545,0.8997627818186206,0.02100290593996994,1.0,0.03666221498412273,0.15527817621387371,0.9773677696080262,0.15272827145555729,5.175434115339829,3.0871882783619107,0.9627601733559534,0.23476912589728965,0.09175914643556658,0.6625537286806739,0.7317322072744056,0.050154220076131295,0.7371119236808913,0.4597943507164315,-0.1284678478425481,0.14662386338939293,0.06440775575543456,0.34547646409616006,0.04052746425496594,0.06839011729153424,0.05787146436728146,0.04777190557595544,0.7911718219009133,0.2888609296643501,-0.16385344940056004,0.041393487861179246,-0.10987827130070961,0.8629755622457647,0.8659535438734913,0.9073487465716656,0.9115936462763958
2131,0.5734126548070991,0.4446870564590802,-0.00785101378222119,0.8813767208229134,0.09022904857609167,1.0,0.0732006728556573,0.37672048097170935,0.8511419133179939,0.4530465264485809,5.1762811267863444,5.936001096264059,0.38716545799052704,0.506166413405929,0.5114059440147467,-0.15630555613970487,0.8995977925719819,-0.0055942680381525665,1.0,0.07170221767680826,0.37757499923703725,0.8824425669723351,0.3874484688520213,5.645040200915618,5.778405471665536,0.5914746868274923,0.5515412081216647,0.4427477528803301,-0.06850556828534936,0.872262544500928,0.10834037992416669,1.0,0.07529748993959477,0.47672963652455214,0.8372445478805438,0.4271982759895256,5.653123053472368,5.871625234006203,0.434451859503073,0.5624410068497367,0.4500853946623422,-0.002726902164204482,0.8494222331200422,0.2044640393045354,0.6484375,0.0773632817518012,0.2794579912717063,0.7983766522655412,0.42490174156996996,3.8880727048147037,5.87150116487235,0.3988512603567963,0.35665779416351207,0.20964348817941827,0.15570693371722433,0.9007550521773128,-0.005238511886262123,1.0,0.03331627549120404,0.15622425000762963,0.9621259064012897,0.17452847575243213,5.175433652817319,3.1060683970409575,0.9433443778908135,0.196691925856935,0.06037970589703558,0.7633922360454747,0.9484610011097566,0.31024754129960036,0.9272473611319997,0.4424687025080087,-0.022708726791929763,0.11352761651608355,0.002135260298011284,0.31084645499004127,0.025948662617969374,0.2550587251537881,-0.0014705707632871909,0.32137957094440556,0.9673990620200154,0.25942493611884254,-0.05883454358148078,0.11825466990172856,-0.10253089216928148,0.8531336642642705,0.9063047090448042,0.870380964178615,0.8786436236868721
2132,0.5902725668013143,0.43792766540897826,0.04427434766073593,0.8853553066004864,-0.04782979008082547,1.0,0.0735097181406004,0.43961912900173955,0.8519403380840648,0.4567031768184189,5.653513960841191,5.935724635239296,0.4316566218163035,0.538522002067537,0.5089472191346928,-0.13423499786844514,0.8998216687251909,0.0004645373029690923,1.0,0.07130182034901823,0.37546922208319344,0.8829148390030899,0.38541858709676824,5.595350370952522,5.778394747003624,0.5936685918655844,0.5924810219639495,0.44998083882835366,-0.002936546190042405,0.8796666740387848,-0.05500175696642945,1.0,0.07784862458428655,0.5737479781487472,0.8401491354946476,0.4226100827550888,5.874688974632406,5.871078099592584,0.5174838784117595,0.6118995220305377,0.5012606057852101,-0.005678903880729886,0.8611640027434476,-0.08060285461967111,0.625,0.08933930841662487,0.4358958708456679,0.8022346321481413,0.47144847021972225,5.1758246853129215,5.871094434813123,0.43342157313023133,0.5020163836557059,0.3535457746993971,0.20241518489565377,0.9055752053993271,0.017374078042668044,1.0,0.05946652463047288,0.3063447981200598,0.8356475522045764,0.3878181763089698,5.476651502285865,5.534323752927588,0.6172442294743196,0.2002251754892854,-0.11089699834905198,0.6938931349353957,0.9412592862917862,0.04368938240117013,0.9244192074138423,0.04238818085769625,-0.0607006117869001,0.1483230564805203,-0.1574398988734482,0.43162534667411634,-0.1241006326085892,0.03494706727495758,-0.0412599063803108,0.0708482562760993,0.9701450875216074,0.04049402548049312,-0.08750450584560562,0.15643558147904255,-0.0778554466080571,0.8527825177260491,0.8673412353862695,0.6233810799885253,0.6222028514311172
2133,1.2502722623413074,2.2633394532773785,0.13326576966556242,0.00965912978976174,0.49829319572937136,0.015625,0.9481648421078489,0.3100680562761315,0.0014457829564448789,0.5358013340409941,3.8459694052627706,4.510222563445719,0.17775315931527008,0.5258881627829712,0.5180036599250865,-0.20566659983320137,0.8993264476247459,0.0028823664674243743,1.0,0.0734616008369528,0.3470259712515641,0.8827867320820164,0.386189748642033,5.618897909968275,5.77840529381287,0.5933711736278656,1.4060049645199528,2.43226650577363,0.05653613028814431,0.06415594350902029,0.946098187370023,0.015625,0.8721818759362997,0.4938200018311106,0.13592023372292789,0.5759646275370668,4.0985907261565035,4.815292641090942,0.0897547616363381,1.3444348623896234,2.4137006589852623,0.17883125819276868,0.043736125427152335,0.949858309165019,0.015625,0.9015370347552537,0.4610431226538896,0.0834020590160826,0.5113645122229761,3.8366906785114465,4.458892979225473,0.1457824176621042,0.45544243103788934,0.4002380380022814,-0.4407206104544495,0.8959221088034004,0.036003997010919754,1.0,0.058503391451837125,0.15579699087496568,0.9325107452001802,0.24377484765182963,5.1755057259934025,5.178620870956319,0.8487564066513712,0.013046234932903866,-0.13735043180946252,0.7644460292601839,0.9499316670029967,0.529222546672235,0.9787434847729876,0.01074893479188304,0.03510859004745476,0.03136756781540221,-0.14061405581151643,0.04801681114267188,-0.16027074781802683,0.6388475849766523,0.0051681008389086085,0.6957403994935721,0.945908864870735,0.031323098397016816,-0.002497552373121002,0.03638226890399404,0.031096275596471653,0.2975020956668046,0.9842698903003997,0.3844622752469284,0.37306972868460353
2134,1.1830838668712722,2.109029886510105,0.27042180761369716,0.021917775578387807,0.7654683908696078,0.0078125,0.8457890896142256,0.04153569139683218,-0.0005331334038529235,0.3317526721499353,3.2144364524842968,3.7631550678261947,0.47514502895849803,0.5011880326763517,0.5075996853075976,-0.1475607962646216,0.898821527231179,0.003857202121294983,1.0,0.0702711941446148,0.3773003326517533,0.8818988028045056,0.3865475911165474,5.603540128932272,5.778389048303892,0.59389443202601,1.2357173992118353,2.2171887099425462,-0.2447593211484236,0.029355338099695562,0.8791840564977027,0.0078125,0.8486505308946491,0.26020081179235205,-0.0009947267608045774,0.38806666926133376,3.4364389658054884,4.0051020978690985,0.38904754880362297,1.0368059281596191,1.7888192852727496,-0.16534746312740636,0.026299237591475153,0.47337720473739375,0.0234375,0.6762561215356403,0.18509475997192298,0.032511410373004396,0.33769715454425814,3.287038218527895,3.8186951594061145,0.4866866591589391,0.4647753271167708,0.41485430859243233,-0.3861720449471881,0.9045752151584975,0.02334754056999673,1.0,0.05963384603884596,0.1815851313821833,0.9209825421170312,0.30109193199017675,5.1758782246269766,5.179825419487476,0.6903794439655146,0.004058826671152347,-0.007810286419409973,0.8743892328291115,0.9850909500627503,0.2411886671410984,0.8490454944645668,0.0019680132895891563,-0.03550333444330544,0.004317849645077532,-0.0022902931339515015,0.004400940676975523,-0.0641016196230781,0.48206888767511513,0.07481215131924372,0.5133113253046072,0.8611453795797502,0.002205485016437558,-0.016552542412149502,0.002159051142200169,-0.032847471617608134,0.4069886009398547,0.979479428900798,0.2450213375511071,0.14398200035591074
2135,1.259019542197249,2.2611239904658746,0.23744006126539308,0.2778027223789891,0.023335963403576774,0.0078125,0.8442512918056043,0.44511246070741906,0.11264489969387351,0.43630410351092375,3.5508857642468223,5.874299248847617,0.22938498559762527,0.5040102062779223,0.5072254169685129,-0.14627356123410287,0.9015565443171107,-0.0008329647185097178,1.0,0.0709666401758141,0.3812067018646809,0.8809433433841456,0.3885936389578608,5.652324946257141,5.778407297348112,0.592928641611945,1.1055644784800052,2.048423554174395,0.29611124406421957,0.008438255514335483,0.18338939142175809,0.0078125,0.949884865155115,0.37333292641987365,0.0053784851825566665,0.300358260806688,3.1690310162415773,3.592541774233199,0.5091129551401882,1.2181344385384807,2.2437955594521517,-0.25015477010133885,0.011934092063322445,0.6621541755562028,0.015625,0.936110335754086,0.4499954222235786,-0.0012575584092059432,0.3578955885730578,3.406978171383711,3.796894720245257,0.3281003386809888,0.3165492275976163,0.22070536933864637,-0.2390460279306373,0.8993619507331482,0.004167098710332979,1.0,0.03403856154357182,0.1553392132328257,0.9744464737503196,0.17084061650357965,5.175463811019494,4.705275039794111,0.9316714078382584,0.05153686463735881,0.11019265017149855,0.044805964797443754,0.5108358272645444,0.7555667708540187,0.8870757068097018,0.16696763951280097,-0.004480730313898109,0.01223631158649403,0.09394694833209129,0.027850593197098445,0.11685502214113581,0.028237636012159405,-0.019831920434343012,0.40443287270682127,0.8444870495276919,0.02386053324736608,0.09450910723970836,0.00329293679116129,0.05140043873556441,0.7835561368692896,0.9951078127373058,0.7497343039720055,0.6576729362794944
2136,0.9870411258366585,1.6425647339602387,0.3277423896210109,0.16814460816932364,0.9300077519365129,0.0234375,0.5762310018290193,0.18387401959288308,0.012812861197240753,0.2759001186422406,2.9083996528049907,3.62592086292163,0.6655955083535743,0.5131487952178041,0.5058977677203893,-0.11523168724183463,0.9003921251996966,0.0026711132051415024,1.0,0.07152377345716311,0.3777275917844172,0.8809976131064351,0.38677526229641773,5.648947058004233,5.7784028268516,0.5952689458872201,0.958092490325142,1.5458594417665763,-0.3189462433509475,0.15228050864388396,0.892221226083961,0.0234375,0.5049248723293808,0.3009735404522843,-0.00019213699710166933,0.2625672981932407,2.8532659257508364,3.6237636175968566,0.7031181711091947,1.1647015388576722,2.052103209807855,-0.2580941511607246,0.11545153655625866,0.9553573173362719,0.015625,0.7856719458663637,0.2783898434400464,0.024218474801707624,0.3416395104579549,3.379932496875471,3.785259841094615,0.4068490717681761,0.49775312883312056,0.40736142537054054,0.5368858360296985,0.8964642696132579,-0.023100424674522464,1.0,0.060914381112583835,0.1640675069429609,0.9189751015359555,0.2768502721513204,5.175581793322573,5.178601398360594,0.7747379724355067,0.0019415059058358933,0.12681737952362707,0.9787127608823675,0.9810888261606125,0.7427793252204427,0.917125739981657,0.004215670848573046,0.18076412141513654,0.0013399153463659501,0.1313648320294228,0.0032833899722149932,0.08082158054947824,0.37893171933720377,0.02341979816376525,0.7660972838255375,0.9102092959202436,0.003766646845089952,0.20118995489602057,0.0040821008560018215,0.154202317366993,0.43424994878560313,0.9425828959419976,0.3403038470593253,0.21654397057128313
2137,0.5377861177325048,0.3938384556422731,-0.08813106766247289,0.8992570477333046,0.0020081804015344112,1.0,0.05853054569258677,0.4521317178868984,0.8962349497890006,0.4221742705610148,5.757134513893961,5.857681779966531,0.5095275827752365,0.5419524576185127,0.5184395255532508,-0.18500932284473273,0.9021637726758678,0.004968848450224981,1.0,0.07459905651205798,0.3793755912961211,0.8820285614337354,0.38750957688340965,5.6347314249985345,5.778403010825241,0.5930878533143125,0.4901907583111235,0.4074763519039867,-0.02009965164714507,0.9015408942701919,-0.0009481556144474181,1.0,0.06293337358190977,0.6682638019959105,0.8642064635785162,0.37710195690767134,5.874854181862936,5.778782603702126,0.6717449696188731,0.6796664119084852,0.48314863552936893,-0.017257747044937172,0.8972389052993305,-0.019666544033733656,1.0,0.07711811999600335,0.5482650227362895,0.7633433531613399,0.48914260199346304,5.682776292437066,5.866836072746646,0.4970328949254729,0.47320350822303303,0.3983475201847892,0.5712997754400011,0.8946647908728567,-0.08557843774821748,1.0,0.0569445627382958,0.21210364085818048,0.925673146390898,0.29577043958417437,5.175770059444442,5.179684606649794,0.6926310009713272,0.1351825469721689,-0.2243244300314581,0.6257381444465209,0.1589846661162172,0.2533457549131657,-0.042663247412311416,0.2380669021508708,-0.09020773437348276,0.15628535694750464,-0.023980999217135236,0.5170307535444795,0.06693667019934978,0.37621526068032446,-0.040690474172800264,0.21845199622021397,-0.08235986716969511,0.10870739521420779,0.16430905621204572,0.3264297050083057,0.054134397958966816,0.8705142785616781,0.8260085608473942,0.8127458448682332,0.8359333174427253
2138,0.5196490383346417,0.4227685171912414,0.05747607444369925,0.8924253439898814,0.012257631830937936,0.90625,0.06799295993795675,0.2782677694021424,0.8394421280101111,0.3683557215832584,3.6988294386062055,5.8729914876729055,0.5173271540777097,0.5178185353046685,0.49850516516085275,-0.08023531594708055,0.9007220648154681,-0.00269970543863557,1.0,0.06946205436690449,0.3289590136417737,0.8821232435956354,0.3880967214853906,5.6294793222977715,5.778402196933385,0.5908845155001374,0.5441462510016354,0.4264504112543243,-0.057339289765166876,0.8919996675395769,0.0034724729068869725,1.0,0.06917572176320731,0.3890194402905362,0.8390968967216338,0.3760996253522646,3.9728360505993807,5.872946697614963,0.5484712273574928,0.5287352538499792,0.4108871368053891,0.1093128390295773,0.8880894911156486,-0.0037523781058663498,0.7578125,0.06796645317895272,0.2305063020722068,0.8157853071466776,0.3500922690562193,3.6804984849146196,5.872783628032845,0.6287941235428349,0.32539903263630604,0.2620607646647603,-0.11718054594671327,0.8992397616363599,0.02261455153520556,1.0,0.034101707150260806,0.15491195410016176,0.9749377983226707,0.16490753408631614,5.175450722589572,3.1048601810618894,0.9444363644499799,0.12812539668095502,0.06602475692583254,0.8343646105289626,0.9638375489591922,0.5521516807890492,0.9409635258143842,0.2804688962628051,-0.1197891060064786,0.10312805580854648,0.057977386400094186,0.2742393455785548,0.05621206021901665,0.41133441343005445,-0.04353108280525034,0.4833633164778756,0.9659356840876233,0.1854502367448981,-0.14235778746202446,0.18614088863060804,-0.13883730664344615,0.8535652185281972,0.9326939157617158,0.9019973888177673,0.9077240646807857
2139,0.5662269240398908,0.4546289497688047,-0.05734671127193866,0.9159402299178913,0.013921406399787143,0.9765625,0.07547591802736173,0.3721732230597858,0.8663850757293071,0.4194269235559895,5.175954190208263,5.936833082649828,0.45347366618554286,0.5171088693002873,0.49692633514361884,-0.07487122012155435,0.901176895691576,-0.010563913676210757,1.0,0.06961502125069371,0.32993560594500565,0.8806026720102502,0.38866350264771204,5.6398529798349495,5.778378871650026,0.592477656258215,0.5726010862471563,0.4399398331980837,-0.04445907659239207,0.9157854957697446,0.018872693398613936,1.0,0.07315175553096986,0.5160679952391125,0.8409542165485371,0.4022293415232701,5.874588120451745,5.8725349888871445,0.510638816182818,0.6335859606312193,0.47319386912256184,0.08597558257938669,0.922886865975735,0.02532752149544655,0.6328125,0.08253895826395606,0.3518478957487716,0.7823740995928257,0.42991215311027026,5.053110438484732,5.872525724567662,0.49755181779479635,0.3189328878531475,0.26184498377798177,-0.016250509141717717,0.9001168898345352,0.03278758878886799,1.0,0.03457138608054897,0.15485091708120977,0.9723835530327981,0.16564507554582023,5.175443499963219,3.1026293007098613,0.946937084180848,0.15919056383030109,-0.015778657654475593,0.7466117597960666,0.9599544445948838,0.2783301239728356,0.9431344175201051,0.3345679211877687,0.14741017041659485,0.12413027095911434,-0.020022704539232387,0.3650000445544521,-0.07228528227891567,0.4711478997740178,-0.08668448898284739,0.21103989919342928,0.9527267069872651,0.21551320620644987,0.14112710040082863,0.27522723220022244,0.1216303230363284,0.8577547129179068,0.8917418586689484,0.9028861517654821,0.9087007759636172
2140,1.1266122202366857,2.0701684970514216,0.28915703002319576,0.009920380941086984,0.4184111807840985,0.0078125,0.9327286181983088,0.0499893185216834,1.7365927355973344e-05,0.3154984784170367,3.1393356910497907,3.712488108541097,0.5095032807554887,0.5155950173965976,0.5159499006116418,-0.18956184988331443,0.9009814410563544,-0.003715668029003129,1.0,0.07382776303036608,0.38303781243324075,0.8842519386451251,0.3845141677598321,5.6224998908854635,5.778389929304876,0.5951633977612538,1.1297135374730047,1.9917025349679434,-0.20404429535592478,0.01758166108932245,0.6552405003430873,0.0078125,0.8133191168618163,0.40055543687246314,0.09119859754008548,0.3647636183990585,3.393476769382413,3.945509988137517,0.42926064542973696,1.198279763648057,2.1818870141649933,-0.2447178701452029,0.025270778388902012,0.8430991559486911,0.015625,0.8493895036756547,0.31116672261726736,-0.002160477260951448,0.3592957210025671,3.23046494808609,3.899250044364336,0.4493790013716258,0.40639061946373056,0.3817924172062042,-0.6582502872860785,0.8962925213691603,0.01819050999969545,1.0,0.04833394571909583,0.1586046937467574,0.9661718605546584,0.2043276607397678,5.1755218222872035,5.177867230662865,0.8726212573248807,0.002543628576615229,-0.07969498349967369,0.4915741205613571,0.8737349985313195,0.863735869953713,0.9313366644930049,0.004641439602334214,0.12384442037624331,0.006317596633807551,-0.0037734241904024777,0.003939116581993866,-0.0839659942131763,0.5132449430712622,0.011106746401186241,0.28883724739950667,0.8851246249484696,0.011385006834077359,0.11432006154046633,0.0018190986526148833,0.1441393921202867,0.4584305208902323,0.9786707181429299,0.5331267832457962,0.17484798967132484
2141,0.5597262650866818,0.43344796624974663,-0.008286623110334092,0.8913088102724155,-0.026034592188023446,1.0,0.06737717525131968,0.42127750480666526,0.8484530612363367,0.44875725146613904,5.653064843488823,5.9374695954086265,0.43970818878293105,0.48918475604300987,0.5047918909650719,-0.11707380387880323,0.8978966485512103,0.0045038375365992365,1.0,0.0699807992943108,0.32853175450910976,0.8825735843131763,0.3881128555301141,5.622393080704798,5.778401539002568,0.590939994828902,0.5011882868853165,0.4150759666597777,-0.08303288684864163,0.8971063453399157,0.0006266132377475607,1.0,0.06385191226200117,0.6469924008911405,0.8623939194247343,0.38531954232831017,5.874840812053124,5.779105679800924,0.644856927707995,0.5151622899467827,0.4100165603718866,0.10674546398696244,0.8562818996228656,-0.05812546622563183,0.5390625,0.0689609895163666,0.17191076387829218,0.7187610099111,0.35760883208871175,3.693872099098327,5.87292926100424,0.5610027289919648,0.5351719775831325,0.5470901853786149,-0.5534705542145765,0.9019005420755744,0.01967898908816436,1.0,0.0763886363439176,0.25180822168645284,0.8935431071595581,0.35180295733928535,5.299447260942579,5.359299967388023,0.6149532620826526,0.22309460497681735,0.12042750523711035,0.6349493688688448,0.29405511201217555,0.19830729140808884,0.5135740363831981,0.18503408547725367,0.09731343283659552,0.16671802758880838,-0.035051697314507566,0.23674685232092293,-0.017115342000392227,0.4318164281916981,0.10898766424511688,0.012143666281026705,0.07686974434909888,0.1646530819803638,-0.0713960545125001,0.111600186868782,0.17124384539580434,0.8607585528903785,0.788964087629717,0.7683243952502481,0.7379531078024738
2142,0.562894735021874,0.4110557107218826,0.06826938361391627,0.8976317869577564,0.010460941800732764,1.0,0.06179635897921138,0.42350535599841305,0.8781682188164855,0.4263818397723601,5.653202634165366,5.9365641363427795,0.5041894983905939,0.5315069848562811,0.5053559309991539,-0.1326523565226405,0.8999938129995988,0.005744051888836832,1.0,0.07133737142485828,0.3281655323953978,0.8810321799872404,0.38915727837711583,5.636476889793226,5.7784080279059475,0.5898954094611558,0.5295977982401356,0.41017364963779906,-0.09829422262555408,0.898962678548325,-0.002822910040790583,1.0,0.06266299406684489,0.6535843989379558,0.863587990902031,0.38112114244671286,5.874847103564951,5.778856812825821,0.6557478368672008,0.5748277714314116,0.4494939948471217,0.09887819949434383,0.9064556565117763,0.10457677644325279,0.4609375,0.07859832882704854,0.2097537156285287,0.7051889692886939,0.38441837821150493,3.779353381862007,5.8724484813820315,0.4765032920487901,0.38926694363250885,0.32361485850963045,-0.40364941541512744,0.8996216046773251,-0.012423899150813152,1.0,0.045861595435741156,0.15494247260963775,0.9694548143937898,0.19248248957561168,5.1755063725247386,5.177853925266438,0.891473744644911,0.1707096471314994,0.08588622618625846,0.6233157297724035,0.11771125398367412,0.06331825184372233,0.42786507664385115,0.5105895449624627,-0.0596776344968067,0.14275736288564095,0.04403780476239389,0.24461773389845518,0.04978186213832669,0.12707745742082718,-0.0903988496210195,0.08699849016050153,-0.018677382628149726,0.29780030543558483,-0.06095989275869743,0.043001796707460016,-0.0402981747915042,0.8725546151477788,0.7680331139155735,0.8965923835031366,0.8803110647000847
2143,0.5378747395908997,0.41336442412640545,-0.02729761274118551,0.9014762686528481,0.04912181061883091,1.0,0.06424343169200933,0.41026032288583025,0.869186367545449,0.43392100797835254,5.652992795783212,5.93731442725274,0.4773744858716615,0.5295797774759611,0.503614926294399,-0.11792621033882673,0.9002062560344336,-0.0036385332275589177,1.0,0.06991712676635445,0.3350627155369732,0.8814581636733646,0.38720949459557746,5.645396880657344,5.778393867622878,0.5930853045314356,0.5065802608037148,0.4152042864541663,-0.07802415024960693,0.9004797711938877,0.007714616253572359,1.0,0.06433308660084013,0.652516251106296,0.8622297159391406,0.38581941021250277,5.874841917274501,5.779022347184091,0.6459784621808514,0.6116113204628916,0.51367514978041,0.041253576096658306,0.7807434409581769,0.07673070243214265,0.359375,0.08621547817360861,0.27213354899746695,0.6036236297668871,0.3943159905248456,3.698075184395055,5.873131057904099,0.4612774439104643,0.4603072741730795,0.4477075831477896,-0.6103655664933254,0.9003877264317582,0.04552139612428301,1.0,0.055641395969266996,0.15460676900540177,0.9665136405080417,0.201901634960709,5.175516143505737,5.177952682410331,0.8805788214693742,0.16971181158935822,-0.05397507464227643,0.6306143856998312,0.24149877854741608,0.11397873779058937,0.6763329697270816,0.3361894735629929,0.4476493744691791,0.16665523676904664,-0.11985661188904288,0.257765112460237,-0.04441756787106981,0.5187175512620174,0.09369212316137861,0.01032758276926951,0.15011528539250696,0.25934710243969644,0.22223021131239576,0.190370775100935,0.38022439224610377,0.870989882606471,0.7962267541005951,0.8856607923057057,0.8712028549178854
2144,0.5167131307795033,0.4351362216122047,-0.18037060204384012,0.8978437126993535,0.0012267403928238106,1.0,0.06261693881214007,0.4295175023651845,0.902664238086167,0.4076529469680178,5.775409645174209,5.85769533825868,0.5394672242593576,0.5275190910924404,0.5038484444326744,-0.11745803107427734,0.8990052504609621,0.003314381622676745,1.0,0.0702023874964661,0.32563249610889006,0.8809082358526946,0.3866069768570233,5.6132657683674045,5.778401881036985,0.5938117561471526,0.5019381959820658,0.4100328129544592,0.009813585739085851,0.9008150658369956,-0.0037804238860017587,1.0,0.06296202087277064,0.641041291543321,0.8476030310355277,0.3911254371800587,5.874837941920678,5.871786666421147,0.6391352572499872,0.6099379573444899,0.42200097750354815,0.024961330883587835,0.8881520484251567,-0.029222144207861556,0.609375,0.07171469601901749,0.228217413861507,0.7495287863721803,0.3768700934318731,3.715666979349736,5.872705309930576,0.5445611134920378,0.4473348893404611,0.3540098023831271,0.49572158056438864,0.895200778095577,-0.06482260323220314,1.0,0.054337805098591506,0.17538987395855588,0.9126937365456171,0.28798912272541255,5.175581809374051,5.181812770430841,0.7695769256207607,0.1916578838845169,0.05009996054476178,0.6325913736596764,0.2757620176183706,0.11994616024010296,0.21501966514376059,0.31450459553586635,-0.01695131247217586,0.13739211450122316,0.07253196512152335,0.29124370921722553,0.0674613125172936,0.3502256483856738,0.04151364310067954,0.2827412212985764,0.5228453628859291,0.1885900121425955,0.035991098805203,0.14664901542021416,0.02649674735747819,0.8731644627965309,0.8560869681788321,0.798039398015637,0.8076613505258025
2145,0.48520391547638875,0.42037894415014554,-0.1061097503420797,0.9011090139865936,-0.000366475153487354,1.0,0.062141876202377724,0.445600756859035,0.8876037314122178,0.4287921772010626,5.756117317509646,5.92450474649847,0.5026565268301294,0.5021447297179976,0.5053472583549362,-0.12388375947585041,0.8973500124108689,-0.003967668469663299,1.0,0.07118117448241851,0.32563249610889006,0.8815075338039879,0.38863912357995345,5.610344032073967,5.7784054707619,0.5914471306165816,0.5137426577880557,0.4115087993903611,0.0231931318466376,0.900855013611503,0.0039398831053196375,1.0,0.06334535711364664,0.6470839564195685,0.8457589278645286,0.3936941221564981,5.874838421180969,5.870533837841489,0.6392487803255534,0.5428686124889637,0.4528596584840152,0.07560751070417622,0.8775289280973437,-0.04074649236273397,0.3984375,0.07469830248582733,0.13187047944578387,0.7600013663483157,0.28947949840153925,3.6699417952323987,5.65004293891836,0.7035636047852325,0.44142065072680325,0.29677420856651116,0.4024390751409358,0.8972575512714771,-0.026769816837675015,1.0,0.04855286793653285,0.1563768425550096,0.9222741967662385,0.24307929993029734,5.175461799170544,5.056925382382238,0.8650318562574486,0.22508134383330256,0.03451040232709782,0.5873400109278675,0.10576635017421071,0.046470774609829485,0.3938703138368876,0.17744080373459992,-0.007139487144896759,0.13906717265043564,-0.14478459680417108,0.17376434983156122,0.02033080976143329,0.47946307672986127,-0.026971226180051464,0.23551189455660007,0.5222350600009655,0.10352954553716669,-0.04239972214041797,0.12197030477824103,-0.20275972169776185,0.8671252144845153,0.8605037776127645,0.8108393652880539,0.8073851516660137
2146,0.4862597805530856,0.4195428856561677,-0.04117053126282374,0.9015421753379999,-0.00029336820189806355,1.0,0.061206173611552,0.46345408490249335,0.885476997520176,0.4264436828915778,5.796359436881018,5.8954215698549675,0.507810803968985,0.5126576455247028,0.5017457601372887,-0.10092700060193925,0.9001878433971894,-0.0002090022229654487,1.0,0.0700268001579258,0.3295388653218177,0.8841090560135194,0.38454294765216435,5.636371550408911,5.778394590533779,0.5955284063579316,0.5126281603803754,0.42324265113799553,0.011953233125889173,0.8969079126969036,0.0054973421405183735,1.0,0.06712820979760085,0.6173894466994232,0.8348521462877627,0.40481842236423715,5.87481803310053,5.8723870918680685,0.6017984670637743,0.49793357427572443,0.38519470497484126,0.11479049259133804,0.8710360700563489,0.031147678152674073,0.4296875,0.06380251561584549,0.10513626514481032,0.7700660702437717,0.28897939551036445,3.707509912045158,5.648805023583023,0.6760869701771839,0.40889562528936485,0.2795433657298513,0.34628682431349594,0.8983247057946069,-0.040164937162595796,1.0,0.043737140118270255,0.1553392132328257,0.9366386613592286,0.21952777659454265,5.175451210118681,4.706523366608051,0.8919777116284924,0.22833293487308493,0.08117080515441467,0.5856016332960532,0.05649384867263735,0.0004939010216583868,0.054214429080386574,0.17613810939329552,-0.03871512742356682,0.1323347632662002,0.12233540961183736,0.16742755594198544,0.10854714658275637,0.48206722033267063,0.09594709379739705,0.3112184827290364,0.7109887573337578,0.11032892289402527,0.04453632814191753,0.1242817487336301,-0.11749337570005015,0.8698930973041177,0.8991672936375259,0.8237767358526711,0.814843436512197
2147,0.5145040690055548,0.4256728604050813,-0.08643133424266201,0.8983381186400211,-0.000974951235693309,1.0,0.061210295245531274,0.41715750602740564,0.8912723693395828,0.41250742922355044,5.653529221992108,5.879670491423418,0.5269474948335713,0.49141698382656906,0.4988833765148581,-0.09648767619114001,0.9001928044419845,-0.0002470549850776263,1.0,0.06909649604025538,0.3274025696584979,0.8802962777110113,0.388759890202522,5.623698919397952,5.778393058477196,0.5927671006131907,0.49469797343965555,0.40599394652990883,-0.041820204619806386,0.899546979349431,-0.0005417562782438446,1.0,0.06208405080641749,0.6490981780449843,0.859732283064806,0.38267638991464936,5.874843805774683,5.77902078649426,0.6509630321233606,0.5700081616427025,0.44395425492475804,0.006815263321773634,0.842259392821163,0.041568570541139264,0.5,0.07535771028574409,0.22797326578569901,0.8141484666765404,0.37690203147994406,3.870377273481573,5.871532562942607,0.509017467936143,0.37325705897375805,0.2719692567818225,-0.0028790779585580787,0.9016227870615412,-0.015121776894233054,1.0,0.03983719090025963,0.15567491683706167,0.9507402452834206,0.20634408242231447,5.175471369935646,5.176092617764154,0.8971697468716469,0.1933449716103008,-0.130066299667058,0.6304671825502192,0.18260315794628784,0.05261445162100082,0.2696031349321828,0.5313424022358442,0.028828698775947882,0.1444471824708845,-0.08647452148974037,0.26650967761516947,-0.0432350736730262,0.19603640516702692,0.05079532117293331,0.17278214294475638,0.20203075064673065,0.29235683648298016,0.05248590180984544,0.07809716612895806,-0.05144233471855495,0.8748660991222559,0.8403659268744834,0.8641119546130434,0.8488042428458361
2148,0.5015608139589555,0.4082657456515229,-0.06520364865499119,0.9016930657818296,-0.003825937155187587,1.0,0.05969623616026751,0.44941557054353465,0.8929687742072687,0.4157378365750101,5.75736969864628,5.924386295148111,0.5268877735148028,0.5205108854206189,0.508241230992954,-0.13841901297948042,0.8991994789864555,0.0024995527818623643,1.0,0.07203441408607335,0.33118686483352155,0.8808475998318805,0.3877567266998377,5.652310161823568,5.778392369147248,0.5924925719534369,0.47681117215245755,0.4040319156682345,0.030571160215717662,0.9020057058144799,-0.006838403677063255,1.0,0.06169649200805016,0.6640827661976989,0.864507435929389,0.38007641006031495,5.874850794631052,5.778822720132658,0.664846586345606,0.5833254399257679,0.46570892994939495,0.08125244517849084,0.890972852366269,-0.01647136509596737,0.3125,0.08226740944514425,0.24286629840998566,0.7675437408944962,0.37269921800283845,3.74270950600027,5.872478336886499,0.5418645361025649,0.3081700900721674,0.23244199758453485,-0.24370254205619413,0.9003256658056117,0.00951508588119994,1.0,0.03313456685838197,0.1554002502517777,0.979430571125813,0.16303270578240966,5.1754699787336405,5.175810401956876,0.9336322633127717,0.1261289467549488,-0.005685417405256901,0.6276217912787402,0.21507564351412875,0.025541773694794774,0.3340199257219239,0.5107034238670514,0.12195310843248311,0.13688775763108726,-0.034950067022716844,0.27750686662075924,-0.02612925551776588,0.11155906299692618,-0.017501992051248316,0.1409225753484891,0.0316415112331729,0.28728110164581777,-0.1284122851463085,0.024806946804979597,-0.046239926979825666,0.8695706103964878,0.7879418929789848,0.9101306365355726,0.9098828565701418
2149,0.4717700275711429,0.40785323519929834,-0.10121403080082705,0.900117082214282,0.006167860204308139,1.0,0.060097508787961475,0.44581438642536697,0.8942060251363096,0.41164066272161426,5.799416697035129,5.921529843560277,0.5341230849284683,0.5062958855483446,0.5054852000504053,-0.13577564923783716,0.8995860706043496,-0.006046034319729944,1.0,0.07142908709619117,0.3270363475447859,0.8820098512348061,0.3884159767226379,5.645382642334919,5.778395229342508,0.5912541436347398,0.500112477643888,0.4089480857893518,-0.0920447248117989,0.8999621689786417,0.0035745599496475496,1.0,0.06235396502649204,0.6576128421887875,0.8673575966421844,0.3787673414891189,5.8748498004645855,5.778809597792167,0.6647390307735791,0.6073783832503281,0.45939111958879697,0.024140545361638115,0.8505955668377746,0.005985760529832435,0.453125,0.07990838404691604,0.2599566637165441,0.8316637735038055,0.37312953175562297,3.7786941400665572,5.872191357088001,0.5472665956451298,0.3146985123294676,0.243138625424332,-0.2802956022664057,0.8975315091786347,0.029770847493987798,1.0,0.034636016188183884,0.1554307687612537,0.9794520763894754,0.16403728832601774,5.175472361251598,5.176222005633141,0.9308504098191762,0.12635414374625142,0.009797193334425728,0.6316895474739503,0.05514901216015614,0.04643856890497886,0.26973859367388936,0.5040849311683275,0.251248606626822,0.1361400495177119,0.015280334887246146,0.2880338070799548,0.07933863479605756,0.15310766987095573,-0.04754901074078013,0.1347769857003508,0.1582814122001713,0.28689192096695276,-0.012417317264513254,0.04730293995251437,-0.041517897184337224,0.869451732747258,0.8096606050527015,0.9101163779015083,0.909679146214742
2150,0.4983103436750471,0.42459757841057316,-0.0358724817447562,0.9001158845973302,-7.69221214144558e-05,1.0,0.062013173113992334,0.44309823908200324,0.8882305256803891,0.4237489835272901,5.755824445341001,5.907499755990751,0.5094507282725982,0.5151367223861234,0.5033643031033953,-0.12789614961205295,0.9009560872612579,0.0014506839130159384,1.0,0.06980082324408138,0.3246253852961821,0.8838655981547399,0.38465075562973916,5.619826715330366,5.778380520506451,0.5941729132989614,0.5010025160625915,0.4072783856146991,-0.009895372904608098,0.9004947682117598,-0.0005714677068025334,1.0,0.06122647654573924,0.6689657277138584,0.8615093258358373,0.3795114008311619,5.87485242247125,5.778811099640023,0.6675765292693616,0.5740426900644705,0.45009410624694796,0.046062160156119185,0.8660921477154931,0.041984305783499494,0.4609375,0.07599113815626199,0.23175756096072267,0.8143564337631508,0.35832467165667714,3.7670969866845976,5.8722241869673955,0.5767819780835617,0.4103091391264862,0.4159642516538828,0.5856960530775879,0.9019177827192637,-0.014703198621746488,1.0,0.0510091975801387,0.1609546189764092,0.971831764329711,0.19753746078776177,5.175523060712135,5.1780661562202175,0.8790997922007896,0.23289380543027438,0.02302934784709994,0.6135705303243351,0.11625822823964403,0.0008423505799880197,0.24165216929163147,0.08072373960308313,0.03663160595393681,0.12463437076126799,-0.00399160817839417,0.2663750745518856,0.02203615519668988,0.497058691784429,-0.0683081112175065,0.1550284910104645,-0.019722913327038332,0.10429447640282706,0.027066471336299934,0.23987629377002032,-0.08368403084903721,0.8709080212216296,0.8054428924242438,0.8907019192531572,0.8898517143536606
2151,0.4865863103629896,0.4165258053645334,0.005112930112496028,0.9002252215792725,0.0002735600649595813,1.0,0.05983665920254529,0.4554582354197821,0.8916741867105187,0.424829097713717,5.851729168092898,5.895156807735496,0.5090511837134848,0.5178571197977802,0.49973895932387696,-0.08469802343037725,0.8988252524419683,0.003354123361211514,1.0,0.06969050918760057,0.3301797540208136,0.8833341889273815,0.3867658175821813,5.65231794009777,5.778391075502213,0.5933693267986343,0.4802528318812727,0.4012577857171936,-0.010347684809013512,0.8990223918451923,-0.0015436233362620753,1.0,0.06073688368895591,0.6644795068208869,0.8617188136436958,0.38167848159304446,5.874847747628617,5.778836903076035,0.6602155514642616,0.616857428772206,0.4803800180988848,0.03446158871115036,0.879899154745918,0.17515459812025377,0.5078125,0.08491901057079253,0.3118991668446913,0.7713568268600386,0.42630779151443843,3.804994083650042,5.872371675778414,0.4042611573967703,0.363669711969916,0.23898122978487116,-0.18671245795644575,0.8994382940651666,-0.01937944698874075,1.0,0.037721144250680384,0.1554002502517777,0.9633471890127268,0.1748543833209286,5.1754397205822285,3.109386978620238,0.940084998471084,0.22714822580891605,0.031216397098026084,0.6296295771613322,0.08931240106632168,0.06857809184382405,-0.1828763993836236,0.41232325888612825,-0.13285750353884607,0.1475042324360801,0.18375004035183826,0.35245595576411143,0.10477461541012024,0.18061353921463644,-0.10094936525193444,0.17180844069726658,-0.0893803133121998,0.24707305430359086,0.03409223808121342,0.0719573517679374,-0.03059981933667945,0.867800014961857,0.8147476825759072,0.8885178487801291,0.8959823521360547
2152,0.5114465914986732,0.40980298297722134,0.047490969316776606,0.8966173730077339,-0.010721672615223317,1.0,0.061848928032218774,0.44648579363383895,0.8844192061123506,0.4183531723579621,5.735562006031793,5.93686083289749,0.5164108051190928,0.5036071387138908,0.5076169290218854,-0.13300589327249385,0.9000012779073773,0.0009999960033087107,1.0,0.07096523650796409,0.32850123599963377,0.8823785137096911,0.3856656352393123,5.595732386206923,5.778407920690071,0.5948773121197426,0.5031734554635104,0.4029913121339357,0.03724505985338749,0.9019712803352989,-0.0010725048406463465,1.0,0.06174231485501386,0.6793420209356975,0.8606658713689772,0.37864473965015816,5.874855073627391,5.77880863328813,0.6750292533133235,0.5804504659942776,0.46752072536005407,0.12495112477102054,0.8078354954098634,-0.058313514185182914,0.453125,0.07891335414565956,0.19617297891170996,0.8638515513248473,0.2991497781895473,3.6871827106419053,5.872613750643965,0.6947326550576458,0.4189416886618186,0.23963322109744653,0.16472885422537847,0.901705409515526,-0.017145233594352646,1.0,0.039752519524497834,0.1554307687612537,0.9266363096866796,0.2402837578233782,5.175477068262875,5.177838867611566,0.8609777825328953,0.11927127871702609,-0.009623477402274115,0.6198789305103545,0.0029572235956481104,0.08526098469382902,0.5398248603570462,0.4343266270529457,-0.03399325358738855,0.14639917802228453,0.05019383087733369,0.23042895769982027,-0.017015896697094312,0.2635144124368542,-0.03991202496938688,0.061563110936999565,-0.02987732089953242,0.18315467483329384,-0.12322259811986826,0.08813549925142682,0.029386289285787546,0.8723905179286029,0.7879292838153988,0.8291222929920784,0.8365607189283981
2153,0.49609609833350515,0.41668316801341293,0.08864677393956163,0.8961430879912099,-0.000857395122375177,1.0,0.06277644251623508,0.4700155644398328,0.867457558202326,0.4468474002448907,5.809080862319071,5.937369078650136,0.4797955865761997,0.5014945756189174,0.5060729144167547,-0.10932892642232264,0.9007124604978871,-0.011185775019415839,1.0,0.07064274730639708,0.3293862727744377,0.8833259598347791,0.38410550718032993,5.578778992916868,5.778391846936134,0.5984190422871553,0.5350155802232194,0.4138298816737466,0.0199090075386373,0.9001184185035349,-0.0015503958379684429,1.0,0.06430999004067131,0.6572466200750755,0.8460873135321518,0.40036513809120117,5.874838906112688,5.807910472800545,0.6401543627421645,0.5609796100948851,0.43996787418000693,0.06182699467026134,0.8394914709861463,-0.008340411524418409,0.703125,0.07395127538044198,0.24881740775780511,0.7429782695034132,0.3835826885719765,3.6473661483973947,5.873193454165916,0.5248078244047236,0.4384373288270107,0.3510017957736662,0.41125211147013613,0.901468281089084,0.02134713802010399,1.0,0.051421100281240806,0.15952024903103731,0.9465877249108134,0.23777078472812335,5.1755741186485755,5.178374221674459,0.8198929034553246,0.19067439624045407,-0.09232761535132664,0.6476445615424378,0.29087566723241837,0.05110519030219672,0.6426847133110163,0.342977841434442,0.004322060540931624,0.17468521936984444,-0.059451360998679766,0.30545479496129885,-0.13265983082869498,0.2532489104944718,-0.04116398293040279,0.020784210370080138,0.29547730349372014,0.22923142675723443,0.059463105679625664,0.10170077140242836,0.05027372460520742,0.8561748769759496,0.8295978001191162,0.8377000922629046,0.8552453435403771
2154,0.6829469001723941,0.5667871657386205,-0.1008805438447083,0.8258766577788472,0.0863401755883248,0.2421875,0.11087287781355194,0.3815424054689169,0.751427535931746,0.4727760222804481,5.174845944448765,5.848879718716784,0.319605591843183,0.5027470072331633,0.5152138640653343,-0.17240436564115025,0.9005068637180869,-0.0005047542154039537,1.0,0.07286147188382376,0.3840754417554247,0.8806621747544892,0.38892178819577033,5.6275856939809605,5.778384855512506,0.5907928421586068,0.6831298378590543,0.5734257050393214,-0.009792457123268816,0.8205963057103505,0.12914398439659902,0.2265625,0.11050479678920763,0.520920438245796,0.7712753552268279,0.45381898839452556,5.175178600699084,5.848737181497699,0.355074729056838,0.6908767463579885,0.5151502627940576,0.05911023101271747,0.8683606873107689,0.002304841623646642,0.40625,0.09354654819532787,0.4725791192358165,0.7099671920482311,0.5191173594782451,5.359695828219803,5.848597824832828,0.3806685114956635,0.5041281346504348,0.5147257340851524,-0.5795872116487438,0.8986060545839126,0.07026581431611302,1.0,0.07263670478173849,0.1619617297891171,0.9374790899370589,0.2794624671660481,5.175800421151814,5.179085479999258,0.7136520972084217,0.09463913145920357,0.14898708982993777,0.7844590083662063,0.9871592629955964,0.12602928194321364,0.8716713730865425,0.20013572202775992,0.027503999951345174,0.1176522684663109,0.1436969359409289,0.450295203173735,0.13809567253271662,0.45881702595306706,-0.08273898931104287,0.14751668134898513,0.8132968431656679,0.14088011407957118,0.012185832104200097,0.26730364624344705,0.025101010898748423,0.8430751534973131,0.8016131232295146,0.7533430440670896,0.8096602268632703
2155,1.1257281501553156,2.0635689658079657,0.2879029212095971,0.011543076747331635,0.5079371877932283,0.0078125,0.9075362247988806,0.03607287820062868,-0.0005413187757951359,0.3126313392085278,3.1270302963947514,3.726614918700924,0.5246429590653316,0.5266859471036685,0.4966677600013646,-0.06641566449126086,0.9017299625517888,-0.0031702084043173976,1.0,0.06871379618244439,0.32880642109439373,0.8797357838730101,0.38756322521530573,5.610224988661525,5.778410875077653,0.5930021793330646,1.1504114172585296,2.026650412849829,-0.2304130806512375,0.020599349729057498,0.7043061052451749,0.015625,0.8124094735220558,0.36707663197729423,0.027085882788134782,0.3730348748019252,3.310835041703976,4.001108466758878,0.43936882822551776,1.0536573671653684,1.8629224108933577,-0.14386060745021736,0.01942816724850794,0.34076265519528387,0.0234375,0.7504255670734157,0.24060792870876185,0.03506985779088319,0.3349777690254941,3.3967196068032584,3.769493116596507,0.45128360915726967,0.3806634244252025,0.29514348772712456,0.05802906529374446,0.9000876067909203,-0.03179612085220526,1.0,0.04124237115638921,0.1596423230689413,0.9565426549272378,0.21476228636150765,5.175526041591888,5.1780231159703405,0.863313905302129,0.0066783117642497105,-0.01769833645695941,0.7048363198449852,0.9477300438578172,0.39358279569486615,0.8183468853734137,0.00043866706574611337,-0.04832384524939407,0.0026182192308542413,-0.0010010238302750217,0.004896515935281679,0.022399561653916177,0.5421012942730908,0.0003890500529495369,0.827419144364251,0.9308258002898394,0.0006924159802669287,-0.06356010999838363,0.003125199965757779,-0.08901659302799311,0.376566219519847,0.997419520723644,0.31878732695517364,0.24215484456373576
2156,0.7564319535502859,0.751217106660221,-0.04730662262269913,0.8018832963277466,-0.028604726482087246,0.0859375,0.1622391653370505,0.3686330759605701,0.8512811992391226,0.4245548122329391,4.69464982569365,5.847451026317209,0.3867593887643027,0.5018815498064316,0.49954456298377414,-0.08551973413801493,0.8995929504267497,0.006127373756311815,1.0,0.0688584445341856,0.32798242133854183,0.8834316193795128,0.38621858716387114,5.627580642768122,5.77841060119065,0.5911327098352108,0.7377924316167671,0.8727854691542202,0.006904871877228698,0.7204673894198008,-0.030965205808792577,0.0859375,0.19168674326730045,0.5328836939603869,0.8496371884279135,0.3911329132803389,4.68381420525888,5.847284661224507,0.49200776507964616,0.8068816612037357,1.042112247696746,-0.010650633438464186,0.5665725512536487,-0.030429338127595063,0.0703125,0.24399911298415466,0.4499649037141026,0.8657776156218682,0.36354255289616005,4.681230893146031,5.846887836143938,0.5507508063759619,0.41094491123867927,0.44535498320393896,0.678662265846428,0.8999405745159463,-0.0034064284292149435,1.0,0.05172097234582569,0.16241950743125705,0.9680793143839259,0.21523349719902288,5.175583785239816,5.178259602361814,0.8276766363711852,0.13878135726735724,-0.03153283632313335,0.8345494115156845,0.9985451036922561,0.4987761929541401,0.9659855065492393,0.30875904857836184,-0.06745846324346137,0.07713157820363185,-0.023558654974779804,0.2449700822229826,-0.01985591395660459,0.22952025920485697,-0.01658863569476404,0.5819369804990261,0.9695784660860574,0.14134605394199307,-0.05988095700286435,0.10605427593631456,-0.07718965604966295,0.8593085795242459,0.8776605480163028,0.8126173581756682,0.833795700486017
2999,1.0867139903841476,1.793065638727909,0.27765202933736605,0.07011818259198979,0.855440459616487,0.015625,0.5702755064147563,0.06286812952055422,-3.4705446820785545e-05,0.3489706204804831,3.0707044838389663,4.004402072794415,0.5492829175388823,0.5023209349232199,0.5056281904942062,-0.1224759598644331,0.8986548927483569,0.0019174617331151871,1.0,0.07070305696685397,0.33216345713675344,0.879760301221949,0.3891594803158235,5.652317012283912,5.778415544466997,0.5929658213019955,1.2463745842847112,1.9877493520966079,-0.16838840884050163,0.05945011360533124,0.7036023099797774,0.015625,0.601907104876719,0.33616138187810907,-0.00012875610271258868,0.39864166541856905,3.195288529323041,4.270516856674888,0.4849757534506651,1.0143472991082387,1.7241435791958977,-0.21984615660125112,0.03692398427487875,0.7183880047030166,0.0234375,0.6213905531859902,0.21033356730857264,-0.0011235639430438812,0.2664965550487056,2.98336788447534,3.62549506032162,0.7185773346433919,0.38187592885676475,0.24024354693390487,0.1650068761151373,0.9004187404252672,-0.04705928024863705,1.0,0.03943000180801116,0.15497299111911375,0.9488563359466933,0.21663334507158238,5.175490539140097,5.177830344734521,0.8785171713974768,0.01459892520601018,0.3440141679361605,0.9185012765322553,0.9488725269306256,0.39451337034580614,0.9069899032991092,0.001309941821989712,-0.04718108165089426,0.021881949158716125,0.3706639906494959,0.006997252530906155,0.20839997095060706,0.14934004759596925,-0.0058216181970470295,0.3413781250112183,0.7948113416202968,0.0014166380854528607,-0.055612252172134315,0.00047651598427977384,-0.08536011203119115,0.5928156977578523,0.6552943814866841,0.126396220004195,0.19680988221348258
3000,1.0955900968265309,1.8135248145140381,0.2881801809989085,0.0845132714709578,0.9026248014500339,0.015625,0.592960523646896,0.06836146122623371,-4.614181946980927e-06,0.32868333644484127,3.040112126473322,3.881160627817096,0.5573024807573237,0.5619727918672143,0.5047549855530171,-0.12117268480953526,0.8981280675658516,-0.002543598777322879,1.0,0.06977369989664116,0.33082064271980954,0.8805169854564894,0.3874633081786731,5.601297146674762,5.778398330052662,0.5947888517753156,1.0738383103476872,1.665504753465949,-0.21095492712339334,0.07424518601695274,0.6644133760044628,0.0234375,0.5132775645760891,0.3381450849940489,-0.0003315288344906777,0.3170757029060049,2.9628738360081277,3.874817430948162,0.5975697655190403,1.05475483959089,1.863137368674124,-0.19816169127946826,0.033393950073127406,0.6812257647697083,0.015625,0.7361582673065377,0.16333506271553697,0.031749650587485224,0.3769682694657093,3.292286436124493,3.993992343707561,0.4222242384892143,0.5613479349693259,0.4665006844891517,0.40117783945691227,0.9004361557853232,0.015032437098603305,1.0,0.0728794813231758,0.21530808435316018,0.8194270904902407,0.4240488850125608,5.176029760481,5.452019439655971,0.5562591958186821,0.013725192382023176,0.20152109759480255,0.9405351764605299,0.941250626601657,0.09709987344765966,0.868505778111517,0.0005416732598726627,0.059144546176743,0.016686525973687524,0.15517848379227422,0.012131385529179264,0.052103884695586966,0.2621833362412417,0.035704373536184685,0.05362352012941408,0.7537265764660575,0.0008179464997205338,0.009869830014986673,0.003228519193441078,0.019688384503088067,0.6460935722084764,0.7169042204025337,0.12426240090827055,0.09453019151875652
3001,1.1127465365103903,1.9664913075457005,0.29002234132018456,0.05526847261283228,0.8906401685001295,0.0078125,0.7935438307797648,0.05194250312814722,-0.00026074914938538786,0.3190743289376241,3.0412170864063297,3.786269302401718,0.5772198752866906,0.5267594243392523,0.5125058486749895,-0.16076041319403542,0.9007880797337496,0.0008583358361066547,1.0,0.07232795707638562,0.3249916074098941,0.8820627217746151,0.3871955682138893,5.564057044552768,5.778396239925615,0.5945633780983715,1.1196969051092407,1.943518458790768,-0.28401461648895177,0.06412361615912315,0.9016535477738643,0.0078125,0.773583585652557,0.34177678762169256,-0.00014967519250882677,0.3208579646845559,3.034940241489087,3.84004474642834,0.6032724822321196,1.1415909841665446,2.1139825846192717,-0.2560630559976178,0.041987311939073284,0.8875381549758852,0.0078125,0.8279625058505796,0.3455305642872402,-0.001144697309847707,0.36627548661271514,3.4221653307299986,3.872958059887875,0.38815543173792943,0.5808881505782423,0.4475476763323688,0.13277471687926237,0.9039946741257667,-0.04792757850085213,1.0,0.07736239652366764,0.24747459334086122,0.6593981063559505,0.56609355020506,5.300257625773424,5.5226512300542225,0.3754786068990534,0.00864213087089838,0.2754258333942518,0.9658621391936806,0.9826809255375863,0.8523981488077029,0.9435570001578099,0.0005331442379783674,0.0935262971108314,0.014649314552094048,0.2733897179861019,0.01806956999818454,0.29868500519848484,0.17040819692907463,0.07829454090988311,0.8936030155109219,0.9524034917573165,1.1200386504796182e-05,0.10623353967740629,0.0014714127966819369,0.08595476879531072,0.6763499380527226,0.9925560299931667,0.08640657046068229,0.073707484951938
3002,1.2418101386747635,2.270294215425579,0.2534113608538601,0.00888606709716367,0.6123874897378578,0.015625,0.9517519084527108,0.2367320780053102,0.0008938145014195011,0.38733901843073004,3.33420452909627,3.9855647638611846,0.3631118768106508,0.5317158551686411,0.5030890823047963,-0.12085399864409413,0.9000926805482886,0.0014701313681877597,1.0,0.07047365901292552,0.3270973845637379,0.8808580134672058,0.3881142798906978,5.652317094847478,5.778396814952798,0.591953475588018,1.2824548173623282,2.3545862867285265,-0.23735966252178456,0.046358940107277306,0.9369942949592764,0.015625,0.9233877911727806,0.45716727195043794,0.00688474956833185,0.41578913798573375,3.4329298515568976,4.069900683247464,0.30217447248127105,1.182088174912901,2.180984285489508,0.2632335365169165,0.02506519059568567,0.8380454723408792,0.0078125,0.9209092681237001,0.19357890560625018,-0.0006649370506693351,0.3585098070979701,3.226282330823492,3.9031282901834112,0.43251580176661597,0.3115477715544388,0.20564809974159914,-0.34006011324579977,0.8999686423618841,-0.015393690571119108,1.0,0.03261088850918636,0.15555284279915768,0.9783608194619261,0.1483418746579341,5.175427721401619,3.081691497545555,0.9686617368137117,0.009828712193992903,0.20079847459946124,0.9635045500258944,0.9828942760018206,0.9583210756036995,0.9815348044831381,0.016201645325479606,-0.06676813982998854,0.018744915470189576,0.1995151039922476,0.004372364592375188,0.18567144127019894,0.34782674877672726,0.10092683883926389,0.927326734485163,0.969090595195616,0.023938502381418588,-0.05938725349024902,0.001217937735890554,-0.06988803512813999,0.38590427284077866,0.9983694072395027,0.5599412334080631,0.14990333454523777
3003,1.1035711590433084,1.8710318894914402,0.2742917351519181,0.05787575167193499,0.8779495303923537,0.015625,0.6268955449838753,0.05401776177251503,-0.0006153007006663991,0.33505447945323985,2.9766871426495474,3.931957162262575,0.5653503631123925,0.5402679093794699,0.5123136570670761,-0.15046504613055878,0.8998157624014315,-0.00036990821032948816,1.0,0.0721053133506713,0.33094271675771353,0.8813882805971841,0.38787132607593533,5.6445603875342565,5.778402436928003,0.5923090678228989,1.2684223571799682,2.146468652369646,-0.2048069109569711,0.04982812935467383,0.9306056513569174,0.0078125,0.6756164565604772,0.3359782708212531,-0.00036674020272979644,0.3983450868585502,3.324659204018236,4.14264907265134,0.4476858498385099,1.0127503128667483,1.8094096515897184,-0.14795760874001432,0.028566182816029184,0.6102708780846353,0.0234375,0.7023623862553299,0.2465285195471053,0.046184854269630156,0.37983416531350417,3.2752944436107425,4.06229837260294,0.45527818849211954,0.3748691209408127,0.31172919118032394,-0.456405044391968,0.9000731699116743,0.002675449025221561,1.0,0.044172747322774965,0.14786217841120639,0.9661254348159245,0.2060271505863487,5.175547852200716,5.178065478924873,0.856226934486008,0.01787795876241599,0.40170591344201323,0.932101958538341,0.952950078227596,0.08187334831883594,0.8526574201760074,0.0007593084473877312,0.015406770020398914,0.025782843694275165,0.36795836258561554,0.009279265390993698,0.3764229054419388,0.5490555805952481,0.017786570382428146,0.05868780397958965,0.7036249217075524,0.0011297494339203823,0.003931342002674139,0.0019127435289421212,0.011911662284209243,0.6108610177379951,0.8667533053520069,0.14090554836647642,0.11396909878118183
3004,1.1141029212603393,1.9380313122833983,0.2795536938729198,0.0548727799879061,0.8935074227995335,0.0078125,0.71071844156855,0.06897183141575365,-0.00025232703637904143,0.32467041958305676,3.000139269528768,3.856953342352432,0.5798776203960117,0.5136404495765633,0.5103785521379409,-0.15084706848306895,0.9008645140742313,0.0026801016286906384,1.0,0.07265656968329622,0.325876644184698,0.8823414123542144,0.3867894838731078,5.580055413465118,5.778400541976613,0.5941117870113033,1.1514621664323585,1.8980779179677412,-0.23411521463760143,0.046538739748138325,0.8572204440220614,0.0078125,0.6495323612119518,0.3324076052125614,-0.0005382719179476024,0.3295855002483159,3.02689501082069,3.901589740363253,0.5875173213277382,1.0875613162173008,1.7745339768825183,0.07858329426303912,0.027418796040710913,0.46861325018389344,0.03125,0.6485670500887948,0.13736381115146337,0.09794742439598622,0.37902374544211964,3.4275042214496443,3.926236527649948,0.3795098096974202,0.5618120369688253,0.4226908769360102,0.2935980662007223,0.8992072674137054,0.046008230162707095,1.0,0.06750511150203498,0.28534806360057374,0.8164603188868266,0.40903488289821055,5.476359772973622,5.345478365691039,0.5789692632260577,0.014345332238273717,-0.0013090572994644196,0.9462405543875639,0.9643589253878176,0.22230526576398074,0.9205556037740358,0.0006022040058572611,0.008340949123275768,0.017574683483915127,0.02505691044862724,0.014213627283762971,-0.038893249078719855,0.07029657074241821,0.015232821215817484,0.207086348088876,0.895187701516288,0.00038202464990184573,-0.007051502327188701,0.0036801180265711667,0.02390274676300289,0.5381003656309492,0.8607942008669044,0.10777214621775803,0.10232441033323668
3005,0.5351497949953461,0.402742928179074,0.026252959907689787,0.9140183646364749,-0.030738779100540233,0.5625,0.06565344478620777,0.16284676656392102,0.7499917091010289,0.33951721829583786,3.788256523146132,5.872349207693681,0.5917820213557747,0.5254207854808867,0.508085139461166,-0.14945556449477806,0.900422119127657,0.0061037839719590235,1.0,0.07190585698341742,0.3249305703909421,0.882819456251937,0.38486426756955766,5.602051385965582,5.778388512989603,0.595434205914479,0.5117729522137809,0.3978620528964784,-0.024584943205583413,0.9130745979715751,-0.055888006382837654,0.5234375,0.06506018475683321,0.1835993530075991,0.7671321180106715,0.3192161292507369,3.7904822982687367,5.8721964497171575,0.6184505810162101,0.486045473934713,0.36055290138898227,0.02847345235845894,0.9158804529876918,-0.06316488776538844,0.46875,0.05812202310841312,0.029694509720145267,0.7623644414138085,0.26081873652141835,3.7837222693735537,3.4459083005277837,0.7021131091344885,0.332059860651624,0.21579568581471925,0.13703820335995162,0.8971705351147674,-0.02528592576421194,1.0,0.03391055902067172,0.1554002502517777,0.964517554712921,0.1703263060281981,5.1754365100915285,3.1021459847110147,0.9474676941238989,0.08953312555595373,-0.1399687973284629,0.9126246771116546,0.9765144447962429,0.7992347803943001,0.9516324186316067,0.004409879717941793,-0.01640273234993182,0.06317643396137808,-0.1487319507116473,0.04456060167170505,-0.14981618707432076,0.6335148367436136,0.004903319974526784,0.89993573688995,0.9862222862832315,0.012289671546106657,-0.011111546847368054,0.040559157518136955,-0.027996307325480987,0.8241368214247827,0.9916132874171487,0.7949895132956917,0.7272572867796859
3006,0.5656703661311776,0.4506559329373246,0.023010611332020744,0.8568760526523479,0.051011630203357305,0.4453125,0.07695177988144149,0.19708853419598987,0.7313028505256923,0.35602466983166525,3.8124642845104737,5.872075382064335,0.5810871548870433,0.5393403501746532,0.5059876297433645,-0.1235731776966676,0.9000502608118048,0.0022312842631121454,1.0,0.07110195384260924,0.32233649708548234,0.8828300633309356,0.38457198274125104,5.621704757812518,5.778366343199579,0.5951557573656165,0.5538166833453385,0.44741659018269975,-0.03014737865013158,0.8494248113364501,0.05943826952925075,0.390625,0.07668260714831569,0.2217780083620716,0.735129871723244,0.33363633802415965,3.813044665579262,5.871937967111913,0.6144436453865485,0.4891655403733526,0.4141701792018159,0.047919952994465526,0.848785546342651,0.07457823368912471,0.328125,0.06794397121258101,0.0347911008026368,0.7385763882576761,0.2662913902457043,3.8061593074519036,3.5342495638739577,0.723237515503419,0.342050289654621,0.2238112894500401,0.26220829813737984,0.8992360964342788,-0.02089634697409665,1.0,0.03509608118674568,0.1554612872707297,0.9680672135570689,0.16856565320253505,5.175441137263569,3.1023571924525664,0.9470946823695385,0.09961694054833631,-0.02736217517791202,0.9016684442247894,0.9839691216306751,0.7852332731678356,0.9649574829265585,0.03600097596312889,-0.0027848924437094747,0.06824616994844572,-0.04279363247682197,0.05088944902483692,-0.04421678284233643,0.5959004010366157,-0.1168048803347954,0.8718614427421065,0.9890733903432821,0.0006430754098694849,0.0006639337723437151,0.049007386164763085,-0.0048803581512608125,0.824902316163626,0.9884667923218495,0.8180160144406653,0.7692206638610942
3007,0.6912930337092095,0.5534730123127,0.09074706468604017,0.8470150295632538,-0.03244702910473587,0.2578125,0.10713516609947067,0.23175756096072267,0.4465179261962431,0.43668324892060617,3.8076009816309404,5.874211096868938,0.27028255266067874,0.5024135828534788,0.5103202365190795,-0.15240677759754884,0.9001607152309881,0.0024245606441456865,1.0,0.07236003730960858,0.3253273110141301,0.8822182046937038,0.38605810712312544,5.626548201844117,5.778413865405313,0.594130426249588,0.702453108327681,0.5407260668664896,-0.05245362194419037,0.8648713268494016,0.02919008232493925,0.2265625,0.10416209783343928,0.2968840601825007,0.5166979531640594,0.41320407573440987,3.83511130826843,5.872748216853632,0.334916304803683,0.6812171135829923,0.6034754453066198,0.0635983369096463,0.8381902510698273,0.010528136434313834,0.1171875,0.12412846509860352,0.0467543565172277,0.354698490837227,0.34412540791010227,3.791093602903219,3.681694881163088,0.36710112222300106,0.33363557417979267,0.23030955875455436,0.33384968711190743,0.900026065381061,-0.014178655150920993,1.0,0.035803756241065916,0.15518662068544573,0.9703582415695602,0.16752693585120024,5.175444162949224,3.103309398999932,0.9461934114836291,0.11069623640391499,0.004680498899401833,0.8407888633553732,0.8500396493811947,0.6554426406553155,0.7856711518203963,0.0661681130548969,0.04229543039589939,0.08376268177575354,0.0059863565190612115,0.054559969355344164,-0.02370771401660014,0.5403282466955671,-0.029092482213807322,0.8142995580274837,0.9638526539240966,0.02100583852413119,0.025629819330816907,0.048595087951972794,0.06384933110972037,0.8220792626658961,0.977060112397774,0.8279734442008714,0.7678584615063291
3008,0.7013627904366504,0.562121529545275,0.08211822970663926,0.8576792192478673,0.4057652214424657,0.1015625,0.10634537440887848,0.24192022461622975,0.5743859919606146,0.3920949649560759,3.7793203889061555,5.872773857358297,0.3490676897658402,0.5162756796417861,0.506417153730139,-0.1393414245213472,0.901749892193087,0.0014957538235420666,1.0,0.07061092482090414,0.3268532364879299,0.883359573293532,0.38535276130336954,5.620361683065797,5.7784052353065025,0.5958084902463242,0.6821869201475911,0.5544174765037059,-0.04597381045504704,0.8592419813068713,0.3548305477852345,0.1171875,0.10613651952335948,0.30600909451582387,0.6297539551220206,0.3769344191323839,3.7997313370089243,5.872521739667323,0.38583097778847747,0.6696969638622902,0.6213318083357187,0.021599349088697054,0.8233510895107825,0.4832264985500279,0.125,0.12004289403634015,0.05047761467329936,0.5222678055741071,0.3048361950789631,3.7532340203937498,3.5536928961268055,0.4513132446337752,0.3527303704517601,0.23145940856758085,0.3857170836946128,0.8986549283479316,-0.017588394166037687,1.0,0.036437862749636396,0.15552232428968168,0.9722947119437193,0.16655000221023017,5.17544941049041,3.1055936965629716,0.9438749293062415,0.10815669008250588,0.05574407213186426,0.8534916364842192,0.9653375871834342,0.655768592192872,0.937772858824257,0.1079087666766725,-0.06342794180522393,0.07895116706509966,0.051647852341531186,0.052316907202060635,0.03602219378381987,0.4595212540883154,-0.15324619688457275,0.8061716816169425,0.9557199547407846,0.048450166061272046,-0.04140420025535243,0.038902871710578005,-0.06856064866421242,0.8235549698804084,0.9669419042317718,0.8381872144507851,0.7652904326285294
3009,0.6182763517559073,0.4547351490259465,0.08956899983385197,0.8815805881322402,0.05274629271708181,0.6640625,0.07832974764558637,0.2856532486953337,0.7734191742151824,0.4266229702436077,3.880981925812637,5.872152824568079,0.3361516847453023,0.5537939393349429,0.5114431100893473,-0.15519212524895198,0.8974694563496645,0.0053946089330997645,1.0,0.07183446724679661,0.32505264442884607,0.8823723574959947,0.386957884813267,5.625671124043585,5.778401893394341,0.593474748897682,0.5812229654939083,0.4485330902951809,-0.030580107885661165,0.8853246216890605,0.07721809046815337,0.6171875,0.0765251929872845,0.3455916013061922,0.775489998435512,0.3964334830014286,3.879690516095505,5.871918280654052,0.4143440459514355,0.5007968659747967,0.4302377216437992,0.014288218997528433,0.8845499507960889,0.12013570019565636,0.4453125,0.06890625066121135,0.057649464400158695,0.7531160762916608,0.28882095518785084,3.840733999460637,3.4851216599250554,0.52894569332431,0.3261783582776794,0.22145820473731417,0.3719628115075026,0.9004071528690781,0.0023693326578303883,1.0,0.03464375678311028,0.1554307687612537,0.9729415108132874,0.16701366641709045,5.1754528150042605,3.107250284673542,0.9420683140058758,0.14572428425073372,0.007901496355947574,0.8323742911526384,0.9740294621741029,0.6498452231860009,0.9572808265924412,0.16268478826133329,-0.04728260009443984,0.10089768794443973,0.015418170168351788,0.07542913441145063,-0.00895670710828033,0.4238092384290577,-0.052490807241965254,0.7445196549436248,0.978543810595555,0.06823995364680883,-0.042275030766518305,0.053682565028112104,-0.031512771362166375,0.8385404955986399,0.9741576044443572,0.8575633364322333,0.827694714291771
3010,0.6166337528257737,0.4801951119995848,0.0630433280316315,0.8966668800233942,-0.020229622825769438,0.390625,0.08542002334141939,0.2549211096530046,0.608481753317526,0.4284359382656876,3.8682112121249888,5.8722650608911495,0.30940310464091136,0.5286918398982966,0.5089835657977964,-0.13620239355259164,0.8994024867510394,0.0027963206061114966,1.0,0.07101215382494545,0.3241981261635182,0.881136158754135,0.38760440906567073,5.642671400454422,5.77839101029044,0.5925626906967711,0.610429711063118,0.47129994141838744,-0.025020608082837247,0.8958559822923415,-0.021058563725262457,0.3984375,0.08263593800449467,0.30063783684804835,0.6128963015345471,0.40838246808376855,3.8721658401420616,5.872151201508365,0.3540170536172693,0.5916324841693237,0.48878381589941106,-0.000822763082142091,0.8752521557772783,-0.02956457631956838,0.2265625,0.0909275291998215,0.04608294930875576,0.5145808571011004,0.33245627091696084,3.8272618073216162,3.6562048514539227,0.42036132883289296,0.2989709723775765,0.19927409720459727,0.31471221634057284,0.901882623007256,-0.006563566820397993,1.0,0.031600466027905616,0.15558336130863368,0.9737267056604704,0.16854785316622925,5.175455166868986,3.109786041253863,0.9393503436585372,0.1290470696982933,0.18363381966299808,0.8707281547672562,0.9848789207629518,0.7286795508395444,0.9693908177185617,0.16357302446707925,-0.006279788986350031,0.08304650430126248,0.17573062709873988,0.06136091525331156,0.19934972879761687,0.3751158691206702,-0.0544861348219558,0.8130234611203774,0.9804481981305827,0.07358167859925809,-0.0029872906269466266,0.03901426853274414,-0.04475946564641522,0.8317607728994054,0.9759528264980577,0.8432739678153705,0.7698000475385339
3011,0.6252256473265394,0.45114757328195426,0.012229539093654106,0.8933190654880949,0.04894078451009912,1.0,0.0756416838141931,0.4007080294198431,0.8436996931473764,0.4749159839027506,5.177106835944628,5.934732150718693,0.37087245813699443,0.49182980766115425,0.5109741007642242,-0.1481988351350107,0.8990504342419617,0.004142740538234827,1.0,0.07160908542924022,0.3238319040498062,0.8819777364293823,0.38651672701380607,5.6319783566194435,5.778404964286588,0.5948800362031632,0.6384628032738767,0.4642291242330232,-0.014474636750006122,0.8904758801961692,0.06380892578342172,0.6171875,0.08135595817597396,0.5027619251075778,0.8278980611117214,0.45075106488337147,5.652987066413508,5.871667866253492,0.41872636249224277,0.6080079134210534,0.5481178072544962,0.02112870815688497,0.8684314395500047,0.08536133960795451,0.234375,0.09441946061033933,0.10867641224402601,0.4887202445723314,0.37529258894878575,3.944837042341569,3.8324553924699054,0.3272912354988308,0.3015742040779264,0.18506963270096757,0.2274794508644952,0.9011588352471435,0.016939261351007616,1.0,0.031047545070354204,0.15561387981810967,0.9729384501286436,0.170596306538662,5.1754585734566065,4.610705494972319,0.9358604531415595,0.19821108572918414,-0.10820174686350661,0.7417410434948253,0.9593468854513088,0.4466779806596544,0.9301825863339592,0.27147547158942975,0.12100720137761772,0.1309485492181218,-0.07513154131240832,0.11598322672060192,-0.10297633638908985,0.33133427062091747,-0.034640507102295964,0.5412181408744678,0.9694222494802344,0.13885367111837718,0.1185763279037351,0.06764701378690491,0.0923694472206312,0.8533511457371568,0.9581025426713147,0.8659553212865331,0.8272663895517501
3012,0.6346983433841408,0.46039737207198395,0.034871251852202675,0.8721792016344573,0.00034555140660303855,0.2578125,0.08379341658444131,0.1881160924100467,0.7094501625997534,0.38021903793422557,3.900136983472797,5.871484373927799,0.42549971723378355,0.5286747392500909,0.5140133716402288,-0.15699788705789847,0.8982201876785222,0.0009779566418450223,1.0,0.07292353624816528,0.325907162694174,0.8817772145942788,0.38667876114283706,5.646657829589615,5.778400226812673,0.5940081609693053,0.6224005440565226,0.4627213386563104,-0.012721711639594128,0.8744923640767667,-0.00038382275915762584,0.2578125,0.08577421599044319,0.20279549546800135,0.6931731944282176,0.36081529777979815,3.901424787672127,5.871380719513894,0.4460046549952782,0.5876004510149847,0.46342836676785126,-0.008566578571768513,0.8852292383115814,-0.015686554049397502,0.1875,0.0908278141820782,0.03518784142582476,0.6807572541908925,0.3086550685592929,3.8955872852206808,3.6096587902894472,0.4910924250777333,0.3068794478201877,0.1857400593617025,0.07789231911220589,0.9028594148708582,-0.005085432249749533,1.0,0.030055953166985207,0.15555284279915768,0.971154729142211,0.17609686191887353,5.175465428105425,5.022561973960282,0.9267325730549358,0.10106846269167605,0.11884839451460354,0.9248989991503974,0.9880274180257217,0.8267211051650821,0.9558961879373774,0.15540740589449548,-0.03758989189412377,0.05940179497568134,0.12298951237654394,0.03974199916787173,0.10103579760174007,0.2610492781673851,0.007967570132011138,0.8908030433301801,0.9750050018351293,0.07582447539505292,-0.01876132986486922,0.02351749790662484,-0.010109147485975448,0.8163704204610694,0.9814265859398722,0.8152916502306596,0.7088677005348429
3013,0.5351700634515392,0.44017703795953056,0.0691716943620317,0.8487552564088455,0.010907639832469774,0.4140625,0.07544009282320362,0.13287759025849177,0.668946096809096,0.3443472281514394,3.8575383236433542,5.647351855598794,0.41595737829462753,0.5287865670952103,0.5139102638161791,-0.16516884037071797,0.9023155316109261,-0.00126856780574404,1.0,0.07322164401215814,0.3275856807153539,0.8807779557985481,0.3869826323491874,5.600959369297392,5.7784026157998065,0.594305249844445,0.5174137098245385,0.43167239153356984,-0.020527072436316247,0.851527916275895,0.019963879203390062,0.4296875,0.07254159345335409,0.13760795922727134,0.6594867343450294,0.3367505350203498,3.862424113243992,5.606873984259551,0.4265492093871174,0.4727123386152959,0.41172986818062324,-0.014578969006387015,0.85727045395821,0.05222352025241672,0.4375,0.06702559802458961,0.02587969603564562,0.650308513290146,0.30723791983392085,3.8662448485926335,3.568586582205193,0.4387108450487451,0.31306642171678145,0.19890755875005606,-0.008217706167795392,0.8963778730278622,0.0171932927377066,1.0,0.03046764178822378,0.15558336130863368,0.9707380310072012,0.18015804948874498,5.175477892474039,5.177123963650482,0.9177965707491114,0.06477276475096624,0.06552555173224729,0.9567035514167516,0.9887955157042807,0.8771252150781365,0.9496635110931985,0.1105217551183011,0.15373229765854013,0.03955876884441076,0.0513181236345503,0.0283948643460246,0.034627928702475684,0.21643113995484387,-0.10127842407889706,0.9362106983415909,0.9741755888783835,0.05550743827354705,0.16526292713668123,0.014334679894079565,0.18305433371218932,0.7892045665537812,0.9880528620470684,0.7804735651909461,0.6585534109030935
3014,0.5871719100475901,0.5066436377335396,0.06721340168148435,0.9195736513070668,0.3347014743919198,0.2890625,0.09177902465669126,0.22766808069093905,0.7840464366414838,0.3826279158380112,3.913229747424164,5.8713152484823,0.4298838032367197,0.5529754744888586,0.5074199495534323,-0.13940032571022185,0.9011782731155217,-0.0035209155509866564,1.0,0.07132807793517235,0.326212347788934,0.8826322251928446,0.38756489534447464,5.62799936006104,5.778389605705416,0.5916055547023454,0.617006001220246,0.51253921750796,-0.022974331872129435,0.9241616707775766,0.3502355554340617,0.2734375,0.09323680268456036,0.24814600054933317,0.7737412632536311,0.3550291661566721,3.9110289335741837,5.871248824313252,0.4734313516836044,0.5433927185927226,0.4844694598311417,-0.00025722300736170933,0.9296358771537885,0.35167702107597204,0.265625,0.08384234931013775,0.03888058107242042,0.8043153005232465,0.2786814474709705,3.898228437351238,3.487467747847925,0.5872176955058144,0.31664957235262947,0.2187662360708684,0.011118442300956813,0.8996019208534112,0.001655924260433427,1.0,0.032271839798663264,0.15552232428968168,0.9705613575770788,0.18431567646040745,5.175490991703269,5.177444391506954,0.9058529515401206,0.11544465200108221,-0.056771388276349664,0.909535656779815,0.9927070995683723,0.8021234239392682,0.965765579591729,0.19136111750545048,-0.03241597226156084,0.07060410515117327,-0.04663128095334243,0.05048270151801347,-0.002759313025680873,0.17539293475490986,-0.05347483512851182,0.8727997424435078,0.9792177864716076,0.09509541753984312,-0.03695890476803043,0.021161680084562748,-0.050502323689164144,0.8316822794778042,0.981800750182401,0.829030853650655,0.7483805207158591
3015,0.5614973780406727,0.4470490623664336,0.04830755251257512,0.8544277491989878,0.19559525923720147,0.5,0.07619051550785395,0.1978209784234138,0.7792724963526106,0.35619559676269547,3.9126749935859206,5.871031446861553,0.5067625993484905,0.5295220100344864,0.5094935472786114,-0.14939652118900237,0.8993214083364688,-0.0005817536081735215,1.0,0.07172881470312394,0.32609027375103,0.8822246069087025,0.38636544357789526,5.652317078851994,5.778400221823247,0.5939874620993364,0.5352473035260217,0.4437420219840242,-0.006807859371522109,0.8504413987481549,0.19633676241946596,0.4296875,0.07463973032375323,0.21671193578905606,0.7916305916033577,0.33122923937233895,3.913278080210425,5.870939703642472,0.5238458922299213,0.46976568671662705,0.42113630997970786,-0.010489106446337496,0.8519192863094839,0.11980301462770014,0.3984375,0.06784974490107204,0.04037598803674428,0.7996246532158003,0.2795943060523998,3.90554261352331,3.4819319502672728,0.5578441656364659,0.3364456777063959,0.2333004543201447,0.034196393002978394,0.904705500109225,-0.015863806225072257,1.0,0.033694074399750286,0.15497299111911375,0.97031658818943,0.18758915736162232,5.175501087443804,5.1775697828732845,0.8967188164798735,0.10294316415322362,0.07124655351396039,0.9232438214911382,0.983995037304666,0.8189372719468465,0.9467365137681871,0.1756349206490003,-0.12845296722206245,0.06189747819227367,0.07341063193139652,0.04303421074766924,0.0816451473941387,0.16064535975105818,-0.04071141388861988,0.8884318046301181,0.9702006178190719,0.0829270537274358,-0.14460228013636137,0.016784341407974163,-0.10919324974367213,0.8268375121661533,0.9785975054394686,0.8071004032310167,0.699347359786891
3016,0.623355357645006,0.5012625252659109,-0.010208839838680707,0.8855097879453363,0.003046465273661523,0.2890625,0.0920945000563923,0.261177404095584,0.43294618069413465,0.44475601285810706,3.9192267552096762,5.87232942306002,0.24677230595232047,0.5041701564634432,0.509727699743723,-0.15458977265814453,0.8994180252417655,0.0032565268935305686,1.0,0.0711968938416715,0.32551042207098607,0.8812118599659772,0.3871523608895183,5.643106823884681,5.778403862150789,0.5941694611680652,0.5945726338852694,0.49640055613544315,-0.01975118148829148,0.8895116115263365,0.007370083501501292,0.2734375,0.09056075239342809,0.2881557664723655,0.3884214850230972,0.425510163860575,3.9208272180948334,5.872274214625825,0.26855632357586773,0.5545603713383119,0.48261849012300023,-0.020486446319867648,0.8984906623078486,0.0037068492216712754,0.2578125,0.08949748345053292,0.05090487380596332,0.3126718723802366,0.354587665976574,3.894798982167348,3.732877133881382,0.33219732057297147,0.33962764301366105,0.25188742645684703,0.12911663075127455,0.8993276238473878,0.016979115738356476,1.0,0.03578989260945512,0.15500350962858975,0.9708193580868492,0.19020762477486533,5.175515075887164,5.17773604479433,0.884442740309886,0.12804804635934144,0.04696706895726938,0.8821064188995381,0.9806745152224656,0.7466161653248594,0.9347773568723032,0.21801641440215092,-0.1888166163676296,0.07962802131193225,0.04444133870963028,0.06056294232683006,0.014091089670047678,0.14759209775767337,-0.04686561500988706,0.82862001319773,0.9724472188219534,0.10708129330752386,-0.1995186805607797,0.024007124477370183,-0.18935421990574294,0.8302658602426961,0.981026525587866,0.8228673642302792,0.7475664307601413
3017,0.5889276444833212,0.4756723122430787,0.04903008931499372,0.8761852805103095,0.012249632501723754,0.6171875,0.08454687823043096,0.3645435956907865,0.7692447951542973,0.43546042443944805,5.175164741962293,5.870993539368631,0.39117153279665307,0.5179070404774464,0.5082952224067891,-0.1440491781751802,0.8993319176290285,0.005489091329976313,1.0,0.07205706862452632,0.3294167912839137,0.8790747342396152,0.38898374463219654,5.651460009228653,5.778423497751164,0.5924743409013391,0.6199666198469297,0.4879802421192083,-0.016329376958816175,0.8694472432023144,0.018156334882562446,0.390625,0.08774882867355699,0.45152134769737845,0.7570752860301565,0.40257287955518745,4.01293268814843,5.870834826083278,0.47769147585341754,0.5946975469987694,0.5778065453977341,-0.005857934870951,0.7763746954266332,-0.012780741367308508,0.1953125,0.10332346027315137,0.08273567918942838,0.8583093759849939,0.26340975705409514,3.919009459824388,3.4592280589112456,0.7059751980841962,0.36781433166459543,0.2837033950174689,0.31059194176625426,0.9010580693667186,0.00876886629081604,1.0,0.03928980494502033,0.15494247260963775,0.9716013665030525,0.19203564218081848,5.175528121724959,5.177835855983338,0.8747505460589801,0.17833973427187488,-0.042990067301468,0.786328528678044,0.989379479971598,0.5584077317351834,0.9689401149645158,0.3039774305397474,-0.0609671097615788,0.11542832253448575,-0.05920752842447794,0.088123033088304,-0.08115795140600258,0.1532560299936953,-0.021978831106807956,0.6514188189215423,0.9805570752558361,0.15182333322133928,-0.08239784804703837,0.03425894724978135,-0.07715079532654615,0.8492406453333082,0.9732671895359025,0.8517028283801061,0.8008872802284482
3018,0.49844922233345584,0.3909098798873036,0.21708879701077743,0.8653166784774856,0.15158750060847853,0.5625,0.0639950599499929,0.07971434675130466,0.7553709399530606,0.2883298862510266,3.782444514700504,3.6751095338056428,0.6451747041267655,0.5154749758933512,0.5132344585879346,-0.16325156148224554,0.9023478926466711,-0.0039103777163981895,1.0,0.07300027424724205,0.32773827326273386,0.8808813761447765,0.3876579912406005,5.6500959271153555,5.7784033432375255,0.5915496464877996,0.46218666306118633,0.37833218265469637,-0.11412978791121237,0.8613428777529688,0.1572375764175683,0.546875,0.058841275137821614,0.08764915921506394,0.7498219410043782,0.2865615724904473,3.784861188112988,3.6545328214465127,0.6422658655054866,0.4082739247325829,0.3714289618695712,0.03540926070062325,0.8522804382309326,0.14891536474007513,0.53125,0.05374698280418151,0.017914365062410353,0.7604213226020826,0.2625024187468886,3.7865089688874436,3.4533169679270497,0.6677242238680225,0.3839005305760249,0.3330313645681902,0.5035940305208467,0.9010874870906567,-0.0057600231269666876,1.0,0.04469790150536799,0.15497299111911375,0.9756824177519907,0.18741731337866027,5.175526475759586,5.177813023186775,0.8804862894128457,0.042521941166978175,-0.009542454746691869,0.9547093285600604,0.9884786855202745,0.8635053286613387,0.9579090281732233,0.07913016150381029,-0.031987728224160246,0.02720763325687827,0.008339186809199284,0.023849352357294972,0.028651732652971273,0.1524773068062171,-0.03893643789067226,0.950165887993968,0.9810969055333433,0.03985243141387179,-0.04390813330812795,0.010110302380758973,-0.055096112127042504,0.7688463561559411,0.99075874704342,0.7762603214482641,0.674677872129923
3019,0.5672408935251086,0.4429747208186968,0.18599843632806307,0.8558703965259189,0.20029901835265246,0.4296875,0.07331631601990173,0.10867641224402601,0.7908040844085488,0.28485229203537893,3.746483210978477,5.16242342960029,0.6601191390870922,0.5292033854081888,0.5088634690511661,-0.1411938608995369,0.8984586707039742,-0.0021765382096871817,1.0,0.07252561632439496,0.3273110141300699,0.87976147603121,0.38819440411914813,5.652312738146171,5.778404483781818,0.5919742431130588,0.5496898122113612,0.4353573838558975,-0.10072658667943456,0.8521508522494144,0.2779184495561437,0.421875,0.07003918821013648,0.1313211462752159,0.7933676606610165,0.2820461330897117,3.7497518837917156,5.16424669887229,0.655765704014837,0.5146713001513378,0.4314419138167296,0.0621787636969361,0.8523961399592616,0.2868169638944447,0.375,0.07077659673412783,0.028290658284249398,0.7870251610148907,0.250705560390582,3.7441852615224875,3.3974871933649298,0.6935841289972215,0.3648938132105419,0.3329875629868828,0.5217417628974315,0.8997601162786788,-0.008648038362525845,1.0,0.042815097162295326,0.1553697317423017,0.978114899523964,0.17770379827888727,5.175504089358455,5.1775708379699035,0.9016830950330275,0.053504159169893595,-0.14822813829699077,0.9445787925319838,0.9883373500774365,0.8397071274037059,0.9669901167034203,0.10358786523640678,-0.1875227537199961,0.03590410042191323,-0.1458697654851402,0.03173823497827639,-0.1395408824769577,0.13901683453878966,0.05152518491204388,0.9331419321326805,0.9849772742090336,0.05464482258964854,-0.17826751678204694,0.013167784535461677,-0.15424170673573762,0.7918598426753662,0.9891903713185911,0.8146560880298372,0.7314815010589981
3020,0.5481561960489226,0.4458071490345011,0.04437968060708228,0.8782988848752337,0.014889735513749473,1.0,0.0742437323381745,0.39503158665730764,0.8422102459210059,0.47003724681454684,5.2603638015469825,5.936186182068479,0.36743037444460414,0.5440096420555489,0.5096548864358367,-0.14704878665653975,0.9005988662231358,0.009715277610344646,1.0,0.07197836741176368,0.326029236732078,0.8794553512357421,0.3892247189281952,5.65232759907054,5.778391401710937,0.5908811726026622,0.5880656914175337,0.4550155061020238,-0.010755347933014308,0.8743115289390891,0.005972647776397393,1.0,0.07926343438915301,0.5160985137485885,0.8269997167583631,0.4400750194936082,5.7256137403733725,5.871639553012348,0.4437402489984358,0.5807860718828866,0.5474403336043301,-0.010001308162772993,0.7474332369472529,0.09172145509927877,0.2265625,0.09763605195689122,0.10141300698873867,0.5950106531976951,0.347454185914843,3.895953696724052,3.673069410191105,0.40134466917022543,0.30066586267549394,0.24199565789283478,-0.2731193331489316,0.8993733972913232,0.016279714192177275,1.0,0.03155781760454782,0.15292825098422194,0.9857841632873097,0.15079927104029114,5.175454329175524,3.0967151998059266,0.9529417676359149,0.19885338729947014,0.06044248993175951,0.7319270092867032,0.9470528741091463,0.41143916885958187,0.9249332314038873,0.3982952211473725,0.25387861099917586,0.13810443124627156,0.03357808855591768,0.10646740633309845,0.0487780359396619,0.24875473711441967,0.0065441832528761595,0.49948519730804397,0.966349210753258,0.2260639519755245,0.23454599101444817,0.041009108218429825,0.25380112425275436,0.8489752590514597,0.9527342110212973,0.9141868884398238,0.860890938269573
3021,0.6244415877210518,0.4602971725000556,0.06923850565939502,0.9226744708348109,0.064845173829006,0.8515625,0.07847293852304425,0.3631397442548906,0.7119526490087242,0.47608631782661326,5.175566110493078,5.911943736380671,0.3319080012628579,0.5320057784618155,0.506663389239668,-0.14713316748201205,0.9004124942453172,0.004742124521816139,1.0,0.0719537945669167,0.32871486556596574,0.8787992819451352,0.3905706047230064,5.652310600639177,5.778422427671546,0.5876349533483785,0.6151803106574489,0.46124540319055957,-0.02094662186713449,0.9164328714486403,0.07955849468547042,0.6328125,0.08024210483061842,0.45991393780327766,0.7099065172112223,0.4466608124558452,5.177122387547333,5.871728964822572,0.3788914000737272,0.5558463389660208,0.4965701865540503,0.031122086507183348,0.9242811379713686,0.2638094677008602,0.25,0.08649820555560254,0.08331553086947234,0.6057586076945083,0.35048310576215636,3.9109571660636524,3.7460292537257023,0.42891132331293,0.3112369761172315,0.25185958235018624,-0.30589231736017763,0.8987670660004972,0.012806004912859697,1.0,0.03350473318779142,0.15564439832758567,0.9854652964587216,0.15131279237267864,5.175452983298916,3.097096739943811,0.9527217547641011,0.18654468400733015,0.04550790371804491,0.7746285824133617,0.9555994854758345,0.5120447622268807,0.9040975700901527,0.34846500845740813,0.02510594362598443,0.13230354172603295,0.060688450482139,0.09465274340211764,0.062253512178888866,0.28935469166202343,-0.04139426710684798,0.6051989642463558,0.9653108176266549,0.20258361253728954,0.03674847426965175,0.040865247682994155,0.0597056216897178,0.8443362199777744,0.961783454805339,0.9098543395316987,0.8538413184223995
3022,0.6458894994552195,0.4911650373818759,-0.022891513907087064,0.9008025467764452,0.012611713098715996,0.53125,0.0893436812662665,0.3465071565904721,0.5894660913100791,0.5127306244765852,4.4007200625147425,5.874293926004562,0.26681080121590356,0.5037741326777269,0.5037257847587191,-0.11019764315534132,0.9027193294615947,-0.0057178070344233506,1.0,0.07112961434631696,0.3273415326395459,0.8815654583475757,0.3867308347784077,5.633817607155999,5.778388579654173,0.5937200359799268,0.6286041303167663,0.47821658529996136,-0.051104735364616516,0.8970235227484876,0.020022635417446172,0.765625,0.0857391447402134,0.4740134891811884,0.7089026514245036,0.4786150229481907,5.526616327630903,5.873160183271425,0.391800370578823,0.6293949210185246,0.5696749734607193,-0.03539505802608887,0.8778962119252581,-0.0010344658810368314,0.28125,0.10235218362203435,0.1794183172093875,0.20473588255750783,0.4604864942862296,3.897705184477607,5.873071226116898,0.22908262460381582,0.3758332347986304,0.2753693546736483,0.4108191110430035,0.8987154843607292,-0.02974957450749653,1.0,0.04169974421195773,0.1553086947233497,0.963992643396234,0.1862748239833523,5.175465949748043,4.86234022652766,0.9171497538639506,0.1374015861115938,0.022978774475857354,0.7576964707444316,0.9368330786264835,0.6235156589527705,0.906140155032162,0.3051451613731573,-0.059170618882381745,0.11879540974589212,0.028683621765173216,0.18645093471225097,0.004380123791582955,0.161240588221084,0.22457954778892306,0.6455279698324001,0.961396278545783,0.1671275132756348,-0.11166406568401745,0.07792211934039266,-0.07990732897789951,0.8326668317585699,0.9410448784265697,0.832874070669965,0.8308462317531539
3023,0.5717475890183893,0.44351946481625193,0.06109021719923477,0.9029946969406504,0.015184289181958181,1.0,0.07383348705222186,0.3511764885402997,0.7968713055042016,0.4421950567708526,5.175431415452471,5.874588388185079,0.3797431201613907,0.5017126923504135,0.5054679670140485,-0.1371014179691341,0.9013865274326623,-0.009737664738161584,1.0,0.07045925006618181,0.32566301461836605,0.8846297315191212,0.3851342467441426,5.608561647654994,5.778400346097759,0.5942369506530194,0.5903911778043518,0.44556428926636515,0.0153059502473557,0.8985764185441375,0.02062745666042642,0.8125,0.07517559378611334,0.4488052003540147,0.749713613696807,0.4183642635240601,5.177074045158685,5.871143214948056,0.4436731883775105,0.5294110051701137,0.4217953301490605,0.005822717765058696,0.8899871786460984,0.030410363537975597,0.34375,0.07181307831440605,0.09106723227637563,0.7908662202479338,0.3092613385224249,3.910493429213291,5.154122554989672,0.5673932047692373,0.5282717869401653,0.4110669011585729,-0.03164362960635779,0.8951645134011118,-0.08749456866957038,1.0,0.06860341909164501,0.24729148228400524,0.7258682318224782,0.5212186308746978,5.176932481579368,5.5662460802805445,0.40142425289450345,0.11931546345380944,-0.021918466361574677,0.7579028858731591,0.9704379246398408,0.4806788286872934,0.9473039432218087,0.01852487193032946,0.027116472524425457,0.1359763164322264,-0.019492264958690952,0.13613318223496967,-0.00592168178494044,0.4986964981261222,0.11855482154969228,0.5886291588655416,0.9789644440224765,0.08518534981394142,0.04340010522302808,0.07944599812671008,0.053894385370671385,0.857459894328485,0.9612054807875489,0.6263428371706226,0.5750867001641522
3024,0.5546374130606836,0.4536327974705927,-0.02179867012141584,0.8854290788569238,0.036724890127286657,0.6796875,0.07769147426679865,0.3289590136417737,0.7502866607569811,0.4511889139021276,5.17395342830327,5.8711096506496325,0.3334824356287125,0.5018743063784955,0.5117367244999229,-0.16232631868773378,0.899068944463104,-0.0030223273071618654,1.0,0.07280072156899187,0.32306894131290625,0.8821943298039973,0.3877352052089417,5.593309716600682,5.778395478466686,0.5922968868001685,0.5992541548498026,0.45028181317659177,0.004720199623420762,0.8818984060565681,0.025271688987979646,0.5390625,0.07719154612360819,0.380352183599353,0.7341323158388469,0.427539524203668,4.012713404799645,5.870961618074257,0.38603895167892355,0.5583669744235012,0.4393607655698994,0.025277822479963692,0.8643431159764489,0.05228163750244212,0.2890625,0.08465639822845494,0.07168797875911741,0.720898951803611,0.3332563013367199,3.941373933062859,3.6546613044099274,0.4413483459572054,0.4884593854984615,0.38754782818957345,0.2825158495429067,0.8945236930377137,-0.10510378893117137,1.0,0.05979684621269355,0.206488235114597,0.8461661735196089,0.37066088315199114,5.175670129623828,5.529211374107982,0.6528167932065393,0.11134520528074063,0.13781882784152363,0.8005383379322197,0.9775809037239382,0.578035733727266,0.9623412511307686,0.02837000952248217,-0.19023117617747082,0.11551555406606831,0.13569383974031005,0.1084611586563887,0.13050865619706392,0.5890781521949978,-0.04014874862116529,0.6881006793894693,0.9854964133018345,0.048749148864790474,-0.1657532547724852,0.09419140683656708,-0.16849325649673458,0.8493678669279489,0.9703547154536449,0.6846671438772824,0.6328502767078015
3025,0.5409680431533983,0.445222697392752,-0.01896821805496263,0.9158196573313083,0.02664111009829842,1.0,0.074384085989664,0.37467574083681754,0.8466669219722107,0.4605117991672106,5.175866908735555,5.916529768794152,0.3731920279118651,0.5263456785358636,0.5119774346470964,-0.14366773093685797,0.9005952936398791,-0.00192991149939879,1.0,0.07201814712782126,0.32438123722037415,0.8821021540761469,0.38527592705509034,5.610206590930761,5.7784015248489435,0.5942435322699293,0.6029512524267966,0.4637368925873472,0.018968927809338027,0.9219526143986463,0.056337952153833415,0.703125,0.08107413068744804,0.4629047517319254,0.8063567209808786,0.4365932475687902,5.490517608513845,5.870246013114593,0.3921593829788895,0.5825579276763933,0.4953560061426522,-0.011419665556390303,0.9235978023157163,0.16354664278823558,0.3125,0.0863069870145472,0.10602130191961424,0.7518967021168483,0.35039484793176906,4.003527636385727,5.150959719095568,0.3901126867313227,0.4840515539841027,0.3813305377685583,0.3998334049078454,0.8974568407965979,-0.08075983937374333,1.0,0.05830670555541937,0.17767876216925566,0.9010103717587585,0.287754531121414,5.175538481626228,5.356446163995417,0.7914846583272406,0.12036682216193322,-0.11171925686422278,0.7518023010880773,0.972335651058713,0.4690767542578059,0.9536716143975441,0.08097587143110299,-0.3190768194727687,0.12516614250718613,-0.09010318972954572,0.13379348102246838,-0.09107048359939926,0.5850246325294858,0.11814639020766736,0.5936034686697844,0.9849543512152683,0.02219338014883439,-0.2989261759313841,0.12359733659663308,-0.303961822576814,0.8564225941234688,0.9570018736593673,0.7430228041586722,0.7328607763084121
3026,0.555306235372215,0.4464374518860927,0.03595399369660427,0.87554932340071,0.019928265077508053,0.6328125,0.07526523748131725,0.24939725943784904,0.7071699106256527,0.43938167986130894,4.063401958664978,5.870379771379636,0.31356537860765205,0.5166477714457807,0.5073121122078071,-0.1438837827187013,0.9009801857026116,0.0010350077263451309,1.0,0.07158226265849446,0.32996612445448165,0.8814023343766502,0.3860346102558653,5.652309876289609,5.778392113297885,0.5928172827545249,0.5614248999203313,0.45133780136969437,0.01448784016999209,0.8718640814682063,0.035832602731536926,0.5078125,0.07620243695058726,0.271675771355327,0.7029240240625201,0.40970359156791153,4.058993217669997,5.870218148389115,0.35288100217791973,0.5254211089298199,0.44439871588977115,0.005224560315644488,0.8577745877659072,0.033927799021450024,0.40625,0.07443325121655084,0.1402935880611591,0.696678960296144,0.3870465012109604,4.046454820137477,5.756736056420836,0.40789406327865807,0.37979877712528237,0.34049326252824735,-0.6076302657978196,0.9008067576580161,0.02515423574070048,1.0,0.04542299434219349,0.1553392132328257,0.9676829873553343,0.19221161645237408,5.175492061270268,5.177511676587354,0.900119582365287,0.09482092201724089,-0.0021223967142619477,0.8929127396435236,0.9897334083614122,0.709188460136211,0.9848587243452379,0.24767196407545913,0.04060947803294551,0.08849137240791098,-0.0011495386859506694,0.16928178004432626,-0.015391551287273634,0.414886718436289,0.0707166183061077,0.7586369182992442,0.9902549362126085,0.134743242727489,0.04088625258410361,0.08255668130569103,0.020336326820740543,0.829392908868728,0.9710540340856858,0.8120247597126898,0.8358769001763985
3027,1.3206450841617359,2.481748931346378,0.22757938011458864,0.003926549806110337,0.4227835320966946,0.015625,0.9644996302527227,0.3709524826807459,0.04579394301613945,0.4486992655711182,3.606231385741755,4.170617828595876,0.2064726675570338,0.5538201728182475,0.5077918300040014,-0.1443921835190259,0.8999908340215785,-0.005227060407155446,1.0,0.07201680327727136,0.3246559038056581,0.8825580784636553,0.38726426285742555,5.652308773291172,5.778375855806684,0.5929860004183978,1.332376571011082,2.4603975936747706,-0.2078504343095238,0.025828541638859736,0.9158956187563546,0.015625,0.9288537132812309,0.5844599749748223,0.07004132601639318,0.46725358601766115,3.6974485444246525,4.237868432020787,0.18766790237942615,1.3348121136416875,2.498206207525429,0.22391138463702562,0.009918157364752328,0.772240944845031,0.015625,0.9656807230023173,0.36042359691152687,-0.0006440760867354161,0.4357966206086395,3.5645045827595516,4.08640732275969,0.2305137182567395,0.3221076475121352,0.21683305471314074,0.2246370192952888,0.9011768214763218,-0.021821994295653513,1.0,0.03447110257045398,0.15558336130863368,0.9685169449907556,0.17816731587546303,5.17546121279395,4.705374826627188,0.9279544962615622,0.013928261491101782,-0.05325375716471063,0.9319002121723875,0.9971195136800897,0.9597707503384071,0.9785627986543218,0.02299843514362357,0.0052719748514184804,0.027383508341403885,-0.051746517836710734,0.00800989571927989,-0.07389432719890433,0.058556933205068114,0.08753177943613719,0.8747502346721402,0.9720490515449165,0.03404412950722616,0.007814738905342004,0.0009722491459027223,-0.021395751508415342,0.3894251085861224,0.9925071205009588,0.5083965540551948,0.08443031594161857
3028,0.594430740120574,0.4789817059466546,0.01673013871507459,0.8555273666632722,0.1983829300357698,0.4609375,0.08316342410566892,0.31446272164067507,0.8327346692281649,0.4126052819493293,4.935631165652831,5.823508587213224,0.39405611514836403,0.5039876730184751,0.5098932862477206,-0.16325263406579124,0.8989673660711156,0.002521286639283237,1.0,0.07258449477670632,0.3289895321512497,0.8801773497029419,0.38922129120100013,5.652310562471364,5.778416743572182,0.5906371588561381,0.6164343284269777,0.5183461174408982,0.019628123955125403,0.8195786076400186,0.4265746737342215,0.359375,0.09151228356062398,0.3757133701590014,0.8679059016063194,0.37090722230705836,4.9341695425276635,5.823265292482803,0.4544082195279814,0.5886289897649363,0.4818670318466704,0.0546165372497513,0.8601130041261799,0.36286756294992506,0.3984375,0.08433148014723278,0.28028199102755824,0.8331243533341017,0.4024081298029901,4.933957432615393,5.823263820525017,0.4536914802090238,0.31576163478325153,0.23122933687493857,0.0748498802871474,0.9005735951188533,-0.00678179844356134,1.0,0.03191571851928074,0.1554307687612537,0.9748279606740842,0.16894383803418347,5.175468639610642,5.175957378761789,0.9284932973720932,0.09935472129923197,-0.17216001323685742,0.8393024303194202,0.9739879671075637,0.6731515044138475,0.9118058858838987,0.3467485345747115,-0.07469110076435859,0.0872870648339873,-0.16841846751794762,0.28351881575350807,-0.16108665835951452,0.08634852807529762,-0.07024692005593794,0.7089031164496402,0.9106571499792591,0.14350072029231734,-0.0843506843134658,0.007864518801752166,-0.08504061966463054,0.847338269716862,0.8846492709235241,0.8366094426930114,0.8796155158939333
3029,0.7361156003212143,0.5117440315040256,0.07535569709448194,0.8778353327831033,0.016378813600078673,0.046875,0.09721994261565421,0.3867915890987884,0.9119237553528863,0.4482332151559847,5.47622678339589,5.8922237367295285,0.44616394198988985,0.5294374307819533,0.5054485987004236,-0.13182772330389983,0.9009862927106316,0.004958246016803083,1.0,0.070298675404341,0.3283181249427778,0.881255403615489,0.3862910577345787,5.596657218027455,5.778392662862373,0.5942685697414896,0.7043676002816021,0.5548446097751494,-0.004911497577551056,0.8803660306537887,0.014530008228602636,0.03125,0.1151985585286973,0.6343882564775536,0.8729499030163664,0.42633572289521415,5.874787224821011,5.820046041885059,0.5529756690317187,0.7520451224205315,0.5957988882974703,0.03562787394131915,0.8708221341335474,0.012175767456064858,0.0234375,0.11993096711783492,0.4622333445234535,0.814765146781841,0.5169007764028061,5.400624182949556,5.868402773816857,0.3912043315305824,0.3991484424131181,0.3170221847125813,0.39193363139646853,0.8997331913518831,-0.0405732738521453,1.0,0.0471732508222434,0.15497299111911375,0.960048119118545,0.20745216344436404,5.175515865084966,5.177853445653494,0.8719384029148508,0.17049568541206406,0.023949939812429422,0.6605672450626232,0.9612309363595333,0.36078201505155677,0.9214354361433335,0.44790552524117117,-0.13139328380678414,0.14791117857569105,0.025706700130044727,0.44347670776444387,0.014715161167320374,0.1364166770397933,0.08058737760183136,0.37813927130763414,0.9645286323480887,0.18071319655485665,-0.12444539280695485,0.20391948027874626,-0.08773918756241679,0.8651572670262241,0.8509854273423769,0.8204142496906289,0.8715550542660446
3030,0.8533183574392652,1.0117036915826592,-0.0747422749264312,0.7776659383951269,-0.02468455644412236,0.0390625,0.2626506420762128,0.358348338267159,0.8951396440134731,0.3821286794005908,4.935325648309614,5.8230095502180514,0.48218817085006166,0.5039287376673188,0.5088072417308814,-0.1374916096102085,0.9005671519165628,0.004174383251543149,1.0,0.07166451664290384,0.3281350138859218,0.8799604700021694,0.38852728160122546,5.652308355930885,5.778415127228397,0.5908509181477769,0.8834720545307871,1.0990372944638147,0.03718308076497908,0.776483489203619,-0.0045316680501977565,0.03125,0.29393648255068433,0.5966673787652211,0.8757752138727716,0.36097422878137453,4.934858182316677,5.822995989910587,0.559150527229815,0.8376906102789476,0.8620664902621276,-0.015278047403511847,0.8287044184670438,-0.010946162034204286,0.0546875,0.2040927878193074,0.5092318491164891,0.8270328021542196,0.43360490516964184,5.174196217270768,5.8229166826350784,0.4837348333753724,0.3887911239190931,0.37932041072196715,-0.6165409830325723,0.8988255818446497,0.03440439764779689,1.0,0.047238260950020684,0.1599780266731773,0.9675475617827273,0.20295643210027609,5.175521696700841,5.177931309441053,0.8722945640391808,0.11813538889245587,-0.031245420868554915,0.793969246557133,0.98704761390587,0.3258218192561769,0.9631880648561972,0.2783605671939914,-0.05309340185941654,0.10331369939584549,-0.031580975973706966,0.39940764056052674,-0.035789760393305274,0.37913089120238125,0.05065988551407524,0.3599539671146258,0.9649767366114556,0.13349105753573925,-0.0212020919362864,0.24949718769308402,-0.016923397738360973,0.8551693677980325,0.9114031711482347,0.8400391721567837,0.8847957031297963
3031,0.8632890082641942,0.8413525535512597,0.16762492436211407,0.8631319291742868,0.03161200154407856,0.0546875,0.2007920200815389,0.37806329538865324,0.7911246656513019,0.4855848402970546,5.175092126956253,5.8211981474231855,0.34515027650974645,0.5044817818138593,0.5076430450120043,-0.14542219050009234,0.899817644560018,0.0017361912503847782,1.0,0.07155575355881919,0.32999664296395764,0.8829525579533378,0.38689977809027515,5.644548700065213,5.778396631899274,0.5930976624812212,0.6670955019891652,0.47189106301843076,-0.01049499197889801,0.8966336183791368,0.004298444296500232,0.265625,0.08509961471924656,0.5960875270851772,0.8102401720424713,0.4419758033680028,5.874801197053462,5.821054817865871,0.5700651341960863,0.9839913475654265,1.4969990136436118,-0.013623045232673053,0.06718642810269727,0.3120376706383521,0.046875,0.46019996446346656,0.412732322153386,0.9271497051500289,0.3856551685523551,4.986198497856562,4.015474256425463,0.4475666886634357,0.41157175197714346,0.3291046661694856,0.012343597204780078,0.9006992377983024,0.03391556107748852,1.0,0.04569458544002425,0.17014069032868434,0.938266895027905,0.24970156508240665,5.175564933225516,5.178399329576166,0.8089748754998385,0.14069121546361932,0.00852924223234048,0.5294490503150061,0.7676971476267802,0.4908122963640394,0.9717431044430759,0.350529734451319,-0.031214033850041022,0.14290324522549802,0.02902881659539508,0.10615098929741247,0.017117564822377914,0.2678348365207077,0.09631509663238688,0.09632417064105653,0.7406617640789385,0.2189005715337756,-0.09772516318788836,0.04864522265393796,-0.02947132565470002,0.846248599836909,0.7904004199992587,0.7953298551998234,0.6429115770454138
3032,0.5162007082977755,0.41241755673642444,-0.12296512140273791,0.9031975676581941,0.002421647373964105,1.0,0.06295222175214608,0.4523453474532304,0.8748982463681438,0.4338652649416368,5.755996248598583,5.923852256128353,0.50601932087485,0.5412377769948009,0.5100093410683543,-0.1582725457491789,0.8984537710686211,-0.0021459436728315795,1.0,0.07259151635890061,0.3316141239661855,0.8812499586677864,0.3886035627226345,5.652318869260864,5.778412107298645,0.591733587940051,0.5391547615369194,0.4326836478361652,0.016882388389973173,0.89423060564526,-0.019611300544347437,1.0,0.0708669198728329,0.5569627979369488,0.8571989200669792,0.4355765480220298,5.874690592373423,5.867439855508805,0.5193598767511332,0.5509415830176826,0.40436612504261,-0.044786725131623,0.8657578146726791,-0.0618697377885423,0.46875,0.06837229576290027,0.09491256447035126,0.8476195526971254,0.35616970053222086,4.165171219785638,4.233289471364139,0.4084794636022627,0.4997328186637018,0.4970091385084262,-0.639819339701463,0.9000425508956686,0.051225812943215834,1.0,0.0655963687488148,0.17639698477126378,0.9437074802501286,0.25279079352958295,5.175603810670277,5.178570421372483,0.7880392182475048,0.1504177423221316,0.030784907628204877,0.5729433868070191,-0.042702247248621136,0.0076754851405922645,-0.10980647623301999,0.3025415827454449,0.19171718710864782,0.16005983365220405,-0.08583783682788544,0.12347069269274756,-0.0425980310275837,0.35688661419820567,-0.07550320398423427,0.39688570044136084,0.9405714060635028,0.18776899710836373,0.04109864924141602,0.06525281310379188,-0.02539093718682545,0.8620168008677661,0.9357106287997952,0.8082450777370102,0.7154827759867448
3033,0.5329718073717536,0.40468123573155285,-0.0627762061013048,0.9012745274670647,-0.00493160492343704,1.0,0.05971789116837631,0.4462111270485549,0.8774288450685461,0.4310353467735834,5.769200865116437,5.898874353442377,0.5087408122308824,0.502863049414543,0.5082920817008225,-0.14715446712726096,0.9002453089290289,-0.003233897719404083,1.0,0.07238559721493046,0.33344523453474534,0.8804214979013656,0.3886780534133436,5.649627325924983,5.778397341470208,0.5907410763513756,0.5399653711395422,0.4338692996547439,0.015624605287268493,0.9033882014580049,0.06078052724120745,1.0,0.0715081351512877,0.6030457472457045,0.8537655292073911,0.4233185381674118,5.874805644883963,5.867011790647026,0.581322557413895,0.5619702415503534,0.44324726656804725,-0.047343295338503504,0.8578897083548538,0.2935366601455498,0.390625,0.07343435442907091,0.10968352305673391,0.7945751900608367,0.3890866996838187,4.185354221581336,5.13907799349042,0.34869650124658913,0.4930076487148544,0.48454329265302926,-0.6125894224427486,0.8947037286669907,0.005836014181082546,1.0,0.06431261222468151,0.19049653614917447,0.9359435020773681,0.262941038339969,5.175622858989979,5.178647196849521,0.7664661624832286,0.14933033147603963,0.10773146475053516,0.5641188129024467,-0.03737783136874636,0.0803578890358711,-0.14838105104090135,0.3180015946386615,-0.008344967081822714,0.16834306499439344,-0.0070591449240242285,0.14296470556029883,0.025440452246060768,0.3358200286846216,-0.02735956162880534,0.29891163152002764,0.8811820330323726,0.20003162677349887,0.1327123264233278,0.06389996700287333,0.13315193886986132,0.8627990863244985,0.9084588074237606,0.8030394364614443,0.7162704990961714
3034,0.524771032933544,0.43063711108965436,-0.13212081805568113,0.8955037195737245,-0.0017865975522355763,1.0,0.06742566866454897,0.44105349894711143,0.848767036840743,0.4593093908717231,5.755590347186053,5.9330342960053715,0.4697786089987498,0.5289366461248631,0.5082874602340375,-0.12566747515831883,0.9003156611057863,0.009207944868739257,1.0,0.0716222447591815,0.32850123599963377,0.8799867891433601,0.38800108148901086,5.652311459086383,5.778430560277023,0.5938577767014565,0.5413490126405949,0.4164795170077855,-0.00328732665285531,0.8991522782467387,0.0010271787120478156,1.0,0.06555536043912036,0.6621295815912351,0.8549625155729611,0.39151746140560173,5.874842672789772,5.849334864501377,0.6495370969409358,0.6560137223448425,0.48845969779398885,0.012137835869669088,0.7993172883401115,-0.031953442647836984,0.3046875,0.08729769874993232,0.12750633259071628,0.6619175958823657,0.39969372618681115,4.1077250633371225,5.643389382308193,0.3360741757091964,0.456862114105813,0.33973187914913366,-0.3096029703462685,0.9025610668785214,-0.04966430967533227,1.0,0.0543857166675743,0.16275521103549304,0.8803987371854484,0.3203352468297532,5.175544986403135,5.258983582678622,0.7503658351880009,0.18492406684523577,-0.06236004987386129,0.6445260397247374,0.5850582034295607,0.20758750285529695,0.8157690004021793,0.4123807525108631,0.05162416107615018,0.17865214925966322,-0.09526870713854746,0.15465767857816992,-0.07294249173258775,0.40723177596559124,-0.058096294503638866,0.10618206900624273,0.49177428774825266,0.2628215644124987,-0.06360896847351295,0.06376230530642653,0.007458275764873909,0.854172343341145,0.8520344573349128,0.7632270161537522,0.6567814397549171
3035,0.4970607110101618,0.4221087731452027,-0.07378328218419514,0.9001077895820802,-0.00748994875728809,1.0,0.06241306967771826,0.4415417950987274,0.8551148957651845,0.4373800480099286,5.755796871211354,5.925840260826515,0.49895216012545784,0.5164488759303547,0.5059942073914346,-0.14235278885047223,0.8993878661423911,0.008891595953265486,1.0,0.07107818545014188,0.3281350138859218,0.8819175623114746,0.3874764653180829,5.642952811190042,5.778403038551799,0.5919672553266654,0.5418594869132015,0.4314755086486126,-0.014145089264545717,0.896584584800729,-0.03291525062734014,1.0,0.07072283649725408,0.587176122318186,0.8268171808993602,0.43481729769765165,5.874791698073985,5.867417804533524,0.5584925844058601,0.5978766895788226,0.45641820921342696,0.010795503786817054,0.8347270405942611,-0.1824897794783496,0.4375,0.0772351004184258,0.11368144779808954,0.7104495844277153,0.4055576294487055,4.1736058933873466,5.145635703703272,0.36589582208155913,0.38769609628014123,0.2961744033744229,0.11498964377002234,0.897424629116093,0.03844944893541257,1.0,0.04179386515325223,0.15463728751487776,0.947713924585631,0.19774060108644104,5.1754442139073875,4.498771933817249,0.9177849759651943,0.242846563282808,0.061517804007375054,0.6010041527907326,0.19345656287474738,0.085353076162845,0.1651497188542964,0.32560757630188636,-0.12515734847387502,0.16963413801352437,0.051144443060325236,0.13867475617249153,0.042316324074871146,0.6378614783199095,0.02175860507556313,0.3934826425185919,0.9085794592562944,0.20400745162636477,-0.2842028144608995,0.12020800430437784,-0.28952116073291523,0.8636437363907685,0.919161166351088,0.8364300819080462,0.7530541382682008
3036,0.48417212098018164,0.4152556447406803,0.0263316956288129,0.8989412235041937,-0.0017193270646513868,1.0,0.05974837062695822,0.45899838251899777,0.8836592392157334,0.42538423190975583,5.777751387283014,5.861700467443375,0.5107065737889933,0.5029823936595659,0.5117449442514976,-0.1567545406386413,0.9011371500063518,-0.00913423253160374,1.0,0.0717708013572301,0.3276161992248299,0.8814211725548761,0.38616080829337496,5.59830900073878,5.778392213410446,0.5964127224811483,0.5092504403542187,0.419805664270526,-0.0016268329581178211,0.8949929467477021,-0.0038451682080564652,1.0,0.06575125228736928,0.6537980285042878,0.8507805902220511,0.40108053866139914,5.8748372828285005,5.860621516810815,0.6361336677817223,0.5987163149613374,0.518119780135715,0.024009125920314275,0.769917142642918,-0.02798419540510695,0.3125,0.09230509168196241,0.2238532670064394,0.7526076185544044,0.4363887351673581,4.190382693838961,5.868712294382812,0.3692032349044028,0.4879223882007104,0.400720903337664,0.4753214648934013,0.8943860932800188,0.057019292562267204,1.0,0.06387251088058991,0.16113773003326518,0.9117685857227336,0.27998008876552194,5.175538876027389,5.182416633737076,0.7928468492800109,0.2480877226655182,-0.08292390921811785,0.6156597278980208,0.034604041402112734,0.07250812547096883,0.11325203113750604,0.12088305886161732,-0.08472308447064224,0.1834255127082547,-0.12132336863165265,0.24257750152923174,-0.11887623108797177,0.6323182047707577,-0.1948592188403493,0.24600449362273574,0.6270562797888731,0.07366288369304246,0.02072572380455898,0.21214756149026306,-0.059408336356594954,0.8673792751129096,0.863969830555019,0.7743186297246195,0.7405750178226539
3037,0.5818234984961316,0.46666620585839735,0.012185462597292368,0.8870744483883257,-0.05947003916293121,0.609375,0.07829631173715618,0.3143711661122471,0.9433556713496833,0.38295870587922115,4.954323348831742,5.82101069563752,0.5404765707682753,0.5047486938475894,0.5102299656473613,-0.16267247045702943,0.9013451838116099,-0.002344021352454267,1.0,0.07217279954117989,0.32856227301858576,0.879420123459984,0.390328457721013,5.65232469094932,5.778417551963163,0.5910696899520562,0.5901284486754119,0.46910937724869967,-0.007496682962929818,0.8833699976957953,-0.08382640870159314,0.59375,0.08320920513094252,0.4412060914944914,0.9175423082908152,0.38642494099334496,5.174999290713273,5.82104692261776,0.5789044319028683,0.5931778411232967,0.490862026224319,0.006373418396315915,0.8740895536723253,-0.02560013262235063,0.265625,0.086392509824624,0.20941801202429272,0.9404289701081379,0.33234070768178625,4.951550253832759,5.82104143540135,0.5915056745317765,0.347756181248278,0.26636676562492084,-0.2597385535236915,0.9019222925074348,0.03329167128959759,1.0,0.03691429640568093,0.15509506515701774,0.9770928155388379,0.1574274603856778,5.175438935600343,3.0937117131151797,0.9561450079983187,0.16660098907501342,0.009902899969114077,0.8027846908548223,0.962588238671263,0.3392861158779032,0.4779663201558051,0.29579223638889107,-0.1412966537698142,0.12306472968943521,0.016428816506176024,0.21053790888404028,-0.060661513086376816,0.34490820662532706,-0.056725238247150526,0.2652601081055727,0.3506591529613007,0.20359463459764404,-0.20730056147563028,0.11483860652507864,0.05822057092498412,0.8467192322388077,0.8213076075543615,0.8824670304378092,0.8746208574136636
3038,0.6562933464327018,0.5196802573251821,-0.01721173922291071,0.7916562922286865,0.06890019332268811,0.140625,0.09723965184704496,0.28427991576891387,0.9338370081760742,0.41869807683147814,4.95796538642478,5.820405835004066,0.36083119107847306,0.5308680421201931,0.5089097311710792,-0.15423283038622648,0.8997376065293231,0.005509979360388175,1.0,0.07127279850213279,0.32422864467299417,0.8812372715789065,0.3878684394287162,5.645949383452003,5.778400559473007,0.5911465008469237,0.6986082908617934,0.5754090075224052,0.0016664235184373607,0.769113278033377,0.06482240837519213,0.0859375,0.11539064759847259,0.3101290932950835,0.9311955536650299,0.39177853209805064,4.95732413250426,5.820387877096043,0.40192390454354754,0.5928735818352373,0.47354097902950887,0.005278687758081783,0.7700987481953638,0.27469687818506217,0.375,0.08644555453134323,0.15201269569994202,0.9614746559748922,0.29932786545176376,4.9511412893696685,5.44413948665675,0.6735983009144613,0.36074012244916265,0.2908882878476995,-0.32277958106631377,0.8991504885533458,0.038227803910128616,1.0,0.04085564733808981,0.15491195410016176,0.9747662668525705,0.16266050075323704,5.175442935953911,3.0999523458263893,0.9497177546022006,0.14350203055692867,0.08273339682701407,0.8871883935300262,0.9833091915587624,0.6572076286111137,0.7530302049750944,0.236680213875905,0.2877102768424499,0.08362805752436936,0.07802653334933794,0.14369679050866332,0.09180891793119285,0.37518692689979183,0.26197895721731385,0.697537633829001,0.7095800451274956,0.1329080115590512,0.2533373208896621,0.0841133896716111,0.4179159014282805,0.8360272559743691,0.9074282164858397,0.8373568532114221,0.8425983992506376
3039,0.6886881017697002,0.5113391657482883,-0.07066774109937883,0.8799900789573009,0.03404932082592363,0.3984375,0.09562958736789116,0.3973509933774834,0.76794395807858,0.4804473886294595,5.176495485282218,5.886787607905894,0.4023439451142742,0.4920456219214931,0.5095990112534887,-0.13431604468418545,0.9005495961856962,0.0015296014843561936,1.0,0.07223220086212498,0.3290200506607257,0.880765178194998,0.3900708767608897,5.629726071247957,5.778408277301758,0.5906388186967226,0.8082806464936181,0.8581149453187537,0.03212607230387859,0.7501251371371097,-0.04681256333033669,0.1171875,0.19415725581430554,0.46327097384563737,0.8586235289772268,0.4667065572130664,5.017291452710029,5.813816563610356,0.3256557072150218,0.8386444852436286,0.9474713232961882,0.010443456277357894,0.7147117999429664,-0.0780663285779993,0.078125,0.23114447291015694,0.38517410809656055,0.8098691443304726,0.4956161891866817,5.0161179550842,5.813958475599773,0.24011056578143877,0.33751859551558744,0.25764838853274974,-0.41831971326377093,0.9005903888448787,0.008308038666316004,1.0,0.0361255578631921,0.15564439832758567,0.9812091713058677,0.16190497122467118,5.175470545678304,5.176014485159073,0.933497129515791,0.17102222137799786,-0.021173463488188753,0.6802408931530488,0.9868598862513828,0.24227121776652333,0.9238777556479687,0.46618251822720325,0.00356743111754313,0.08365539427544842,-0.004917515449746852,0.2573762602067037,-0.0045961692902423985,0.1348769473614409,-0.013282432789024572,0.5436745130405106,0.9510113882695445,0.14700428669717758,0.026263320711672377,0.01773981529621917,0.030507080427587024,0.8497936404329745,0.8142779544308962,0.833134731476507,0.8708030687423101
3040,0.625245060888295,0.46319981992829334,0.05475422656706515,0.8605600773521678,0.0709757935289094,0.984375,0.08029654541036722,0.3762627033295694,0.8551610860035141,0.45572482681039256,5.175819390171853,5.900835824952617,0.37020286010041203,0.5394635748541713,0.5225668626881868,-0.21210095244111163,0.9009633031763374,0.00285281901372638,1.0,0.07496578961624054,0.32428968169194616,0.884123616310142,0.38622414310355957,5.623390526741115,5.778408464909062,0.5937741864819981,0.6026351737256397,0.46554728996939404,-0.011229989136901148,0.8581911918689452,0.07286780258821311,0.9921875,0.08146650348070866,0.5165257728812525,0.8321383382797014,0.4247630765417635,5.653542470377876,5.871416394966301,0.44051739572879495,0.5483145558736932,0.5517392101598009,-0.007191568758969259,0.6969250976936676,0.3753833555322436,0.2734375,0.09125091371840555,0.09430219428083132,0.7795309882125168,0.29980624620987956,3.877102765300773,3.5703285144486863,0.5446392655324909,0.5044354762784049,0.5584912654482905,0.6346591094610433,0.9065391581629935,-0.0736956474856203,1.0,0.07143864635885826,0.22110660115359965,0.9320319257853479,0.29576914896005513,5.175944230352718,5.179429660395514,0.6944832018651192,0.19884676099378423,-0.15303885147271068,0.7232012798813401,0.9644259353362926,0.4792398164744972,0.9391521796689617,0.18940781532029624,-0.10587090757797721,0.1465252907588777,-0.12211891480887341,0.10058470218108628,-0.1461276542024341,0.20937677763374457,-0.11954353234373723,0.5433729961175953,0.9660407715144707,0.07928500167534831,-0.13020875209050561,0.05876840335166212,-0.16405047186247926,0.852342214176011,0.9628717144831624,0.7639029047921617,0.6945162925996604
3041,0.5761463003636723,0.4601388356651023,0.0031654172907574626,0.8698619420631255,-0.06763829820902088,0.5859375,0.07784775331702448,0.29294717246009705,0.7640752130006384,0.45234276662999473,4.31855526160075,5.86483687706962,0.3131477485861151,0.5017686357500935,0.5178966915477016,-0.1909806386720443,0.8999487406826904,-0.0017539404307021877,1.0,0.07393778744224482,0.3219092379528184,0.8798753117628477,0.3880145075663163,5.572393728848712,5.778408484637239,0.591932618139005,0.5816745352118805,0.4511229126254779,-0.002437813073531345,0.8824710417943238,-0.057977527513155366,1.0,0.07663134908554592,0.49684133426923427,0.7954905363922951,0.4423470715067082,5.653081506909637,5.864707039208628,0.4238988276460627,0.5871586856568664,0.46146017012461765,-0.011357584184961954,0.8507361730854701,-0.061731692244744264,0.3984375,0.07783658857670754,0.15933713797418134,0.8180043078757513,0.39142006944929103,4.296436370383476,5.8643819841523355,0.4056772932547791,0.44987319861814035,0.3632283928221991,0.443969693736128,0.9012696519951168,0.012277562462037206,1.0,0.052830023914579964,0.1674855800042726,0.9347686510758404,0.27218284092700984,5.175700601200436,5.179649025167233,0.7286881346981059,0.13112752867202923,-0.07866941252137062,0.7856830359322888,0.9885155986390871,0.742244056564487,0.9897904646563725,0.0975714632324898,-0.17633255011144436,0.1461219845499073,-0.05863613950498325,0.2008714410317724,-0.07935902976918233,0.5165942108646849,-0.05385629362593424,0.6005583815574973,0.9752026913203294,0.007024720071039916,-0.17112254457453524,0.12503125403579265,-0.15565421065347634,0.8414447340709585,0.9425090006575252,0.7995057336483489,0.7836351011672663
3042,0.5580164047978627,0.4423551097699752,-0.05886313600357914,0.8893660549230468,0.04118521156732325,1.0,0.07396766748209944,0.38236640522476883,0.8189045129045394,0.4755522646991655,5.175915132866463,5.921775884659636,0.37014096633551685,0.5187866788304742,0.5044615142613578,-0.12855690579961318,0.9013399863352791,0.0005327642017155934,1.0,0.07144425397442285,0.3568529313028352,0.8815657376234206,0.38806992610949226,5.652317277353136,5.778395436869109,0.5923140174749375,0.6136879521501541,0.4659858736012145,0.034726387567043465,0.8825703164505097,0.08306975363707693,0.5390625,0.08099544788456493,0.32572405163731805,0.7984089181544649,0.440129591560145,4.233557343783787,5.866960361287092,0.33749438880835725,0.549693766445764,0.4720617979833437,0.0011028756178956731,0.8783060342650464,0.11154518431149708,0.375,0.08115861621562795,0.04760887478255562,0.8138836985119225,0.3568474568410484,4.202799986901084,3.7794461120120997,0.41955230273584077,0.3818669752962886,0.35121799574296064,-0.5969710707660107,0.8995487751239153,0.013069033502813647,1.0,0.04502757553043823,0.1554002502517777,0.9723063260248996,0.18851086128730868,5.175507039677628,5.177643760499374,0.8912426270363853,0.13134944442396643,-0.09428780481737051,0.6433713132636417,0.9328448920295623,0.2624701634182906,0.8968762356636435,0.4424351806671189,0.049041575765322296,0.08513727692439285,-0.05720984203130639,0.06066262030688856,-0.06662669945609664,0.26426109853003515,0.09858892310308438,0.7511590813301422,0.969468174244212,0.14841784548635256,0.06099910473904725,0.01232029436983976,0.06505350136377487,0.8515822137605905,0.9695740458656705,0.8073534114093537,0.6673071745759627
3043,0.5463653071003077,0.4603931241110292,-0.015348659440431857,0.9109664012494768,0.022083159534064593,0.96875,0.07797447902061135,0.35926389355143895,0.6679896443383775,0.5187692969320878,5.175271112804252,5.912075175309603,0.3077234856413722,0.5245765534298072,0.5131773926341222,-0.18978323666960487,0.9012073598646645,-0.0060628747816491675,1.0,0.07271986861358466,0.32090212714011046,0.8836507680722623,0.3854047951824748,5.629761500234008,5.778398370508892,0.5931584146967035,0.5711067069794014,0.4673413819700547,0.03282484741364728,0.9024957224707187,0.011663737758077459,0.40625,0.08167147578771806,0.38325144199957273,0.6232000563961803,0.4900363715317941,4.248497612089982,5.868988936169679,0.30263186315307,0.5461465172117598,0.48749347339119753,-0.023062041996282524,0.9191431425197277,0.018524594294735863,0.2265625,0.08637009544124569,0.04086428418836024,0.5245982277177015,0.4147865523878369,4.12087533834106,3.9809560614402644,0.2939852595709226,0.4799476352562432,0.3898557173799253,-0.4730825388681271,0.9007690642032965,-0.03579395213844614,1.0,0.058730099394830655,0.17990661336100344,0.8878598507851243,0.3169156651971977,5.175614722639489,5.226619218537684,0.7237427030864868,0.151584617166218,-0.09239662782035112,0.48325447867508853,0.9431813603535991,0.07017548405176449,0.9428570334411588,0.05761925231983639,-0.034697663786976994,0.12021426066738394,-0.09096642766277818,0.052222336155147896,-0.11306930686888284,0.501078719555403,0.04020646846550774,0.6613003300486456,0.9705750663563845,0.05397742664604505,-0.06181442004667463,0.03839183075592891,-0.04298498274388673,0.8328326276635305,0.9728675776896377,0.6710771617667305,0.43929132724662684
3044,0.5823502806030045,0.46406880334169,0.048753965754531114,0.8768228905618131,0.04858781058766671,1.0,0.07949680686966068,0.35703604235969116,0.7375081521192048,0.5091241625264812,5.17490699823052,5.887503544834336,0.2927682928248143,0.5152221736522995,0.5193160770740494,-0.21021816036772698,0.8994475673340822,0.0027878909181377892,1.0,0.0737549138452481,0.3169957579271828,0.8829401017058411,0.3846245315705777,5.580704876220366,5.7783804727043195,0.5976624030083899,0.5458914260118585,0.4491713908415278,0.0214929531524962,0.8750900118489414,0.04311809571890376,0.9921875,0.07565136844658496,0.43757438886684774,0.72150469060224,0.48034953840157346,5.17549212368366,5.868270925928408,0.3651378887388538,0.5396705999305822,0.44742424080323345,-0.020668752325873892,0.7765092794288925,0.12725037182462767,0.4296875,0.07311531532369576,0.040650654622028264,0.5889782303766341,0.4004189782814416,4.1546937720599395,3.8892456152331127,0.2747807250273231,0.48135643523769256,0.3591089438574793,-0.4643914430927827,0.8973200706192076,-0.04131917122839247,1.0,0.05521113336836182,0.16641743217261268,0.9001374460072944,0.2899415893495222,5.175534096076463,5.193709582298097,0.7848227353090036,0.15234093925729067,-0.1044695588797105,0.4291990623914376,0.8908869210400481,0.24617886242279058,0.937304656964126,0.06632315205080833,-0.09904247263689309,0.13981956336153764,-0.1258398576966611,0.053917678596950035,-0.08682006812422637,0.5226184983330127,-0.03703114920159472,0.543069577607571,0.9086155990892787,0.07203191737760777,-0.0780830740556644,0.04354858413347665,-0.11626980540357382,0.832874069623478,0.95067073069898,0.7059103522090241,0.4660172937556492
3045,0.5661739580621572,0.4499390331770938,-0.04573249481952048,0.8951198976195012,0.07446887213006664,1.0,0.07563321612700506,0.3890804773094882,0.8140147817183738,0.493992959391009,5.176839966166214,5.9329720470400344,0.3620714499287975,0.5407966593938536,0.5184824977180706,-0.21597494885828067,0.9002288948376573,-0.0002359338332737963,1.0,0.07321366250155224,0.3198644978179266,0.8838189370898,0.38519013454861484,5.58750748105099,5.778377218868162,0.5963116032650184,0.5731538353102643,0.4532291094171235,0.01828217349983204,0.8804817587088936,0.07021671810513862,1.0,0.0791132940101289,0.5133518478957487,0.8071259949028752,0.4548266270154534,5.755846603533201,5.867546489236511,0.4520332394204317,0.5939018128208798,0.5291922848306977,-0.02834924224706966,0.6663785656153034,-0.11333783486800562,0.3125,0.08921838097254041,0.08459730826746421,0.7571606062567752,0.36932152777004523,4.184582432072338,3.776778237287554,0.3952612919988535,0.43832556263627837,0.319559601757539,-0.40891854663201055,0.8988093531905129,-0.04249650625036618,1.0,0.05097650545636851,0.1588793603320414,0.9163878382102126,0.259764520452624,5.175493398002677,5.180407154250306,0.8321323001197276,0.16363362988858707,0.0009917054780237196,0.4841729479823071,0.9244272382691879,0.21462299574952523,0.9092884925910331,0.07613304266101967,-0.21914174877535614,0.1544492342074751,0.05438413205202576,0.06992469067518123,0.01626752179115157,0.5376415794026473,0.12321919316202495,0.45683684062605523,0.9585068224262298,0.08366597650586773,-0.18563158043833608,0.05643738462544429,-0.2739744766370894,0.8426024120687614,0.9539817025435219,0.7425486917587656,0.5720907441976822
3046,0.610247270679265,0.4691674887838129,0.008598562305055653,0.8653207809397078,0.030013549755069847,0.890625,0.0824374979379031,0.35520493179113133,0.6328700076204725,0.506498338470022,5.174881377523349,5.865992901480034,0.29999090986238564,0.5295159981493607,0.5151027034723273,-0.19143832568375704,0.9005999542697917,0.004417040250659461,1.0,0.07366151776994412,0.3172399060029908,0.8808802334170107,0.3884315682625342,5.5982317819517995,5.778388653840219,0.5935105454370389,0.616350149588157,0.4594918483414486,-0.004541224339855098,0.8786936000424845,0.03493798534173912,0.984375,0.07988713073873717,0.5263222144230476,0.739040162126758,0.47164904355776405,5.874528845312608,5.865838996485051,0.47026981888618846,0.6359717754518052,0.5451031052547627,-0.020704140771918927,0.7489824509468618,0.04900360046856434,0.1953125,0.10255658417033968,0.10220648823511459,0.6869128531530982,0.42798305110016266,4.292350137780583,4.012773917623945,0.25788831361046627,0.48191651417863846,0.38063163688178203,-0.5089587493660083,0.9048298280934542,-0.01577760832785461,1.0,0.055600625661579674,0.15948973052156132,0.9283606671398247,0.24724527328309925,5.175502790155367,5.178152985960236,0.8443747008447183,0.10919538423715118,0.06359082567257773,0.3074763299381017,0.9051257249581391,0.5729195540107155,0.9546325765012592,0.3408037634645264,-0.157768347515711,0.15401793161103225,0.10208245737350283,0.10854767013826239,0.0934463297009003,0.17321601325713387,-0.06152301810709941,0.34256597773552283,0.9377339110074193,0.18542156131057289,-0.19381079408312266,0.02454348024520195,-0.21785906887022957,0.8381867909730871,0.9392893674147856,0.7670177819052894,0.6330553835259238
3047,0.6659371610739461,0.474568695320117,-0.04285585139575556,0.8895124142789642,0.027710940555609916,0.21875,0.08669126111455638,0.4356517227698599,0.8375995854651396,0.466246848578435,5.652599277584971,5.930180647785901,0.4144625815967907,0.5528576287431602,0.5170883534027854,-0.1935787283697686,0.8984285487514542,0.006560060830169197,1.0,0.07377265411360018,0.3237708670308542,0.882079705817205,0.38728418742762644,5.652329808148734,5.7784071599780935,0.5948091279773987,0.5918024502590149,0.4434465234532633,-0.0005419664802094108,0.895959677587541,0.025914575491348273,1.0,0.07512524906200774,0.6205938901944029,0.8387360127425147,0.41960784130483403,5.87480965752736,5.8643092328652235,0.5851118133560036,0.814720306764066,1.0278352325833138,-0.009828816345410928,0.7801429457435823,0.14126391605621624,0.046875,0.25301496925767625,0.23718985564745018,0.8603842515874538,0.3617446913496197,4.280800092262942,5.635843920235192,0.47925826001552796,0.47505123548342226,0.42594820657367777,-0.584427019935151,0.9000216431177658,-0.017383525617480442,1.0,0.06194399202759075,0.1609851374858852,0.9225199817330602,0.26000485312822885,5.175523671845285,5.178423293971419,0.8206340897082893,0.13841428974887798,0.13221805866872302,0.47959747045501394,0.9647816885815624,0.41454808614995486,0.9692170869294082,0.3827636413809037,-0.10769259849923234,0.17745698164340956,0.13212501325110215,0.16208717193203068,0.08649179346018074,0.24649046741818004,-0.018029901004578734,0.18087215854520697,0.961352761301943,0.19980921107495142,-0.08195767408092182,0.05369726064397475,-0.07247197601718759,0.8543586360104978,0.9095093356363201,0.7938797850267955,0.7390723916286616
3048,0.507301618313566,0.4437865357164627,0.017225365709991235,0.8425047333199134,-0.08713023482479226,0.40625,0.07175353908442829,0.08703878902554399,0.7882057354341725,0.379802408630145,4.233065743461913,3.88258932548536,0.365024105017799,0.5381287496776542,0.525404929959217,-0.23635851521449042,0.9017338190498306,-0.0038198829261587484,1.0,0.07520329499057285,0.32111575670644243,0.8820438334710905,0.38643624787781183,5.588306487175441,5.7783761904058455,0.5955184654596786,0.5270266555035171,0.44738017849220724,0.0015799796933040145,0.8423810750207734,-0.045235559435806094,0.4140625,0.07300653928048041,0.12573625904110844,0.7938776754601485,0.384120604161171,4.232303361589929,4.341821002005738,0.357222003294718,0.5004642370648716,0.44186905567669116,0.012253685265930384,0.8442181079648218,-0.04709288180540685,0.4296875,0.07112946901462576,0.07098605304116946,0.7735109011463772,0.37821554590155715,4.230032215439276,3.8470901826963964,0.36191530330656657,0.4918982591274518,0.4631975637403277,0.5451146551744979,0.8999657483194431,0.0006436398185451966,1.0,0.06413788089141974,0.23447370830408643,0.9156445087524328,0.3076733669261111,5.175957974567867,5.1793966615650575,0.6860282419127837,0.030433010377635374,0.07003178129429231,0.9788072092111355,0.9988809059844824,0.9528369217297408,0.9900077712369784,0.07176940397613525,-0.12936143661476282,0.0427426794744905,0.06613971211526495,0.08732774594714736,0.07056518952431186,0.20724559782212293,0.08595088990513261,0.9388048244969736,0.99174842829914,0.03270833267706652,-0.12880068612131684,0.019111141974811313,-0.11934184494603509,0.7317566682704245,0.9896482192482997,0.5229035035866445,0.5854667519051778
3049,0.529895316504932,0.4256790765047357,-0.08218932096817264,0.8999975646927062,-0.04077717618417355,1.0,0.06594628259650699,0.43662831507309185,0.8617921858443839,0.46044060664829733,5.755517934380676,5.917799572285126,0.4799593401828196,0.5300744695048282,0.5189041722393176,-0.20041783193338708,0.9011431912490706,-0.0013025353045164857,1.0,0.07427868573839319,0.3212683492538224,0.8828319017542214,0.3868258619613828,5.641859148635236,5.778393266363297,0.5920396173911668,0.5928982323836338,0.42838167166502916,-0.06514121217329119,0.9000208807606597,-0.027121664123651537,1.0,0.06961858745036453,0.6280098879970702,0.8350102001232707,0.42639547361606517,5.874823134435348,5.800571708721984,0.6085277200912838,0.8253437751951378,0.6144543911216898,-0.009833255935702471,0.8888252823064561,0.0021126363041087167,0.0703125,0.12539247674824783,0.4379406109805597,0.7197148653608147,0.5581850489932244,5.175671700413357,5.802384780767113,0.32146899785320715,0.3514791553422,0.3037138023185831,-0.5148153555722956,0.9011478551958891,0.018793050633917605,1.0,0.03997239956197883,0.15555284279915768,0.9758537437477688,0.16983095212679425,5.175459407108151,4.701299910690165,0.9352988708558385,0.15696899551578436,0.022777111173981898,0.632618491854352,0.23300282756259835,0.19918590654662366,0.003073239315510059,0.32393026562928146,-0.13004547321686688,0.17479874798418688,0.07246826145780627,0.41202647701969775,0.07716277690276094,0.38958322080970187,0.053250582749136285,0.2698496349203888,0.8062801875437705,0.22531164189941935,-0.15269185358397955,0.2741115491521259,0.009960942973942266,0.8554642689331493,0.8119573015641781,0.8807121223175,0.8815443883481364
3050,0.6757510907049866,0.5766981036814925,-0.0571495464530626,0.7880099706920753,0.20122029107975142,0.234375,0.10322092933421086,0.2836390270699179,0.8074692867692177,0.4294624036252892,4.251926211326109,5.866199135224974,0.2819801016591202,0.4932503787881075,0.5103425904163873,-0.15064116821041654,0.8999885709817269,0.002016235699076337,1.0,0.07245233240433117,0.35779900509659107,0.8803707968807908,0.38615267305929707,5.634353658136679,5.778399156169443,0.5950119327408535,0.6586893253129825,0.5504544692034007,-0.009643641799769887,0.8252976525068816,0.22623814075995596,0.2421875,0.09996210746319241,0.4217963194677572,0.7989902696470912,0.4346496477279529,4.260733281810024,5.866261476627565,0.32672715757095155,0.6327415207874806,0.6394855694435794,0.006399616383224848,0.5439572942336288,-0.03961212102263788,0.203125,0.11049864089664056,0.1697439497054964,0.8339921867478629,0.36521583677365843,4.236633491572037,3.7554283019798897,0.3479940257270912,0.35286033931205624,0.2336858970198506,-0.3083776484396948,0.8996247857634577,-0.0014402387008999545,1.0,0.037064043154771124,0.15527817621387371,0.9647719949380688,0.17824743621582412,5.175449346211916,4.248897114042927,0.9317149958118718,0.08191506473681572,0.0919837696748654,0.8664162365091179,0.9974066780168013,0.8154955549371793,0.9917920719238642,0.21926784781768233,-0.10109053701884964,0.10728219089868003,0.0964624399489692,0.10767809533120448,0.0864217309358533,0.24161505980635253,0.08531775081509108,0.7501970846161219,0.9895124985631769,0.10677985885996397,-0.10005240332074197,0.04528758766210729,-0.11203877185948209,0.8215141294497625,0.9728967519512444,0.8060807122275707,0.7653858273565332
3051,0.6919193701556239,0.5423796713874919,0.009105273731820195,0.8631560268078676,0.1395234035154953,0.109375,0.10499042788172788,0.18948942533646657,0.8056081665859302,0.4144266382656074,4.2894463109626955,5.865059330801547,0.31188555857145794,0.5142188573437544,0.5229203824202031,-0.2228498604163091,0.9005440899264204,-0.004190055071617867,1.0,0.07518301350702608,0.31455427716910306,0.8823480637274974,0.3865401670600187,5.600328605548112,5.778397584741282,0.5924795971150483,0.6851579085578257,0.5352817727102,0.003756587869754146,0.8663657652365669,0.14566421048882036,0.1328125,0.10314963064502675,0.2812585833307901,0.8004483112800536,0.41989121564320186,4.292241235791517,5.865180159947036,0.31175063207591663,0.7129738056948753,0.6117338308298405,-0.013072568644325894,0.8457680186686053,0.30429382465419097,0.09375,0.12355826874757568,0.11407818842127751,0.8359891919360847,0.38068058853208775,4.279800787567756,5.123689777475383,0.35154519380759663,0.525507925056238,0.39937771501955704,0.25315275428108636,0.8958568333787946,-0.02682915349457202,1.0,0.0632365312129134,0.29941709646900844,0.8658817817377513,0.3411061131563497,5.4766393234501765,5.406884715325173,0.6892187739926698,0.06661904276608668,0.02233602466156613,0.9173741437984342,0.9983804689695229,0.8951988865504693,0.9885384675066788,0.06433192405258562,0.19655713819272735,0.0749571912197307,0.01907505099423522,0.13647575928373704,0.012951808289998269,0.15738183758688645,0.030877270602573937,0.8592479836049036,0.9893090760343568,0.036101505359685045,0.2018016059600508,0.012317282715880458,0.19941097242185696,0.8251820678292799,0.9724956958644182,0.5288332684557281,0.47477513722547354
3052,0.562238669590526,0.4406943373860389,0.011787416007072806,0.8786951081072412,-0.01001036300696953,0.9453125,0.07229226543454961,0.32560197759941406,0.8334699606185518,0.45568566233648855,4.270780443972597,5.866447990545233,0.3460772504297319,0.5264013238011668,0.5221704432911944,-0.24010692294426042,0.9004203656564888,0.0025851051049818026,1.0,0.07524095481449952,0.31675160985137485,0.8829522225292981,0.38571053951303536,5.602140102216057,5.778379256036465,0.5954460193354782,0.5520294174476685,0.4013229509349603,-0.006225546914332046,0.8840052817386591,-0.02395028298182132,0.5625,0.06564139689400594,0.1988891262550737,0.8645302598415755,0.3751935898878415,4.229673794863496,5.866106629472317,0.4508388469587936,0.5059720562747579,0.3849072627234626,-0.014305071602920376,0.8779220248971222,-0.033626232275787225,0.484375,0.06265320032279355,0.04577776421399579,0.8841323707240272,0.32344331276451216,4.223962123602163,3.6541676105261516,0.5175954357382242,0.3941352165703562,0.3265518892435551,-0.48952273868196094,0.9015554731783203,0.0032254824598043903,1.0,0.04715462191619332,0.15506454664754174,0.9634260590570545,0.18628105148545468,5.175457894424708,4.704266292996683,0.9220444153534565,0.1644700089580041,0.033391760641229645,0.7428333382836063,0.9445347556488592,0.4105930984217225,0.899530176961161,0.18741716518999166,-0.04435740764066955,0.07407459778188365,0.03338085492199175,0.06423996067843601,0.036877617039225034,0.5857913534525637,0.10937916190996239,0.8275589163962745,0.9780456320953872,0.07979536740218997,-0.06929852176431026,0.05020940007851091,-0.05076879637499562,0.8363767967725716,0.9810546416959187,0.7701382621638432,0.6808475006751609
3053,0.5945836411686737,0.45727226916355607,0.019646403195436677,0.8886578617477265,0.10669033086415405,0.8515625,0.07854789142256438,0.37867366557817317,0.7997281252966965,0.47581089338453686,5.175806942422913,5.911762304840125,0.3642451008564076,0.5005099547661542,0.5231677455383151,-0.24355721223452229,0.8992570760691451,-0.0017125097801017216,1.0,0.07464413809505319,0.32010864589373456,0.8833847110364988,0.3862725485340534,5.639386032178177,5.778374253402299,0.5945917971133514,0.6055701481716476,0.5056818706305882,-0.01488735851791451,0.8351329740472435,0.21418680524383613,0.3515625,0.08856052496584241,0.30414746543778803,0.8102859581952206,0.4087613010232489,4.2490969555910505,5.86618374489148,0.3759188410844201,0.5892512057607989,0.5421091400563833,0.0015770575724172078,0.7261124008396137,0.21279908811756917,0.28125,0.09126271371802815,0.08246101260414442,0.8678614155277714,0.3403762676296549,4.2363869842617765,3.70971902429541,0.4810660965209384,0.4125845344803753,0.3049589281226709,-0.4554488481408854,0.8994302216928033,0.005554305621740799,1.0,0.045062227763396356,0.15500350962858975,0.9623995892455152,0.18567664777366838,5.175453645517421,4.701774518777803,0.9243407057318036,0.19184851991244,-0.005916904005705214,0.6989245093672741,0.9539501895388378,0.32780304752833606,0.9281907451442324,0.18404965671556975,0.0928428926873889,0.09557663194907011,-0.01936588757376751,0.08899257699594929,-0.027400782220351392,0.5934214949911488,0.011951552153189977,0.7681671598337596,0.9857384534142962,0.09135060218559132,0.07744138616492041,0.07360530473728236,0.08111450474850625,0.8440337075539467,0.9739331800311593,0.802887156598707,0.7497449559515746
3054,0.5673025146084946,0.45768830979317926,0.06664961865647488,0.8716712075896353,-0.04175425073436241,0.640625,0.07876116515449968,0.2708517715994751,0.8127900296699153,0.440062149247091,4.145577291663588,5.868486206085222,0.3045558627546857,0.5552740330632161,0.5224660828474753,-0.24461360264200555,0.899426048306961,0.001985335990708357,1.0,0.07532334643362483,0.3219397564622944,0.8788903088974797,0.39084339522767997,5.65230701011385,5.7783994402545815,0.5903178217462182,0.5672931358580154,0.45160483437544113,-0.051006992849816093,0.8700404489817449,-0.02555928822634456,0.484375,0.07752158083610215,0.28232673116245005,0.8091300794273074,0.41447816835646395,4.140731127212292,5.8683810343503024,0.3381725189508078,0.46679999396598143,0.416937935987984,-0.01761698997339978,0.8568293567498723,-0.11355340012710012,0.3984375,0.06568916522995945,0.028107547227393413,0.8408102457139428,0.3207946954251289,4.121702167058925,3.6427675050710584,0.4441901456699205,0.3089140494686559,0.24391176617706148,-0.002067456909048555,0.8994748704508166,0.007025213396077162,1.0,0.031715427874194034,0.15521713919492172,0.9786725855382126,0.14987108132375104,5.175434675344845,3.0847104100424514,0.9652829479852016,0.09216384475224702,-0.012103468093029245,0.40462678659162366,0.9293554643422032,0.1618280896546349,0.9333432439792595,0.2544889061439765,-0.09582409274256555,0.09272757908124298,0.016914575166845965,0.03499382491110029,0.015129187848045001,0.35755679307027405,0.0065191569188128165,0.7382030651143053,0.9386670272127765,0.14687664784560908,-0.10674138826516208,0.011065834228870851,-0.1519727553466444,0.8332566196830578,0.9592330601712054,0.8654292806668871,0.6381750376914621
3055,0.5761788566444961,0.44922259490204147,0.003031274909991855,0.8896566559751714,0.014665540403634457,1.0,0.0760510042618207,0.3663136692403943,0.7206335389758042,0.48360722573681625,5.175593894301975,5.903159965331256,0.3348038423976094,0.5015424336117096,0.5210166139849997,-0.2348104498222028,0.8997967618226186,0.0011429796171536733,1.0,0.07448736294399012,0.3191320535905026,0.8814397662570727,0.38765020718852894,5.577438789124035,5.778380620343206,0.5934420685477724,0.5707616352774509,0.43474711575305525,-0.05142546386055136,0.8934350357152745,0.018650242831121818,1.0,0.07178357641380052,0.6078371532334361,0.7632580346114661,0.43102425752937523,5.874805692277608,5.8653524571958835,0.5784615213486384,0.6069352103194823,0.5024871939913649,-0.007561480614335522,0.8693162700094161,0.034607257822542044,0.296875,0.09615988473295348,0.0805078279976806,0.7836381926893058,0.38900947361519245,4.257178463545137,3.887500309778226,0.31180310030161856,0.4367188903651719,0.3330038102751723,-0.06124765237063377,0.9025215595038407,-0.01397453214897573,1.0,0.04900436386487797,0.2084414197210608,0.9157422224154095,0.2958116059038173,5.175705157233649,5.1800634790144855,0.7060168332429557,0.10501101099798034,0.10333020522706149,0.4108244271988831,0.8233481220753429,0.542658726663516,0.9426392264495019,0.043979852926895865,0.06487975069261422,0.16520700383427525,0.0909299311180856,0.10873065898854799,0.09736415830319588,0.419854422636169,0.027555284316901994,0.20883501785460626,0.856421886023672,0.01215008335537916,0.05992552657015131,0.08378314182562141,0.0583462356435577,0.844100558837647,0.896733037129939,0.7754162675764853,0.6594908381171324
3056,0.6357000467036054,0.4852069588454978,0.033133748536958524,0.8276027335843369,0.0628822200031161,0.4453125,0.08629659620643376,0.3052156132694479,0.7051073839122395,0.49033050395904204,4.262618530444631,5.867802605132078,0.26306078431260577,0.5495938786713395,0.5223316423182844,-0.236351321916346,0.9005792667090806,0.004573932423224505,1.0,0.07491612288338402,0.3176671651356548,0.8836206013187797,0.3863063898311325,5.597595133114691,5.778383436965218,0.5945335536012795,0.6050791116769405,0.45455911807561583,0.026710448726061563,0.8727657984525159,0.08296933669057968,1.0,0.07930129934893852,0.5184789574877163,0.7645012836441379,0.46478146646453816,5.830249764946811,5.867391174484174,0.46048177457372663,0.5576989597952516,0.5493595975325288,-0.011299670259350962,0.6868294979037697,0.3406310251972116,0.1796875,0.0949937208858171,0.05825983458967864,0.658281687195508,0.3863816037188668,4.192607702154388,3.8922511363340098,0.3122096683677832,0.43073544533210956,0.3389762634550795,0.09600751015973587,0.9000314758236624,-0.01664682072461846,1.0,0.04915031695181357,0.1858272041993469,0.9181360204055036,0.2864535128646932,5.175675819553159,5.17936934335444,0.7255119481983537,0.08461408344275474,0.09936899864678879,0.3107043450030601,0.8290872480468519,0.6007549470574487,0.9577514478393506,0.09033928004676249,-0.007813168235344272,0.1476869384823271,0.12277461081109797,0.06769178022027066,0.12904708568114648,0.41720823420982495,0.011032526335692797,0.33813670325714634,0.8896959010109721,0.006295459278645293,0.047106089396107054,0.045931715587726164,0.0021105226283199482,0.8329723179775534,0.8840526763279623,0.748060582150923,0.545340123788322
3057,0.5758692866955195,0.44512087387153226,0.04541315271473803,0.9018142905350711,0.03106980821070897,1.0,0.07451541230256434,0.38929410687582017,0.7773131481171361,0.4791064805966437,5.176434160213706,5.930818866321303,0.3731861008205296,0.5151739722839828,0.5223509373562628,-0.23612566532115833,0.8990626984811938,0.0014861292246136036,1.0,0.07457652005707015,0.3203833124790185,0.8829083311710231,0.3865032507399709,5.598336455672965,5.778392212792288,0.5957011175336848,0.5220646007417844,0.44077723384937234,-0.0534765899344643,0.8975821308884854,-0.03024461631689802,1.0,0.07385797931239632,0.5396588030640583,0.7640763396011903,0.4445176226521906,5.874640077492445,5.8651967162525205,0.5043390497644242,0.4901765330002376,0.42962760903395236,-0.012063633947059024,0.9053788470839434,0.016055827174009753,0.4921875,0.06749126325396032,0.07437360759300515,0.8483962472878138,0.3699629618757573,4.269379057465736,3.813631159130989,0.39847778982033494,0.42709255005624963,0.3359447110852969,0.14351568560538638,0.9002334799583236,0.005723909799371905,1.0,0.048901729923608625,0.1708120975371563,0.9211984331742393,0.27835801630492657,5.175653783329556,5.178857001976235,0.7419719074918525,0.10915686047292865,0.07660995896729925,0.3965808230027641,0.6603032319270906,0.4443073445743735,0.8643989843974792,0.14931947422931632,0.16320047948558514,0.15650363469838766,0.09749773822727702,0.10340448379386069,0.08517213981793988,0.4400102050914602,0.0061475635429234276,0.34735181864460807,0.837523716992616,0.011822141600825382,0.07878153720452018,0.07297085821287316,0.08989368159094147,0.852284054042622,0.907898450640652,0.7635501836736225,0.6750964391365871
3058,0.551513792369937,0.426746447483856,-0.006953977891014426,0.8952243078357648,0.04123310951705395,1.0,0.06783407248208372,0.42994476149784844,0.8576939671252676,0.45123362744709034,5.653108394507286,5.929437375970521,0.459280755923444,0.5408161857569642,0.508103674806268,-0.13447358234810255,0.898854739290084,-0.0023997701829247906,1.0,0.07150640796862864,0.35041352580339974,0.8835709384846765,0.38536576759071434,5.608046413543717,5.778387613778534,0.5953259787487784,0.6188245295995431,0.43928677711836916,0.03615872252151559,0.8848823941246347,0.0511258443580873,1.0,0.07376827004904753,0.5479598376415296,0.8196192528634382,0.43306013239999586,5.874676458038062,5.864141021772258,0.5158395570675715,0.5947951471892431,0.5047499440441718,-0.02010602117661116,0.7323835605812832,0.25854196891210596,0.265625,0.08607973461979758,0.13986632892849513,0.8802517876702427,0.3551268861894563,4.306603393441849,5.1198793199888195,0.4052059772187366,0.4384801354154453,0.31644009282208696,0.04852395158567801,0.9019665513939368,0.0007875176446035828,1.0,0.04866025034414469,0.163029877620777,0.9202340420048101,0.2664985661404088,5.1755770478997976,5.17848022801533,0.7866885309177869,0.1322940005524409,-0.1256438895998206,0.4824736990307961,0.7965173481040312,0.2892597552117318,0.8515037013879845,0.2099530788402157,0.10194218385090652,0.15313944954488684,-0.09247709802281064,0.1409894806746709,-0.10283907510454522,0.4832872774407567,0.02749504873076087,0.33997737407585243,0.9134029871620127,0.032791845852974434,0.05685805796364172,0.10527567441629818,0.0760753312210009,0.8593753535490166,0.9177466128979732,0.7605650103330913,0.7253032076097992
3059,0.61556667736169,0.5069961840122312,0.016003385647329036,0.8643545385362288,-0.0245909995477331,0.2734375,0.09135484884383598,0.21353801080355236,0.8348676516209022,0.39303410339926437,4.250956303779333,5.865779922381529,0.37880486726845664,0.5167401642727697,0.5039207538077809,-0.12279341339757283,0.9009690203215166,-0.0032710185739173486,1.0,0.07058218182489691,0.35374004333628345,0.8820368083958693,0.3847803304986908,5.643009598759207,5.778370125769939,0.5958699324732856,0.6027810852816033,0.5011944722308627,-0.039509894668485215,0.8651627596544793,-0.025083395315612822,0.2890625,0.0902372655522039,0.29209265419476915,0.8429224623193912,0.3923706696164902,4.25320219731783,5.865798052622236,0.36158225300020963,0.5896740077220506,0.525191226546603,-0.0009459729497398885,0.8239993413611317,-0.06949897195028228,0.2265625,0.09580584048933126,0.10034485915707878,0.8827077934876177,0.3331956257360565,4.242667463775938,3.7004358946916227,0.4518473122442962,0.3373063039868151,0.23821943918894975,0.43427722401943264,0.9012254082578467,-0.03432050969058797,1.0,0.03595203109247551,0.15552232428968168,0.9650840006837952,0.17801973270894353,5.175447319688503,3.114842580139529,0.9342579929867056,0.09944231846236057,-0.02912392556556742,0.9047074261491003,0.9982066504435165,0.8800369676989659,0.9946169080371047,0.06384282747977098,-0.17254799838448598,0.07257767131678929,-0.03801472921278497,0.12643997713024285,-0.037240325249145015,0.5379356325657515,0.04674355220470732,0.8524854538785166,0.9947524971518245,0.020814220832369244,-0.17010926323401745,0.09904962651586034,-0.19812218125255796,0.844601994679507,0.9801851062171917,0.8022450129178913,0.7993425858296915
3060,0.5629184176499172,0.4519202450033794,0.04279255631841432,0.8749444630543103,0.01516924167992924,0.7421875,0.07654796196929993,0.3177587206640828,0.7781678428134678,0.45422430368004046,4.3585640162360555,5.864226639196323,0.32115462061925504,0.524368261710072,0.5197442687858045,-0.22975801523774064,0.9001634382884585,-0.00022417868789776594,1.0,0.07491437615752758,0.31574449903866697,0.8825201143108641,0.3864787272527961,5.5872697437619365,5.778388789238904,0.593758115251663,0.5648391170197615,0.44104354513815264,0.017733724569135627,0.8886941181354007,0.018073409296179288,1.0,0.07354293852476028,0.5117038483840449,0.807560753229337,0.4378185313570274,5.8745452659111,5.864018443891221,0.47500493610193284,0.5145048841161962,0.4216335576435095,0.0026224505560345016,0.8253527506137517,0.02818787897859625,0.46875,0.06674279899715317,0.10278633991515855,0.8979941800519813,0.34565310262013016,4.308053540393906,3.8072239665936896,0.47406450689726554,0.3632099952501944,0.30544278001858277,-0.5281111436774252,0.8999401333250717,-0.017675005582471967,1.0,0.042177899365499705,0.15585802789391767,0.9697967632357762,0.17668308319471865,5.175464236818133,4.706542661657165,0.92639603820181,0.15135231094365306,0.1621984205698774,0.7347921897900752,0.9760380630007313,0.7089692606722121,0.9796134662467608,0.15210364225274697,-0.0068480113322281115,0.1395696537368518,0.16164356762894436,0.13241831214043806,0.14427164477136473,0.5854785442352796,0.01689144516301363,0.5626632527023487,0.9529380802196634,0.10405317564930239,0.008427917313321478,0.11327410848541886,0.014294941116194846,0.8528175427036817,0.9450027095020102,0.8433069270233925,0.8163001371786269
3061,0.5481476397935977,0.4437580931964644,0.03467274711761109,0.8415378203976364,0.09052098977914863,0.4296875,0.07449452515030662,0.09103671376689962,0.7969352231915939,0.3634805827999092,4.129991207454994,3.934743803128265,0.3972455621224995,0.517489751847935,0.5085028497811545,-0.1399897075105905,0.9001610402923649,-0.00588426803457801,1.0,0.07113470530944849,0.3540452284310434,0.8799770374932984,0.3879543348612828,5.6118209949581335,5.778396688464565,0.5926458026499164,0.574215247769099,0.4473259860223276,0.005771181707434228,0.8490192777788834,0.11510193836345542,0.4140625,0.07591009265958601,0.16669209875789667,0.7974671704249701,0.37968375424997935,4.131202976359877,5.868411462447282,0.38357743542588607,0.509467901679209,0.4457786655947673,-0.005120434643465057,0.845598320045365,0.0825034737011011,0.3984375,0.07389379763923928,0.02230903042695395,0.7979030765093944,0.33516631564183424,4.123783270691479,3.6964311245082713,0.41802516038599236,0.38439055566325137,0.3196823478243831,-0.4730693472623788,0.9008281437812484,0.026043837273342155,1.0,0.045993333671291346,0.1466109195226905,0.9702541371032964,0.19120255340605444,5.175512606555421,5.177746097560396,0.8872868719285051,0.040702076882450186,-0.033670965831472194,0.9465808492235768,0.9908294161505311,0.9489639799156665,0.988668977038399,0.06558695455532645,0.12713240170077697,0.047634407264058654,-0.02872447380363299,0.036714344183329306,-0.03264758033513125,0.558001812605935,-0.1925991137485174,0.9393696917399263,0.968512136756984,0.06285259051663163,0.15101096830911945,0.01785793437012986,0.1044944328634372,0.7685425587973503,0.9793909772309773,0.7875206499087749,0.5585798775706693
3062,0.5375822328334401,0.44124454498436133,-0.1273827376033583,0.887798462700931,-0.003486678923509026,1.0,0.06983184868524163,0.3944517349772637,0.8336801668498175,0.4507343362229713,5.525468072169961,5.931142046347039,0.4559979674608833,0.5292214555532136,0.5177096248592783,-0.21219222185529657,0.9005699245702973,-0.005300736242334061,1.0,0.07472450114538261,0.32578508865627004,0.8802676197339866,0.38786400177584274,5.632587279279466,5.778406612349671,0.5923368950647445,0.6243455962664728,0.4689491384524694,0.03167693644177866,0.8623544219178084,0.005599349747487657,0.390625,0.08221635421014499,0.46601763969847715,0.8010997326065983,0.44356806571482305,5.431741036301819,5.866130201399282,0.3910916698765833,0.6864543448062532,0.5508678216211226,0.008360575672957345,0.7036743404328615,0.1933879729840767,0.09375,0.11199942572631444,0.10379345072786646,0.8581067544451431,0.350933626532493,4.230445526529476,3.75416346401988,0.41589322912282434,0.3722301366697392,0.3035837595551839,-0.5012424201432402,0.900019235803005,0.014042886919884737,1.0,0.0420139957596861,0.15588854640339367,0.9733712389161575,0.16498600503477662,5.175446223860821,3.105121223591304,0.9444606110872233,0.1824960245545016,-0.03383913311893335,0.6375404275951351,0.944741496704635,0.15056802945033626,0.9070939329423298,0.43317975462888964,-0.022605554376088337,0.13907934876395822,-0.006993717340826222,0.10990269552695162,0.008605072179240093,0.4394305590889028,-0.013090672635880447,0.5427959798404641,0.9720687286450558,0.1927057318148276,-0.010670644044358437,0.06528047704107856,-0.022172027508162304,0.8651080550864535,0.9623973557582587,0.8572296743300231,0.780198733490301
3063,0.5389106612652675,0.4425639723161409,0.01615340604756233,0.8941261851194279,0.036507895547032376,0.4375,0.0719338308678917,0.13303018280587176,0.7647439948839195,0.4137422017492018,4.248380259688522,5.638554171256599,0.3555207769317438,0.5387019259414689,0.5184263228198814,-0.20935998070672032,0.8997605070063381,-0.00329664201109058,1.0,0.07379630229015197,0.32114627521591843,0.8821674185762503,0.3864063939682799,5.608883684755872,5.778394337986029,0.5934309992266944,0.5306976184223993,0.4427551119339086,-0.011851958350238992,0.8933930164804575,0.03869683757834981,0.453125,0.07281237981930039,0.18552201910458693,0.7787315537833975,0.4165455374000532,4.249302535134046,5.866158631153131,0.3473667325237474,0.5189979224392276,0.43943124360024594,-0.021312757018496355,0.8989851088012134,-0.006110793563299412,0.3828125,0.07062618277531357,0.06506546220282601,0.7877959465784953,0.3846152564314784,4.243455554738732,3.8813968240213788,0.3774302635644291,0.4463796028817834,0.2843424292146843,-0.06117203262475765,0.8995332176906088,0.08059125583633911,1.0,0.046421338428040096,0.1598559526352733,0.8857934204236799,0.2822725227103989,5.1754674782316705,5.133241587181703,0.8240493913154908,0.03682200907551765,-0.18948240506780872,0.9575547637828341,0.9989868827688978,0.9522345378394311,0.9933317398778091,0.009465402262550472,-0.2164350430532928,0.04829207433301668,-0.187847890394871,0.08920274910402377,-0.17902261460022167,0.5946323453727921,0.14676508629816545,0.9247147348145915,0.9930940577148828,0.01689645133764732,-0.20691531557899487,0.06216988052486013,-0.24596264099079693,0.7827052507005698,0.9889633464049159,0.5813254783748615,0.5457087767564879
3064,0.6199503025391319,0.5642496539838647,0.012257154131797387,0.8514370457448924,0.5133968927641365,0.265625,0.10207518514509754,0.1903744621112705,0.7076944283551823,0.45194541674591115,4.3027561592090215,5.865313785476127,0.2197160107649801,0.5405352665253516,0.5194673953038611,-0.1986263906041074,0.9011829458536119,-0.0021669197874674643,1.0,0.07409505108933477,0.32245857112338633,0.8818653826733861,0.3866137203360047,5.577154099815165,5.778400103646989,0.5954098434933974,0.6266426249124759,0.5530446198058036,-0.029940415197909576,0.863911109321,0.483982575495379,0.2578125,0.10040947833196728,0.27210303048799095,0.7173071778034118,0.4558618306598961,4.306148635105021,5.865398593250669,0.22900037212512012,0.6231595770354641,0.5893985120245159,-0.009777043438597784,0.8261530778240253,0.5398076966786185,0.203125,0.10539369685257387,0.09366130558183539,0.7469583742557758,0.4186323313528017,4.290507329006015,3.9455098817413647,0.24839398545367936,0.48566196479007734,0.33831440431007126,0.0060604399619032644,0.8982445890671401,0.10268535277572163,1.0,0.055313060406125256,0.1640064699240089,0.8270847154558021,0.34993015091166185,5.175498210854507,5.3143720252977555,0.7376190240876022,0.05479692719074439,-0.10196995242125524,0.9337966328884655,0.9986007401336956,0.926131208375665,0.9959563749002086,0.054634960323507974,0.3607747787857976,0.07154702897311796,-0.095928342230726,0.10730405800041008,-0.0903040263078719,0.5008071355091809,0.07355692137295701,0.8865599844654802,0.9952698273861665,0.011674264331706884,0.37096152606040983,0.07108917296800638,0.3575898931694418,0.789188958430949,0.9817771715488296,0.5522530460266359,0.5250597878015769
3065,0.5486104664259737,0.48405892800751654,-0.007260392015037849,0.7878150704552892,-0.008984997700467328,0.328125,0.08159529784218522,0.1347697378460036,0.846399666049785,0.37283993008541433,4.211815131189743,5.133435941880049,0.366291858205534,0.5531928648729528,0.5181453272282619,-0.23336096536165582,0.8988572590571795,-0.0012451575853930296,1.0,0.07477149108712292,0.3205359050263985,0.8782894502158023,0.38936032419345745,5.621053872946299,5.778393030008366,0.5910719172331368,0.5504113479715852,0.4864142883417351,0.029149230272757214,0.7792785554679169,0.0014932239103557523,0.3125,0.0821526531604197,0.15683462019714958,0.8440907557516398,0.3674075574355192,4.210075498145461,5.55160023565416,0.3707601724774545,0.5467315349068671,0.49263878911207215,0.016767948556706956,0.769081145823576,0.01470430848541723,0.3046875,0.08454883206014602,0.05581835383159887,0.8442500221457252,0.3432941495278511,4.200929272556356,3.686881481633627,0.39724085789763997,0.3839453319257699,0.2812455710398519,-0.42556525894580044,0.8979263518877816,0.023929859799129285,1.0,0.042540047448824274,0.15509506515701774,0.9688478309620194,0.19893705955435725,5.175522145312663,5.177970011764354,0.8779227464629674,0.05190460543789489,-0.04337893259352717,0.9736408684747402,0.9992813018469832,0.9232464424231137,0.9941450196271809,0.13418186880211205,0.0871615788676541,0.026964837714867896,-0.04418595593831284,0.06791390003469333,-0.05336938361624281,0.1647358827034954,0.05591835757114534,0.9297451417894006,0.9955057055005699,0.07002676510408541,0.08872570684809256,0.0014745601895052405,0.07456201139831517,0.7871226808391136,0.9932243717485424,0.7398110508256938,0.6986057139383842
3066,0.6056698299140232,0.5898982121590607,0.054953617698448816,0.783613900529348,-0.17565324265327364,0.2734375,0.10048142997518113,0.1912289803765984,0.9215365914234912,0.3947441094185411,5.040757288684141,4.622552792446829,0.3441645202678548,0.5279689204261623,0.5227162761683821,-0.2319835828793816,0.9012186290024503,0.007014357573124232,1.0,0.07546049835837483,0.3216956083864864,0.8829996350165095,0.38548602240702184,5.601918108922623,5.77837937040391,0.5965754168053603,0.6254023494510611,0.6098371728425687,0.0010576987618123993,0.7607295599516725,-0.26862227132683586,0.25,0.10787804433958188,0.18939786980803858,0.9609163497647183,0.37588927290750973,5.041367633048242,3.880038820894114,0.35928394744915626,0.6811318686571974,0.6192374322217498,0.0011363781142053803,0.7272402995471439,-0.25341970318667795,0.2109375,0.11768238585060611,0.14722128971221046,0.9781729949479658,0.3712094555604575,5.041310147290648,3.845143148682688,0.3517197732676006,0.4390349087158114,0.44934333412636057,0.6037368264399137,0.9011590234507714,-0.009316118357389066,1.0,0.056129427769214514,0.18832972197637868,0.9575840932775822,0.2348885349989452,5.175608979008219,5.178984011213352,0.8030046659230279,0.030796647888590035,0.11509031513363159,0.9199198648044506,0.9487740166645605,0.8187767667256721,0.7882868385309473,0.019270804685917946,0.0020907265054976123,0.019327279250392463,0.06250567645446918,0.03897062277232671,0.03720538365831811,0.55158879460395,0.06014627130353875,0.9084177597871904,0.9062299557025228,0.0006413697512656357,-0.0404717493590655,0.03495266574992824,-0.04170307325600751,0.7809803593969269,0.8865243386185307,0.47116824881158337,0.4602933919481589
3067,0.6743168756868693,0.7021413576654328,0.06553727028826666,0.7849612923268334,-0.16889443292109005,0.1171875,0.14044740683345727,0.09845271156956695,0.33007728147359183,0.4276266910456801,4.004606156777841,4.032637154658145,0.2494267584776908,0.527494099673936,0.5234799981863334,-0.2349966865970963,0.9005078451878559,0.00336152131371778,1.0,0.07491594099709092,0.3140354625080111,0.8822743344195659,0.387984389863742,5.618704769825442,5.7783905509554065,0.592301265555291,0.6767352327005992,0.7343478909630967,0.010012543651670714,0.7135003783237979,-0.274887946161587,0.1015625,0.15041569192455542,0.0956450086977752,0.3835957280709742,0.4234508420704061,4.031971154234324,4.038484354164061,0.2660622588994005,0.7310215096827531,0.7706980083166894,-0.06511869017283597,0.6942041257212793,-0.2729938889995176,0.1015625,0.16066264077648298,0.07098605304116946,0.39359245526831727,0.416524163047584,4.0190328234473816,3.9892493228909767,0.272557888075904,0.37517048108998224,0.278259993984379,0.1647835103788664,0.8974976770286628,0.031044782572701893,1.0,0.04019939410996804,0.15491195410016176,0.9637742067011649,0.17313788046428416,5.17543647004943,3.106510289577133,0.943095826789065,0.02800140879703416,-0.1259192143049454,0.9462673250293719,0.9865011495107393,0.8040318389321296,0.9392245097059597,0.061063407296937225,0.009799122251419651,0.019853944264521188,-0.12112588817205211,0.052600725618361856,-0.1268702258011736,0.4123339162386051,-0.04572560809557601,0.9207824340964685,0.961548333418856,0.03142857951482908,0.04962000437549097,0.03216918524542805,0.08769671096853844,0.666937848636552,0.9539356347549108,0.5670207193818728,0.6433848737915379
3068,0.5545615968597063,0.4339214039957408,-0.07398373212857524,0.8903311125608234,-0.010709545813371704,1.0,0.07000838137028671,0.3967711416974395,0.7963229951153484,0.4679263700592043,5.344163535857614,5.931127023560894,0.42749958744133765,0.5387263703562437,0.5235926194028852,-0.23194808662300948,0.8975908370411468,7.121800845014925e-06,1.0,0.07541195824462328,0.32013916440321055,0.8830263598780617,0.3857376650145552,5.604527512194728,5.778376401273865,0.5949045812598862,0.5578348806384883,0.44956970838507393,-0.005549964541056038,0.8746693889052923,-0.025737789252303907,0.9296875,0.07558644916253845,0.4266487624744407,0.7625976031342532,0.4519412201751167,4.357768489800616,5.86628247486576,0.3608692019458801,0.4806195992013595,0.41881397103427526,0.01181854473628036,0.8519359360230686,-0.05022981983960989,0.4453125,0.06545328399469821,0.06921597949156164,0.82615315517215,0.3675664657706994,4.242428925429904,3.7819253831451176,0.37075752352876223,0.5268674645642504,0.49138097975694534,0.5330655094941931,0.8964852917111835,-0.10165435316177364,1.0,0.07390123708718063,0.2020630512405774,0.8835848013097161,0.3541117424972277,5.175760500334088,5.504174209354493,0.6339453649396265,0.13292534228573172,-0.028470995215134912,0.5273489706063619,0.9206395324523997,0.016315105626326074,0.9036680588276279,0.1520672669043126,-0.01685403129938304,0.12507191026071038,-0.044368849233675574,0.09043854556019004,-0.05096681129776402,0.42074269539861464,-0.04020197947987774,0.6347032306574265,0.9753777308944142,0.01696130774397352,-0.05589927764470567,0.07373833432517171,-0.03568779141071534,0.8521371509109835,0.9700961540048294,0.6828500374472303,0.5710644493393711
3069,0.5862777982559526,0.46881792273064093,0.031219645679479158,0.8878262166318547,-0.1037739987759679,0.484375,0.0813828326614475,0.31113620410779136,0.8207493418426081,0.4606563753708647,4.247553555468122,5.867087771319953,0.3241845975908988,0.5281393716420903,0.5162717144396111,-0.2010101446787404,0.8996171632639819,-0.004653258768673994,1.0,0.07414093578573475,0.3185827204199347,0.8802990044621001,0.38715544706804306,5.619554845901769,5.7783819246687775,0.5938359261353663,0.6156390880285967,0.47870526163758836,-0.014952372059221732,0.8765373871430594,-0.1297742344284608,0.3125,0.08319923451778752,0.23014007995849484,0.8457740397235338,0.3914503900558815,4.221174901544221,5.866651794032944,0.41465786699879237,0.5563373699755535,0.5001409651303689,0.012419414257968425,0.8612152702386786,-0.16327108817105385,0.265625,0.08553658265627083,0.06659138767662587,0.8672640109530425,0.3380317580399323,4.214794173592667,3.702546079188142,0.49523884360502884,0.4527404991791011,0.4839127657513701,0.6542769774572895,0.8989744400285653,-0.03439303747376628,1.0,0.059490984812126,0.15680410168767359,0.9645849961005228,0.2157853472964118,5.175554401376302,5.178224721219963,0.8427136962859411,0.11093601006511195,0.04686745294111759,0.8290102679289881,0.9812058476486758,0.6571904421207848,0.9584049514825729,0.2271095627731698,0.21469574740032343,0.05863631138736456,0.030231376278716988,0.08478303974866924,0.044860264747544856,0.2421207488870284,0.018140785808245703,0.8700694519818521,0.9857668673160197,0.05780824820083866,0.22906542716972084,0.04394220448691947,0.2603268593079562,0.8380539786136811,0.9845112789469685,0.7542167622447759,0.7094751397425796
3070,0.5605566589612594,0.44696860022690066,0.05310853742877089,0.8769414439869525,0.038682977252879454,0.8046875,0.07512432609584464,0.3122653889584033,0.8258222480858723,0.4498387269660412,4.271219406501023,5.866398006675963,0.3828646928524067,0.5265809421253526,0.5171987630690833,-0.21365418698910502,0.9007547170926167,-0.0021787913417574325,1.0,0.07448696638269488,0.3161107211523789,0.8826605210346861,0.38564223907340206,5.630886131361944,5.778385273104075,0.5936840456489344,0.5397663973328786,0.4218244040321269,-0.007430197880294456,0.8557388539803896,0.047841717827498964,0.53125,0.06909641388164776,0.217505417035432,0.8614649632308632,0.3697376332606716,4.244024591541657,5.866028753662339,0.4874489245169174,0.4787995791271313,0.39799765998651176,0.013659590114062417,0.8517173069335768,0.038352400612805385,0.4609375,0.06389122065723761,0.05917538987395855,0.894359656725897,0.31343344082136576,4.240478470911491,3.670478064528269,0.5759661668775904,0.42477866783838536,0.43209046209333923,0.628309615361681,0.8988059219973167,-0.03331343011871576,1.0,0.05438248386137176,0.15509506515701774,0.9682167080739865,0.19599410795958835,5.175508639323008,5.1777460128257,0.8851036433365694,0.11348878223221952,0.019251772753614206,0.816037513957923,0.9760443864660814,0.6252453847590453,0.9527131062164993,0.2531522378243011,-0.1534630664328238,0.05826565894410766,0.011709859630244599,0.08536668954037999,0.015720030123559395,0.23703843499211885,0.02830499693183596,0.8659751454898444,0.9894449384124085,0.06452193529757248,-0.14272927289238743,0.04213961242268815,-0.1361968092065654,0.8402876197106193,0.986303211856957,0.7696359980465806,0.7246256056574024
3071,0.6230619681059871,0.4893872124682474,0.007798334783664256,0.8983852240549921,-0.07642752241389243,0.3203125,0.08781459492051547,0.26456495864741963,0.8197656610630484,0.45245556565139805,4.228234480175334,5.86698312094764,0.26973542052302507,0.5147773331017246,0.5178910376810898,-0.20385892322583893,0.89834806448966,-0.011136211627935492,1.0,0.07463992767890885,0.3276161992248299,0.8821632077947649,0.3853743132174674,5.6523267944725415,5.778403400389099,0.5952393601498629,0.5692209751727815,0.43418098807133815,-0.03171911028949295,0.8994461907617054,-0.024394539633405665,1.0,0.07112583775301018,0.5912961210974456,0.8321047223395138,0.4279707958288521,5.874796253410739,5.866585042864686,0.5644147560986668,0.5743501808807467,0.4989768164934465,-0.00029382443290195857,0.9142958842452048,-0.0708927366150937,0.203125,0.09246277429828573,0.0598162785729545,0.8281996778908324,0.3460913275879891,4.193884390215924,3.7033791625610912,0.3874722268960512,0.35330356687658077,0.2843142513523459,-0.5456878792929823,0.8991606742000786,0.03688078558794685,1.0,0.0390675800589811,0.15561387981810967,0.976526452377098,0.17081384861147092,5.1754722446006935,5.176371268670048,0.927281142388132,0.12224734048584669,-0.004652545437089394,0.5464341783640415,0.7926625836213297,0.6788106781147272,0.9446480746548094,0.13988019489991976,-0.1662478065272176,0.16714011669083215,-0.07128983567103164,0.0715772413141434,0.00888360366376739,0.5539585973431381,-0.19299863673687478,0.06414404023421544,0.7027265871612405,0.1376406186245542,-0.13024846194392958,0.05879083402116257,-0.11158167027641931,0.8402239639593228,0.7534231519816655,0.8851226689394552,0.7474548085247242
3072,0.5433811920042264,0.44236070387769777,0.02741148445987038,0.8917529325063962,-0.05858031141148752,1.0,0.07313906108812537,0.38084047975096896,0.8139979701959656,0.4666311100426766,5.1771725201363825,5.929643950301322,0.41553838259145903,0.5259558842879576,0.522173554905613,-0.2111058961805569,0.8996152045175357,0.001667709934900546,1.0,0.07457102490551237,0.3216650898770104,0.8834489677099789,0.3845621047807583,5.610333628582337,5.778379125752972,0.5956603759085056,0.5382663605087202,0.4202007737783878,-0.020149807030661472,0.9001392042592178,-0.018502873830532077,1.0,0.06661044963840747,0.652088991973632,0.8430637117984555,0.40102457269911945,5.874837767169208,5.862902857899725,0.6368031250231505,0.6007070980573596,0.5434796018238688,0.00791129973806521,0.7483004386348007,-0.08951900524138642,0.265625,0.09619148600416122,0.15274513992736594,0.79476488367438,0.40885208670029044,4.307671376346391,5.628848212986685,0.3797968514598048,0.3837661609112305,0.3095895831303238,-0.4843171741829044,0.8995762623141683,0.058499947716672725,1.0,0.043840447972421495,0.14587847529526657,0.9589404649214515,0.22469986749012638,5.175571633426867,5.178394865020533,0.8308095197656551,0.1860990423884789,0.02076922388423073,0.5424297916203545,0.6978888876792196,0.311746893619007,0.9565586130666648,0.06597524089170077,-0.30677877437310697,0.1791932942624765,-0.00029049861390213966,0.15982514095533296,0.04937897050492618,0.5034294077916412,-0.08373126685894809,0.16587229048232363,0.7167897858322292,0.08417750227509053,-0.36586975974850044,0.12564851728501963,-0.3716183052189977,0.8631089134495272,0.8616845509335126,0.8557730854893695,0.784737434183494
3073,0.5786437561403851,0.4605708216920524,0.06239434373742237,0.8823982861747554,0.027677118462642862,0.765625,0.07874495166019833,0.3296609393597217,0.744891565549173,0.48831163571059527,5.173849516242992,5.866211153608399,0.2876253328558803,0.5298509084695882,0.5246228792238424,-0.24307238729649025,0.8999562896940327,0.0020606746744101646,1.0,0.0759981532599683,0.32300790429395426,0.8812526071307041,0.3886173034334426,5.652339883869413,5.778408688164232,0.5935215364125834,0.6124328432474385,0.49576753026366155,-0.0015523557553336774,0.844145811246837,-0.014314214804475213,0.2890625,0.09098458453718,0.29718924527726065,0.771072121482799,0.43378072749463514,4.26339895352073,5.866000469412894,0.2997977039652481,0.5680487108206047,0.5124095492310405,0.011687745233323119,0.8043691044773391,-0.05550806540427438,0.203125,0.09663670462312603,0.05478072450941496,0.8357153942789121,0.35900131443601385,4.245409738556537,3.7301525506900384,0.3439646928552069,0.2913969315629155,0.20154906177015725,0.053620760778042224,0.8988747147241051,-0.02677287025634289,1.0,0.02889700212880318,0.1554612872707297,0.9808022641047505,0.1495906857017921,5.175440995440044,3.088771821432961,0.9611215653258744,0.13284003625498936,0.08004045348477144,0.5205499595348464,0.8163530117936575,0.012529100307617388,0.7752392940006955,0.3576995814346744,-0.16045023714606177,0.07914871245788266,0.03885497465485052,0.0643653286202241,0.07588842715507053,0.03433026163892167,-0.12320276335418992,0.7449261234464345,0.9338097143060509,0.12999653143038994,-0.14095099582251708,0.012005200513509602,-0.19967836280330123,0.8415578734420874,0.9371445488869886,0.8526648964512538,0.7572449702359905
3074,0.5255384749073292,0.43406078252828423,-0.05138855463060246,0.9000306142232638,0.011497909413884943,1.0,0.06962439027104367,0.38102359080782494,0.7967112326833283,0.4771181812601461,5.177244121588934,5.930946525939733,0.4152381556661656,0.5270585475429564,0.523209562883305,-0.2216121603674457,0.900101282310366,-0.00040115825620527296,1.0,0.07552405203467985,0.3183996093630787,0.8834036224258859,0.3855367723990607,5.602155433883875,5.778390923481825,0.5944620376944757,0.5657736246861736,0.44922855591700417,-0.020890436037969085,0.8976898110530156,0.006438905435056595,0.9765625,0.07544098159261674,0.4401074251533555,0.646629651679887,0.4726629863677753,5.17589488947602,5.865476117071051,0.36911611293995833,0.5745765238887693,0.4288702600937095,-0.00012286848512770764,0.9054115626764171,0.01650485867559779,0.390625,0.07799553700738691,0.06311227759636219,0.7487585702888861,0.401513353896463,4.280056151004843,3.879938879990871,0.2714922555307264,0.5708142055152443,0.4747792895378966,0.4386363030342965,0.8909799818367193,0.00036529727250113976,1.0,0.07680044780571332,0.20929593798638874,0.7968841457916989,0.4369947581783782,5.175952728066646,5.361372232469481,0.5417375370596879,0.1751083736487822,-0.03491522931867544,0.5559265511457446,0.7939284260829027,0.04221101200222102,0.7766049332229327,0.3261289077498456,-0.10855211726669331,0.1305011976137078,-0.029345228178175392,0.08917634791720425,-0.032985413703592335,0.12999227830152463,-0.07920072518983096,0.6022102058059176,0.9642609710227182,0.0947616362920353,0.020454538164654815,0.0279865677104622,-0.024528687317016063,0.8621599181708327,0.9619725146599707,0.5922021336817276,0.4374958100968946
3075,0.605917102320626,0.4666913756123082,0.04089056869576158,0.8899898932748503,-0.031251934222800024,0.3828125,0.0809732204886057,0.3542283394878994,0.7617437564982517,0.49871120188202783,5.174083201936266,5.8746484909623735,0.29629942094609873,0.5029253955241451,0.5207816875259412,-0.22183527184079477,0.8992949058818768,0.010446666630683842,1.0,0.07403447369461708,0.3232520523697623,0.8820604151944231,0.38820759099865193,5.652311298275261,5.778417931884126,0.5909018025307713,0.5665084624553683,0.437834208868931,-0.014489219132838568,0.8855710980054233,-0.2064527861681191,0.515625,0.07451265586162037,0.23447370830408643,0.8005633675640677,0.42291461480125236,4.266314629864725,5.865996640787339,0.2955463577265374,0.5297684816173889,0.43673393450033493,-0.002573105207812333,0.8794952061886816,-0.22982022546268918,0.3359375,0.07517007834211654,0.0663167210913419,0.8338532155357785,0.3696484261709651,4.254205233669074,3.7691740624614885,0.34331481992313606,0.34164277423765776,0.2700383214709822,-0.40626975029152856,0.8999461209695601,0.026486480445286766,1.0,0.03832092728596941,0.15170751060518203,0.9782565729438055,0.15675879079786054,5.17544391650105,3.096798650155101,0.9530488931952459,0.13953466700447706,-0.1222378157270152,0.6884772715474297,0.7287777758891427,0.3971297066226601,0.6728072714233362,0.2920187973654404,-0.17330380998894976,0.07128289774456761,-0.12182503000164857,0.08837797178570017,-0.10556864014038038,0.43696216201612725,0.16216362062363807,0.8358137387589321,0.9812162381221137,0.11528425525804314,-0.22590143146550173,0.051841603930438795,-0.24113636885140832,0.8324855076096627,0.9792092212119307,0.8288627532469097,0.7805520016632902
3076,0.5460918706300729,0.4267336999272844,-0.0377456319087431,0.8989812595807857,1.0452026127069125e-05,1.0,0.06870548788214416,0.42893765068514056,0.8223268663150027,0.4722584859961082,5.6530240330514205,5.929999019536151,0.43679998583136315,0.5535693169708328,0.5207889618985069,-0.22028231528560455,0.8999838048775896,0.008258246740351778,1.0,0.07563784603577375,0.32230597857600635,0.8801551716756644,0.3880309772671276,5.652339482923887,5.778397366108513,0.5929502663371784,0.5743473970907217,0.4471063924474767,0.043946676077554106,0.8993068242411293,-0.0024535611484294024,1.0,0.07656824984178526,0.532731101413007,0.7727191678568144,0.44544453101443593,5.874593726922242,5.864642772878541,0.4888841579629034,0.5944841733011652,0.48411344160936437,0.00045981655212056703,0.9012962153764655,0.011861885305293429,0.1796875,0.08929734009084624,0.0945768608661153,0.7816248444773115,0.3900187882383798,4.299373944835341,3.853010916364564,0.3801351633437072,0.31959356824802,0.24927464612507544,-0.22970449278128602,0.8992016000773659,0.0026191772041557243,1.0,0.03377237262199753,0.15494247260963775,0.9778909315983626,0.162919534372932,5.175460015994741,4.676170163977055,0.9386952928078975,0.15827085490744655,-0.11448651617781488,0.5332327061859556,0.8794202611821433,0.07770108815265817,0.8461495911049665,0.44887581594386117,-0.16522953502694193,0.14540813631156577,-0.10422710923792212,0.11046824704589167,-0.06870751719350916,0.12709398697284188,-0.0997289196717888,0.46317067188956373,0.9382063500882719,0.21516076139632154,-0.12860495034128577,0.011652735484739505,-0.10228142113541094,0.8537145429978962,0.9439037062126104,0.8797937724319953,0.804324600195176
3077,0.5771651653589868,0.44966709879709094,0.02308954794660158,0.899974406452015,0.021418113562424144,1.0,0.07594624067277632,0.36622211371196634,0.79369414642466,0.47507750876066074,5.1757471886574535,5.907664790063814,0.37208026524235327,0.511588910598994,0.5186950428484579,-0.21889342900466557,0.8993978476649584,0.007154475026889804,1.0,0.07373298147041138,0.31394390697958313,0.8844973132774193,0.3847136093905539,5.592561125633732,5.778386248028824,0.5957027249197493,0.5596318812153952,0.4504387783503601,-0.02949496207256551,0.9040187597325331,-0.011524470585785028,0.6484375,0.07626751935352757,0.3499557481612598,0.7960126339233231,0.42657386508771494,4.269326681081961,5.865858286636073,0.3929873900593871,0.48981627968483993,0.4345832352337669,0.012883627532357993,0.8823845203531161,0.13460711582093865,0.3671875,0.06859470229737169,0.051179540391247294,0.8950974408871235,0.31988419612003427,4.236909359860108,3.663988621048332,0.5081576515723334,0.49318057183118147,0.4123421017191446,-0.48604885110019463,0.9025088558732337,-0.019980725291856932,1.0,0.06408288581281481,0.22791222876674702,0.8904247406268726,0.3405692309001035,5.175910815592771,5.204165124381185,0.6502481660579368,0.11371515777757735,-0.005168081200160057,0.4984357618680887,0.8506474353998029,0.0025484335395480288,0.8447083038525256,0.09111093747503275,-0.013977751271018296,0.10846301015712255,-0.057747257245167175,0.06471143685540914,-0.030946317115166495,0.39650846674143636,0.031579890120081965,0.7016025882770628,0.905027171532669,0.07242466903929176,0.05099393310327187,0.03746047051401612,-0.03762068528589155,0.8511877299798426,0.9366460925478667,0.6777827894978815,0.5215904537260143
3078,0.5369748103202723,0.44262212632996245,-0.033711568746892955,0.8933721696517141,0.039828046417788025,1.0,0.07315193326095057,0.3923764763328959,0.7729279953190664,0.481735281082978,5.176521451998435,5.930616107750844,0.3639125674299586,0.5124285552586654,0.5178273718729391,-0.21991277190598715,0.8993851456068579,-0.0012190621957893183,1.0,0.07354844543213193,0.31452375865962706,0.8841574576393797,0.385920329083596,5.579112005424601,5.778411142898112,0.5952522725887146,0.5495633462197,0.45910160647190784,0.03301453313972566,0.8864586314293934,0.08497741798348565,0.71875,0.07820634202784475,0.3839533677175207,0.7459127214629273,0.4486150092048225,4.311884589008401,5.865514467566781,0.33739345191186776,0.5440375183465228,0.479482201334645,0.0016270229501616413,0.8503929451810529,0.15954631490927512,0.296875,0.0802930033745017,0.0586565752128666,0.8607972002955784,0.3555001696717605,4.262648617113469,3.761283257752812,0.379183909017038,0.4816328238593209,0.416937098474672,-0.5422613885975491,0.9033672287309048,-0.02747723797988515,1.0,0.06159066072526595,0.1933652760399182,0.9051739477199741,0.3137357105266827,5.175706324256259,5.184358598388157,0.6866802801804527,0.1181401825733059,-0.12241612450278523,0.5196314501786572,0.8731785247574415,0.0179974509312986,0.8544102067029248,0.044188913881892486,-0.027986091420615207,0.11652806988691944,-0.10246016906200485,0.07687873093908403,-0.13568029286510147,0.4966003134166723,0.02456395143042027,0.6676403673249586,0.9587219604964916,0.07396240539765532,-0.030633345569716978,0.05457553788332039,-0.052390922768961,0.8488959886984798,0.9573619504952617,0.6884787196591147,0.5608674526721759
3079,0.516230911963376,0.43585694951155723,-0.003353656502376592,0.897690431501958,-0.02916908377158065,1.0,0.0710853860816257,0.4002197332682272,0.7556420508392115,0.48114037148272626,5.177062735429692,5.929292265115418,0.3763989137019036,0.5127995800376633,0.5205374876352084,-0.2287205079436636,0.8992246741813928,0.00565307786223768,1.0,0.07461705231194436,0.31891842402417064,0.8823506325245047,0.3872698747329511,5.611858485048229,5.778399526267517,0.5930459944379293,0.5713941940844667,0.4476107856224644,0.03156141016878156,0.8905987038116664,-0.027605081096965783,0.9765625,0.07596799967697994,0.4000976592303232,0.7520131444326975,0.45725620072166884,4.3879536135935995,5.863884607870832,0.3566726438454308,0.5335696695442647,0.4294674405870333,0.002403636476975221,0.8859793171456114,-0.032104535404043635,0.484375,0.06993703470559133,0.06772057252723777,0.8229010346240714,0.39228375031005225,4.335215175774507,3.863768992671425,0.3053173541234386,0.35027134458294296,0.2000314701156849,-0.11726136668697235,0.8992772727614448,0.007696183988998095,1.0,0.03430730939632064,0.15497299111911375,0.9439719800549302,0.2122510797325638,5.175464347714967,4.9435909788126216,0.8958237072998148,0.13066031180871435,0.0009738634113129382,0.46795720468467095,0.8988905336635254,0.08750470247881788,0.8997003667590509,0.2544000089522367,0.031863448969081706,0.11937950027945522,0.041009295141377355,0.09589532340528853,0.056364173209413525,0.5205388016722826,-0.05875116702611054,0.6231320123973896,0.9449769074702433,0.03612290369717459,0.026289407162914055,0.06620664608145814,-0.003332698870566234,0.8524024529580163,0.9568984142446962,0.7803272378494218,0.7094515948017306
3080,0.5581600987129659,0.445040561973283,-0.0721542942235481,0.9092666568514611,-0.011068565372481975,1.0,0.07324968775149036,0.3728751487777337,0.7811363498821866,0.4816592583753945,5.1758846339159135,5.914087492030552,0.35662613578577496,0.5150125065067274,0.5026856856385449,-0.10988434507626618,0.8998210179973484,-0.0011120280612971158,1.0,0.07071479562134528,0.35154271065401166,0.8816737198691964,0.386178085503572,5.630859547856617,5.77838728823822,0.5942021038393557,0.5727918268099205,0.4520395092719657,0.025008977978337493,0.9024145637421878,-0.03246665286874398,0.578125,0.0772569020726235,0.34171575060274056,0.8130309791952308,0.4312505809502639,4.358352974822142,5.863431456502549,0.3827905164137154,0.5294505545623274,0.4249158646638402,0.020493803962437027,0.9080037432803496,-0.03334803277262314,0.4140625,0.07159333315954955,0.06479079561754204,0.9072435546023886,0.3463719763465971,4.341235132270366,3.7107051987933555,0.4414711227267602,0.35140182633133354,0.20417215198097766,-0.25174807414420103,0.8984688203462565,-0.0032073933401900274,1.0,0.03660919490646846,0.1554918057802057,0.9424716313153143,0.21156323088684553,5.175456898200571,4.7103685567839095,0.8982649093346089,0.12334544747203087,-0.01677184385410251,0.4949281877896227,0.8871397179210505,0.0033076378673600852,0.8882916258359956,0.2419726731428067,-0.01555109157143911,0.1013633708796969,-0.11476157491371433,0.08659731548414679,-0.06957745756571328,0.5279272945935999,-0.052118203995717365,0.7065498800006134,0.9677143805695507,0.02986581647137008,-0.05504912028790026,0.05758468994174242,-0.037665851011979376,0.8499857912240246,0.9664949889188983,0.7687332578234225,0.6968839248082913
3081,0.5211361808526558,0.4141605835886797,-0.04737500723188712,0.8976748956493519,0.02292574706693257,1.0,0.06263583561732576,0.45588549455244604,0.8661197724894696,0.4402542826916345,5.75553747167667,5.927364763293979,0.49541379544465813,0.5165101022830777,0.5192021843901427,-0.21182150616297102,0.9016398672985927,0.00012910286613112672,1.0,0.0738074119867735,0.3216650898770104,0.8822890316522691,0.3872074813769961,5.612848888417799,5.77839096155105,0.5936066147386043,0.5276470577821224,0.4266875574739103,-0.05174805304978298,0.8943580886316673,0.049124009783124145,1.0,0.06990150049198501,0.6236152226325267,0.8176109262034514,0.41304592160902953,5.874816205678938,5.861698183863214,0.5975488380926913,0.6363706359323176,0.5560668974164582,-0.013632806182019643,0.7795652518760249,0.0959727728195572,0.2890625,0.09801483377196704,0.26044495986816,0.8799766664869667,0.39259375857563694,4.3758724692393,5.862051247535216,0.48192600848189754,0.37724023777341953,0.22777817040533627,-0.30184682436383736,0.898627558723152,-0.019488031328926986,1.0,0.03754974402806427,0.15515610217596973,0.9467953380050328,0.20868794655387712,5.175462560064543,4.8096521574755435,0.8996433089007756,0.14749563641781965,-0.024222633753475515,0.5770800530062797,0.6329628627296687,0.09441214550999284,0.6106123301007055,0.27544858600072925,-0.06824478407997468,0.16578715810352115,-0.033749101657950885,0.2621694247032192,-0.023030710721370386,0.5131199371946706,0.009566797329651431,0.3548964239434517,0.9372460951494159,0.04710655879483235,-0.1487103306830732,0.19934710897222888,-0.16671967873822785,0.8616605650722032,0.8983399314405809,0.8219367950624114,0.840481731698072
3082,0.4790956623658205,0.40876935076582466,0.00766523128549422,0.8984344208264764,-0.009387642727831108,1.0,0.06002241844624951,0.44953764458143863,0.873251072523384,0.42783982668434345,5.756193193448474,5.924145200182919,0.5132118154063526,0.5325925084159768,0.5172794591693257,-0.22172457087969233,0.899628999713644,0.0021671601616938254,1.0,0.07569791723212511,0.32114627521591843,0.8788317428459897,0.3908921959447563,5.652325295455549,5.778395897882147,0.5900445775955653,0.5541556629791247,0.42256712432281696,-0.05980107640828957,0.894018560554767,-0.014812859497778327,1.0,0.06714803087522604,0.6393932920316172,0.8436771587654033,0.4057298517600343,5.874829792060905,5.862163729730602,0.6216338848782229,0.6664437688281643,0.5956046025184089,-0.03330226177094389,0.7664981417554957,-0.03635884197237371,0.1640625,0.11397803837487754,0.3032929471724601,0.7926979435502106,0.417737298200503,4.353951255870652,5.862827135879388,0.4475475431234883,0.26847085656666625,0.21026800341782692,-0.18068763593811094,0.8996298178276265,0.020484793739311984,1.0,0.028777247020619304,0.15573595385601366,0.9879191344579616,0.14002803204750913,5.175436867352662,3.08109540288007,0.9692349740120374,0.16602090578688639,0.05997159823454656,0.601598617804104,0.5402014417000841,0.11234032771497038,0.49288586843404386,0.5065117422739205,-0.12846956662688494,0.15591983976799417,-0.025556813913532355,0.26969149624521077,-0.03843758251299089,0.10675110659421658,-0.009532310450763247,0.3100854136335727,0.8807033218880262,0.25696801223557236,-0.07187047663258146,0.023366616100240253,-0.09978437594367467,0.8630198328779518,0.8747284907748726,0.9244636323017186,0.9168985735737211
3083,0.5149653037408538,0.4230537094503796,-0.012619188740839673,0.9037835635194296,-0.0013948917151745093,1.0,0.06642245867754303,0.43391216772972807,0.819723253004554,0.4591257539098401,5.6531954148721475,5.929843827716475,0.4657175169598319,0.5283663544785671,0.5221310803389227,-0.21923985266407395,0.900500051312017,-0.0015822120149008266,1.0,0.07437603263682196,0.32218390453810236,0.8821340607934157,0.38681807751908065,5.640339533868738,5.778410434368905,0.5938722520609846,0.5461888950483494,0.42945328624597806,0.048293511950184616,0.9019331530988897,0.005151738899241464,1.0,0.06991307778167724,0.5886410107730339,0.7895204487132984,0.43120186760479357,5.874804052632349,5.864444041468506,0.5777549317633901,0.5858866220112277,0.4893504549866267,0.023202890465705145,0.8993029735894769,0.03289755105503465,0.3515625,0.08759688474964168,0.11426129947813349,0.7756076552495935,0.41036126282021484,4.300904965870822,5.124356961856239,0.2592791181082487,0.4036866500119485,0.2667356739838304,-0.10449911085003742,0.9009607998701817,-0.0005544286062806703,1.0,0.03836970555357516,0.15527817621387371,0.9583624269071561,0.18656130925634906,5.175446298855449,4.502175927851966,0.9253924574568955,0.1423226866190742,0.008779696340234613,0.537334787256345,0.7747645825356698,0.12486127774080444,0.7771460327017721,0.3707812863469634,-0.02085300432738606,0.15799684420911592,0.01330113846986044,0.13960644092804675,0.04610917271264129,0.3129206075078344,-0.10278653751386355,0.34304401053429096,0.8970339688765384,0.22862844143881914,-0.14031848004391417,0.06561431799686226,-0.1455683442700851,0.8570078179261706,0.9153318994755052,0.8461480117910203,0.7884911582949661
3084,0.6222563400238809,0.44630444694660343,0.05535865883609388,0.8860684454712088,0.003210351161032605,1.0,0.0754227642573126,0.42011780144657734,0.798951268529854,0.47203945320546586,5.652860323253745,5.930026037659438,0.431119185895862,0.5414734636199111,0.5225602637368201,-0.22534493070013373,0.8999741272202244,0.0025918663853879086,1.0,0.07572131671932246,0.326120792260506,0.881431969203617,0.38758322538621925,5.639998738589018,5.77840977118095,0.5924603263195591,0.5586140840572049,0.4291024141445733,0.0538384172581116,0.8951061075880715,0.004712147095627706,1.0,0.07022640307525156,0.6238898892178106,0.806818356814681,0.418792696240283,5.874822016031698,5.863154128858702,0.6063633622385867,0.7006163337029065,0.7756516090045682,0.011593945630058042,0.6826568688092071,-0.18394358043213033,0.1328125,0.15392112989732834,0.17795342875453962,0.8498240902707165,0.39596340826419546,4.322560898466399,5.119048369436985,0.3037692204415974,0.34936185267850917,0.2673919811008407,-0.11890946090471391,0.898525992864923,-0.011807331046685889,1.0,0.03721799347988622,0.15466780602435376,0.9605098262756795,0.18020306157327384,5.175440475606869,3.114387792292062,0.9348965468659591,0.1402597170766647,0.005838658539616281,0.5326019055541508,0.8058879737773709,0.2008581266228279,0.7999742384817825,0.36607562196940124,-0.012749613224877084,0.16789966765452558,0.0697807054536799,0.13913543315958246,0.0787769854010824,0.3155219836581832,0.14440617680484227,0.2658946695843096,0.9082885331195621,0.24228637235804754,-0.10733297058250252,0.06329153249284497,-0.08383835498053654,0.8558155705611716,0.8976850063712768,0.855054760790952,0.7977947618322193
3085,0.5317500752008207,0.42291903189494673,0.03474361938960362,0.8930285805520018,-0.01342897889769876,1.0,0.0662026020241969,0.43122653889584034,0.8374727914670965,0.4483511538437267,5.65332270383799,5.930291538602003,0.4861260226192763,0.5151506746632013,0.5178862515929988,-0.22055638766473235,0.8995065094897315,-0.009614236339119875,1.0,0.07465711994339573,0.31672109134189885,0.8836458352282057,0.3855637036831236,5.643609926851928,5.778386505933979,0.5945703732883489,0.6258992681216243,0.48358148081641605,0.03161916202410401,0.8742488435258136,-0.020995318814472357,0.53125,0.08880905414976749,0.5411847285378583,0.7466092954342222,0.4588514949609095,5.871436315127593,5.8657034212175585,0.4673692293445869,0.7179662259200315,0.7486829660458592,-0.003438191790082031,0.7604724092075178,-0.00804612753410716,0.109375,0.1543626930774058,0.13846247749259927,0.8168207049856274,0.39532540402577954,4.261204578960774,3.991937086732834,0.31107086461517375,0.3633773094986251,0.29318006024947674,0.44899880832965067,0.9011217764312679,-0.013940831652183724,1.0,0.04112499690870746,0.15509506515701774,0.9747255451508675,0.1611788558862314,5.17544265895728,3.0986349026815514,0.9510003667291584,0.14465866483563375,0.12151087272125023,0.5987741712636697,0.9190973755700724,0.13641574760312986,0.8877230890171346,0.3308906110770726,0.01774818198514975,0.1413390276778532,0.04988066270220277,0.1234474444038415,0.07168650628322738,0.39233440206871867,0.18325428274897254,0.5176069692587875,0.9623687519232674,0.09458840768665139,0.038554601632403755,0.08592932090419247,0.04909400099590639,0.860389530158266,0.9455649401536245,0.8570742355885784,0.8124203987863233
3086,0.5760244183554071,0.4687697908972587,-0.030578257634113357,0.8987216675633642,0.06200884936973408,0.9140625,0.08275875805739148,0.36890774254585407,0.7511106444669371,0.46936656732171844,5.175632397152967,5.877837999268082,0.35817614689221866,0.5148815507697225,0.5214081419406883,-0.22464782523144383,0.897661768342478,-0.0016929458721839684,1.0,0.07474446007984352,0.3240150151066622,0.8834153480013294,0.38532980690206803,5.639133122972926,5.778379988461388,0.5950641099643514,0.5849525354078198,0.4437039784407014,0.014037724571035809,0.9012754489011885,0.04547273999186207,1.0,0.07480322729855293,0.5564745017853328,0.7809177340613207,0.43678410375146176,5.87470179945807,5.863872051194001,0.5234917179738448,0.584059889204936,0.5934208524125505,0.01650639440208501,0.7312666459342982,-0.10651383672181039,0.1796875,0.1045066698895116,0.08563493758964812,0.8654688995728329,0.3553863154020545,4.312654155534011,3.728352139532392,0.3787901200997843,0.31483039636923843,0.21711254625534973,0.10678876397194455,0.9014079343490128,0.01197987908587965,1.0,0.031879758414298215,0.1553392132328257,0.9712840168143841,0.15797122095108668,5.17542994284668,3.0899281691450247,0.9599573907028263,0.16722522908693663,-0.005658778884784339,0.45435252818468436,0.9328642514926981,0.3852503724874319,0.9651764899395879,0.1942502434616376,0.11164627786612658,0.16277032077427125,-0.00527840279223704,0.08006694011138057,0.01737533835674995,0.6294892614313964,-0.08415944637560706,0.3410432981629468,0.9302029587964473,0.14635785284706435,0.10867972650639528,0.06889134489175479,0.15166206215178,0.8525784038714297,0.9389571178210447,0.8704450390848334,0.7667280059676573
3087,0.564762866999515,0.4517404838807399,-0.03408486645197209,0.8995995790811612,-0.017121776918219242,1.0,0.07488448328923657,0.37754448072756125,0.7891996644756935,0.47801612567660834,5.1759999477924,5.920184282471803,0.364629769920346,0.5403740493986215,0.5200419547335738,-0.21602267020898508,0.9016971782185267,-0.0011700147583395247,1.0,0.0750556013512187,0.3206274605548265,0.8815957323957597,0.3880892610435733,5.640538555765703,5.778391478944251,0.5914844133544781,0.5012988897547677,0.4138746573335172,0.038129058940697055,0.9005819038353013,-0.0001345762483670079,1.0,0.06447370368327081,0.6539811395611438,0.8436637587222611,0.39171432356680674,5.874845071500348,5.826583413006241,0.6539312011074554,0.5852276500995981,0.46462760859414254,0.01805476162300437,0.9034454777134325,-0.03933670695946948,0.375,0.08149017449246979,0.12106692709128086,0.8332026749533457,0.39833678335661865,4.3542916902896724,5.539893943361278,0.31543428172213234,0.47671919382622013,0.513826791500427,-0.5811518168406696,0.8976207423585937,-0.0008987244839455805,1.0,0.0657766969746118,0.24726096377452925,0.9439633507239802,0.27704181665091765,5.175936175928525,5.179361237528943,0.7099548361360177,0.20183229113955262,0.04549016071190557,0.5885788824616187,0.3392746003189307,0.4244930483033812,0.9227938464855555,0.29711331915952927,-0.06354092158626465,0.17043425372998702,-0.14963623101587378,0.15100275732163915,0.11546874850496777,0.24802553666861496,-0.03649805711407989,0.0030808276859079094,0.20692620017038768,0.20958510755827325,-0.10303519059735493,0.04280513191098411,-0.05442185092171356,0.8501388613653662,0.8301998696307407,0.8320487578816007,0.735943563391752
3088,0.5527772583927479,0.445643903440407,0.09822345578266221,0.90108678096298,-0.014860527005652697,1.0,0.07256838632492217,0.40379039887691887,0.8088679799707621,0.47155381698637727,5.639428743561134,5.930084804778427,0.4037816805253354,0.502377867039609,0.5036151649943997,-0.11124867711752465,0.9000711921802472,-0.0030266178345027257,1.0,0.07053744275591599,0.35374004333628345,0.8815745904546632,0.3848969199949273,5.610138579726551,5.778389592191092,0.5968415121071567,0.587340907740191,0.45362974357183705,0.025930964375062794,0.9179052379223772,-0.01021037473499163,0.9296875,0.0775800441633692,0.5317850276192511,0.7750742559364356,0.4392551266057177,5.87463493504626,5.864750178907959,0.5000567267631488,0.6498865856048518,0.5397052980068361,0.0038841613147297563,0.8789679611956573,0.01214710851266771,0.140625,0.09943872082897519,0.09268471327860348,0.8646933808209543,0.3563540091568079,4.281614489820995,3.768516658226705,0.4242440719412412,0.4939918616139815,0.4025646879523005,0.40017747911933477,0.9026730631887125,-0.01397256828587055,1.0,0.05982435922554891,0.21604052858058412,0.9107946752602515,0.3084310556866852,5.175783714558433,5.179588000258319,0.6833655917196836,0.2075417279026781,-0.003995292572975604,0.47987320863558824,0.8613525844561969,0.23291791670828577,0.9246584455075113,0.10307460676826583,0.0037527631429560356,0.1474646022461174,-0.008733811527461246,0.10490280661971682,-0.02637828314717287,0.5017395952486782,0.15177255268264772,0.4379917389029426,0.9155233444513843,0.11843571730338401,0.00728403842371486,0.08075904980344262,-0.025374486740776015,0.8527434537079907,0.9290929038291831,0.7530302300798478,0.6392177132301219
3089,0.5782486699120407,0.44678258638803503,-0.06159432521984876,0.9058687951223187,0.039943548989162546,0.984375,0.07426414818639338,0.33286538285470135,0.6806379328107266,0.4968626616377594,5.173574037578702,5.864718706688249,0.28310343491868684,0.5409973081358181,0.5027167698715713,-0.10941069267319066,0.8985815437787719,0.002405648184768972,1.0,0.0703562119391736,0.3577074495681631,0.8816865739776101,0.38672143534924736,5.652308813886065,5.778387061871646,0.5934903405104579,0.5758798721150966,0.44589599460444346,0.0061224151394444655,0.9049532605105609,0.04101523564226267,0.6328125,0.07510951230367967,0.31666005432294686,0.7469908086502478,0.45527407511687107,4.331984488628396,5.864737988772794,0.3009625808593662,0.5198960416864362,0.4282804836181808,-0.00628904728607059,0.9181356720642228,0.04147017849588337,0.4609375,0.0707689372412793,0.07831049531540879,0.8135720271944209,0.3961123827967274,4.3065260337547215,3.902302437931093,0.28968304754155144,0.46913268083456905,0.35880435902007773,0.21973370691179647,0.899208818290164,0.034592372352278904,1.0,0.05285459993566275,0.1728568376720481,0.9160903875032269,0.26877889755640444,5.175524849381808,5.3993295743810314,0.8151782344495561,0.12121915637388225,-0.07228137511102925,0.2815791407485415,0.8338123699197146,0.2858856467447028,0.851088118067282,0.3135250483510908,0.010455968562380768,0.09996330884332538,-0.07216474350730523,0.10832771811965662,-0.08478170856861979,0.004685531413020068,0.12581389393393227,0.7093502405704433,0.9657179150625433,0.1006879288370757,-0.024819930713835845,0.015011604516914802,-0.01927727159567606,0.8370580443192429,0.9610666534155611,0.7335778924907921,0.6831352310945673
3090,0.5938049110716155,0.436866147258112,-0.08427782995649871,0.9073968819554223,0.034370179852297844,1.0,0.07275780369316336,0.40470595416119876,0.7845028052635291,0.47389918331877373,5.652613522025924,5.928742347169289,0.39913648421910874,0.5152968942964107,0.5205747551326843,-0.23027754965808364,0.8996052465986402,0.00566825976053293,1.0,0.07503344281497587,0.31690420239875483,0.8833816405066537,0.3861484920092182,5.616593959310016,5.778387989359672,0.5928292322652702,0.5821948397413232,0.4484290032027475,-0.0035654918545515073,0.9081575483699269,-0.0017670059540136403,1.0,0.07574398740913724,0.4642780846583453,0.751724268840869,0.44537904283101193,5.653020061351777,5.863309437669481,0.42066333978430187,0.5482642057505139,0.45460781809609063,0.03604471430067634,0.8949728771938413,0.03137619294994987,0.3984375,0.07706083164355854,0.15234839930417798,0.8573068462996456,0.40200597483124484,4.349937722504209,5.863193462483459,0.3357665796325241,0.4905945669542481,0.3955324304137042,0.26133305353526537,0.9006144210540922,0.007649568871972709,1.0,0.06180148348001913,0.17978453932309946,0.8979219507860532,0.30208600487949605,5.175570689934138,5.4805006634277955,0.7595878138600695,0.14610259450537816,-0.12565338748239524,0.4330443201736434,0.8263288656419068,0.1563090895655869,0.846189550499981,0.32975442976734703,-0.027349201971775625,0.13840788761278386,-0.0443546325428627,0.19313092881577631,-0.018186457209385987,0.15723442572027976,0.014558866763439846,0.5516884630451794,0.9667045876139568,0.10631771443132207,0.0592501241498617,0.018892908034463297,0.04345010164866486,0.8531936279570076,0.9335368015470615,0.7592986683347226,0.7554449570118291
3091,0.5549740412896569,0.436373614405893,-0.045237413554091985,0.8962990844411771,-0.020454813024078138,1.0,0.07266263010153635,0.4007080294198431,0.8081277979461856,0.48900949500287616,5.431358727365459,5.928129032239335,0.38213539163302035,0.5150023416168652,0.5144682770933707,-0.20889419661673145,0.899997936400404,-0.0009172157475028165,1.0,0.07274396474462942,0.31900997955259863,0.8827380501523056,0.3858832341437672,5.652023133688453,5.778386714221723,0.594271803531949,0.5894767833349718,0.4537268970708848,0.009094819823300388,0.8858266152001897,-0.020068285823152184,1.0,0.07797020759941291,0.47120578630939663,0.807729816160472,0.4610501818337006,5.652849190134957,5.862436937024592,0.40887939387770966,0.5975344856820242,0.4760563052101505,0.024860583079347107,0.8399569669635235,-0.006776692476055523,0.375,0.08558512736183546,0.14304025391399883,0.8555229211102966,0.4218013772497897,4.381972623242753,5.6358580202193345,0.27345807746506234,0.35410964882288165,0.2089244033318715,0.1196877076521956,0.8998209764614322,-0.05489025218755937,1.0,0.03581916144628223,0.15475936155278175,0.9417051393231259,0.20917276310476393,5.175449401473415,4.704882669161989,0.9041817209026127,0.1418692072768012,0.07512667016354481,0.4257669694859049,0.8918169570681923,0.18021273942740623,0.8769270819843474,0.28843472861889546,0.12478823790210303,0.13447722707793144,0.012359177398566693,0.17866479598044793,0.04957946461523661,0.43112820783995304,-0.08508718193491338,0.5432285760919269,0.9600935114476281,0.08917861240027306,0.1980666565440424,0.11596518782503944,0.15639703096710725,0.8507174987575967,0.9369632313849088,0.7933155815812675,0.7810725761057226
3092,0.5420012641466546,0.43795780161259856,-0.15857529106839893,0.8955186764269906,0.015913098688453958,1.0,0.07219259901022211,0.3959471419415876,0.8112287989469356,0.488098201233371,5.517535046119975,5.927661017784626,0.38931994678038506,0.5266643536402928,0.5212778109072581,-0.21896012988814223,0.9002197570964521,0.002832219152224309,1.0,0.07527102694639877,0.3197424237800226,0.8822388451742773,0.3866261604470465,5.646000605408076,5.778385459366885,0.5940613774436567,0.5581818135493786,0.4454827472364634,0.031549122016615756,0.8966669340684174,0.03853734027284465,1.0,0.07587533401026199,0.5019684438612019,0.7877046761226156,0.4613167296939652,5.80503656330216,5.861993586674837,0.4580844550322303,0.5801328397465545,0.4553013700671778,0.029195756838354313,0.9072746805096593,0.08218660267593898,0.46875,0.07619187821381322,0.15485091708120977,0.8338679823430674,0.4439314753683808,4.39731777588912,5.861850095023785,0.26652724262053273,0.3375290733984395,0.18357529859297034,-0.12314502760900016,0.8969376989151807,-0.05035508407769342,1.0,0.03228381669053058,0.1553697317423017,0.9558662019081494,0.18280938037485667,5.175433457337535,3.113996567855182,0.9353286295080828,0.14707002522352003,0.056143604996238224,0.45554549146853734,0.8934660654860396,0.17637888633688284,0.885058631320245,0.29472215182893735,-0.23045419928611807,0.13975137580126826,0.04962952025530308,0.19280227929598015,0.04029086386881836,0.4285492330532134,-0.032707074942309414,0.49553215336815853,0.9634707159825389,0.09653794212681219,-0.2936105945851707,0.12641430164056305,-0.28176333482106763,0.848745913503537,0.9274828879299506,0.8204033903310157,0.80987239894116
3093,0.6384214316846905,0.49940492666171526,0.06659158524017449,0.8706957882300836,-0.08406714830437582,0.4375,0.09314928206741777,0.4084902493362224,0.7660672927671545,0.47725649159898487,5.1773639364800825,5.928381872077936,0.3755832181683265,0.530625535712355,0.5154322217834736,-0.19178628484193339,0.9014884836511767,-0.0004685509549907454,1.0,0.0726608034773376,0.3241676076540422,0.8831357193508891,0.38593530933796516,5.652310310930153,5.778385454570898,0.5945980819489916,0.6663275096979857,0.48243214465309475,0.027387309652571603,0.876796539453525,-0.030566438200476536,0.21875,0.0899971972514825,0.6060975981933042,0.7995977959652389,0.43562083490658743,5.874721854988585,5.864212570588791,0.5295433080403584,0.7449546928718618,0.9438474790105791,0.008101018779995825,0.3048824877442372,0.2414392636725548,0.125,0.18761148275580583,0.27765739921262245,0.8611503667344159,0.37756010535579854,4.31785246538352,5.0124323132783255,0.36868986095909406,0.4462668986813793,0.44603045936005153,-0.6620943993795699,0.8992525915760384,-0.012951733664628397,1.0,0.054957021348727514,0.16010010071108127,0.9621447291429646,0.21386718020697645,5.17554336896046,5.1780336989460185,0.8494794885261179,0.21216434909034484,0.09842508359604697,0.4563702694444828,0.8937543778680385,0.3583930146331428,0.9692685754718795,0.4052474122096718,0.29164919599366174,0.16120443981880248,0.06079662875616263,0.12568179429153395,0.09337231524661484,0.2948635123195016,-0.057017789363447785,0.3425973172739139,0.9379584129922777,0.23151519190868924,0.24909984009959882,0.04169613924986517,0.31863200460973484,0.8496525334181129,0.8786748053148054,0.8376087753595912,0.751691745517022
3094,0.5273700904853721,0.4382143216687061,-0.007112927810345222,0.8860803829561874,0.04567257789845457,1.0,0.06948388119515006,0.380535294656209,0.8725939670918801,0.44209994201862984,5.652839591076423,5.9042028605252375,0.4720525566304396,0.5519391723759841,0.5207656914080584,-0.20403063853583983,0.8999837268434547,-0.0008191581266238513,1.0,0.0741909718746141,0.32151249732963044,0.881915396292416,0.3864738993346336,5.610898525423356,5.778405167254852,0.5940384198633699,0.5673695188556064,0.43471053769551166,-0.04814261044812871,0.886222533069834,-0.032637845964560035,1.0,0.07145634261339084,0.620288705099643,0.8170074639004745,0.4134850412953753,5.874816618520269,5.791937052458887,0.6001265524513222,0.7220507742100662,0.780916040685061,0.03490866178931295,0.4755802777744115,0.0031889932916097236,0.140625,0.15816586390883625,0.3463545640430921,0.8626493235852356,0.39476911657250263,5.124182904997405,5.792080242863212,0.4086912451383669,0.4925284760752647,0.42330799608207187,-0.33341389263984916,0.9000687898773381,-0.0034649201513268103,1.0,0.06431123547022943,0.1933652760399182,0.9052046997124583,0.3057355765261373,5.175629564136872,5.479882127176714,0.7363420150346809,0.17182860173151,0.07166801597260297,0.6509144693499671,0.4484304952346748,0.14298730635718115,0.18434349707921888,0.263909273464208,0.020617653379427364,0.16179395210992667,-0.004386499101443163,0.20617954966426955,0.015203756380782162,0.4323133525204756,-0.03111340319717997,0.17352005193173267,0.8018039921874522,0.21674057462189994,0.04066385785775798,0.1164528429600632,0.04430217261634357,0.8693972589458034,0.8088111893410306,0.7861712296757829,0.7262086441995486
3095,0.6315729736594958,0.5913028923297137,0.06802475726049721,0.6389308251713094,0.31894512601320063,0.171875,0.11300042197748042,0.2043824579607532,0.9259480834905898,0.2787373155625386,5.017356647486686,5.540175356500607,0.66664008436326,0.5405533849984168,0.5189244073625976,-0.218798559800409,0.8999771169169981,-0.00043781088805042363,1.0,0.074098963515263,0.32093264564958646,0.8822946041664101,0.38728964622277173,5.608083362712761,5.778386100484034,0.5931274095443702,0.593876749097998,0.5911609726613786,-0.015373621956769615,0.6221996407106287,0.26441857031599864,0.265625,0.10096620996807307,0.2752769554734947,0.9669430644213097,0.2420243049044487,5.016714694506349,4.67599294133874,0.7690978035791414,0.5797875803322997,0.5340230429493353,0.13157286471803015,0.7178434214699877,-0.13274754648185905,0.2578125,0.08720843306339432,0.1891537217322306,0.9397184010048342,0.2920441979582585,5.0162109362707605,4.670886087659136,0.6488062164591166,0.44918907554517984,0.3217610811866049,0.37138812516549485,0.8942251814954207,-0.0641092479604061,1.0,0.05218957984586378,0.15588854640339367,0.9319406721723047,0.25848491614758295,5.175553229457737,5.178574069178231,0.8093723957361116,0.056531769791761444,0.152163039712129,0.8823571867649437,0.8787090050385842,0.0787670444660161,0.29818495273422024,0.09981968848187639,0.1978283957578255,0.039817282088076514,0.10539025985446242,0.13052999739095925,-0.029250321278940807,0.29441654091763575,0.04440096469469128,0.19128979991972506,0.36148404039622056,0.031774469327411604,0.23703717818627223,0.0827005430256161,0.3212043740943209,0.8132238904701273,0.172061525724033,0.6732660368015673,0.7427111534036284
3096,0.5905239887817839,0.4412360496035699,0.03217214361152962,0.9181884958607388,-0.10561289671056882,0.828125,0.07285691829407098,0.3901181066316721,0.8895601104304234,0.4642724310000292,5.653416112120277,5.939091360682474,0.4469819939452643,0.5284273307831223,0.5154067118996108,-0.19547790182556243,0.9011657092203768,0.003895970982671058,1.0,0.0735671677942033,0.32514419995727406,0.8823312559679914,0.3871365521318561,5.632095971862105,5.7783945223821735,0.5918586307773375,0.6520816294910953,0.482706517112072,0.009318399123893298,0.8890686150100948,-0.009302006929114853,0.140625,0.08994206532842755,0.6128116702780236,0.8236288894050288,0.4417483146652698,5.874782255675055,5.805603569431036,0.5501120116059244,0.8798483844230401,1.0716669873515414,0.04036429190472029,0.720117007340962,0.026372473536592375,0.046875,0.2792895837878509,0.4432508316293832,0.8416352450735688,0.437975684510303,5.067125326692484,5.803090486181757,0.3657379712875113,0.4141684057373024,0.3367963568171107,0.4719016935805106,0.8978344693547301,-0.00022206508733659452,1.0,0.049685375860853254,0.15515610217596973,0.9544863901578031,0.20271433588369503,5.175473141432948,5.176527982950995,0.897257970031813,0.14373300905019942,-0.06359222021275263,0.6408854468302649,0.3001497464957206,0.11501460092286865,-0.03785789399053987,0.30222092255122807,-0.038847271744938384,0.1584639044227276,0.045485798259601445,0.3000910406476482,0.025527583970638434,0.34139835656035705,-0.1464021438050244,0.12500832160264247,0.8494156338614914,0.1162132305287849,-0.13263700487912947,0.17673085377704895,-0.10495575987169489,0.8535697273630007,0.8365357651557099,0.7928417005628687,0.8046926815730936
3097,0.5388407301456837,0.43939585181157925,-0.17263126423974473,0.8979629121225927,-0.09442440972166968,1.0,0.0732350047747755,0.42121646778771327,0.8774667966080353,0.44711179973457754,5.755787083185031,5.924283117593316,0.4854977329628831,0.5027318764911505,0.5146507471086132,-0.19112828576325389,0.9024938797916555,0.006734275051772672,1.0,0.07342649992505124,0.3270668660542619,0.8814492064892027,0.3867743404642882,5.65232750163286,5.778392467563288,0.5952496326620251,0.5443301841204324,0.4147212566163766,-0.004030887293401545,0.899740601955059,-0.020089866568839213,1.0,0.06483602191816315,0.6666768395031587,0.8573972836599505,0.38865097564469947,5.874850139796475,5.788372779532256,0.663240841865049,0.71622251692516,0.6160153868311796,0.0678122800556712,0.8401676835144319,-0.039826671248212965,0.140625,0.12461829273252727,0.4617755668813135,0.8158024646516376,0.5119449301179919,5.175242855081736,5.8064495166209875,0.32435024719571276,0.26804726942290014,0.17256564398053967,0.12729022577433613,0.8999072407194002,-0.02071629616538898,1.0,0.0273736458540556,0.15567491683706167,0.978366511302165,0.14645973114346236,5.175424525777794,3.078759178383402,0.971538109981836,0.1664757995040957,-0.1949763212529529,0.6273675124200693,0.3856136571178928,0.2410376508792953,0.39109214075404053,0.3408936709369926,-0.03874165316269579,0.1759935918179957,-0.1485409139790339,0.4063800592515671,-0.24833689689657065,0.36422106459204967,0.009806687252201917,0.1430457741925762,0.13681611613433578,0.14919077419748708,0.1392106309374439,0.24373839113781445,0.014039037820650947,0.8591598766280073,0.7787514411878413,0.8947587138419543,0.8987043677412059
3098,0.6210768520418419,0.5168856696195329,0.045317963895865364,0.906415690816402,0.31857386512819763,0.296875,0.09636558900771963,0.2335276345103305,0.7336896062437954,0.4694620806038173,4.244823733479682,5.86727287895498,0.209914918190806,0.5283016366620636,0.5195479197632665,-0.22334310128576365,0.9013748862069916,-0.00017412282198874952,1.0,0.0751314892123528,0.3199560533463546,0.8823661435350507,0.38638518598273197,5.630057822591864,5.778387802705415,0.5940176339907906,0.5999530094893141,0.4989048462204381,0.005420724777518053,0.9073861097737705,0.3044807310358147,0.3203125,0.09062586156255124,0.1586657307657094,0.7152334621206093,0.4205564671608902,4.236853744441551,5.866877142266708,0.27276891305579504,0.5613032085134101,0.4943309291810669,-0.019691398012855205,0.8906865428662112,0.33311672759412175,0.3125,0.08826767317736804,0.05319376201666311,0.7380406868425837,0.3885464705957534,4.234268711572136,3.8713533684037786,0.30262966257681995,0.27834519208027314,0.21266965538205734,0.050104697309638846,0.8997807733655733,0.007249443755076161,1.0,0.02949044190156224,0.15555284279915768,0.9789261082178202,0.14327560024589125,5.175423545733195,3.0756061397822267,0.974791899450776,0.08781668325234894,0.08518575528652869,0.8763533873822708,0.977386847638946,0.6596270853857952,0.9533654247600138,0.15015176696596622,0.04520530779104563,0.04987989129859042,0.06435178768594033,0.05354552450655047,0.0579553172016793,0.5811956081393548,-0.011124767139137449,0.8829137516920186,0.9882544643373721,0.06483527213774676,0.010470887652948652,0.04750556353888721,0.008866791174957832,0.8187614165687865,0.9856885699115271,0.7942140024446743,0.7378668794389448
3099,0.5386103390003795,0.44098912449406347,-0.04698707107068819,0.8952525731591541,0.035590889626590065,1.0,0.07339588646958611,0.4105960264900662,0.7861589867671408,0.47848036770371133,5.497973748033901,5.931295073153341,0.37920924967873987,0.5277763468652091,0.5211988930721948,-0.21614266076728883,0.8992334678779222,0.001804756704805161,1.0,0.07517532379162778,0.3191930906094546,0.8835586019216266,0.38613838952392715,5.634603807174645,5.778402548655332,0.5954018721438683,0.6221099935029751,0.4784481416280697,0.005755891040289447,0.8642684895525239,0.07836289769544234,0.3828125,0.08473172420327083,0.3065279091769158,0.7897691451058527,0.4238450163922676,4.256910106957413,5.8660855726274646,0.34636300869540837,0.5880775656989313,0.4918005460508311,-0.005096700314145524,0.8518993443585796,0.08186138784533917,0.2578125,0.08780013212373598,0.10376293221839046,0.8408598711703491,0.36382244030337973,4.243308777458447,5.127208809881652,0.42962705515084243,0.40263104506915054,0.2836508249909103,0.24745333467453548,0.8994681708452779,-0.003616064755387286,1.0,0.04352476531839746,0.15494247260963775,0.9347804266244792,0.22327228911710637,5.175472784039831,5.177133629184028,0.8778115756232501,0.14823592883619016,-0.03173489375904164,0.6019437621407971,0.9377115383956814,0.24913932081871956,0.9226529042032545,0.1479868141136736,0.10330662814731172,0.09304667193883656,0.04178119799973337,0.13594025316393038,0.05654071023178336,0.6014359146242823,0.018901604993331662,0.7790911631651617,0.991219210282788,0.09425747818527722,0.13053864397730677,0.10850377733497373,0.13530241467839732,0.8517250256931057,0.9733349506856036,0.7341797461486553,0.7267132908452871
3100,0.6634966231021324,0.4297666514922532,-0.08710161026629415,0.8962512020947574,0.05273616514400134,1.0,0.0660955847024904,0.44303720206305125,0.855676621259233,0.4406686123333825,5.755600410351448,5.872569106861356,0.4959328842815202,0.517290118028922,0.5157952381771008,-0.18748429217271853,0.9011904780376114,0.00038330295389332834,1.0,0.07373711256964723,0.32010864589373456,0.8823568556862693,0.38567767970447664,5.6336312000807425,5.778368111984486,0.594674179428035,0.5661784441118104,0.4263910856620075,-0.07552579290289227,0.8968513347495939,0.0378465931462744,1.0,0.06856399500959283,0.6445814386425367,0.8283579436516,0.4087715722466347,5.874833926784128,5.79467586580772,0.6298292343588203,0.7263349999380442,0.8381974365660511,0.016607863985790037,0.6859177746233941,0.06499400233065492,0.1328125,0.17013793168848232,0.4511856440931425,0.7727576630908704,0.46504690045837443,5.107392991843929,5.796532615404544,0.3074765371163113,0.3421621377731889,0.2514347522627801,0.3058370078539891,0.900628448519095,-0.0017286475802465225,1.0,0.03777665561538545,0.1553697317423017,0.9686816838611274,0.1667884071403518,5.175434204380495,3.099047021264175,0.950681061413736,0.24365955516821292,-0.09388804487253428,0.6266552993014692,0.6634037759530674,0.19859854732115856,0.3682902851321158,0.37142274547484816,0.07592665525800514,0.16901557821089383,-0.09214480880459978,0.2914927237842432,-0.07251832241203295,0.2658134505274175,0.063874078370312,0.1191374921537026,0.6790494569317582,0.16859960866406018,0.05103873598602923,0.11765126534257135,0.13445307377209811,0.8628695749711618,0.7339684077541919,0.8606277548346534,0.843543041259807
3101,0.5511236688437555,0.43164884648176244,0.024576259216930657,0.9109421550652372,-0.009370844779199737,1.0,0.06655924228817824,0.4380626850184637,0.8866128650336617,0.4417555176642761,5.755704528030224,5.886765414500698,0.49632094571256613,0.5186587378357148,0.518897422561022,-0.20224534560820523,0.900595995094289,0.0023415429097355224,1.0,0.07360840345088501,0.32108523819696644,0.880927500882491,0.3879009599768895,5.631354978531265,5.778412638836154,0.5923685418341256,0.55853573571698,0.44329660335877175,-0.03991233511985924,0.9170716895342574,0.05523020159902855,1.0,0.07392021604350021,0.565782647175512,0.8604954724789309,0.4348564595254012,5.874771369458509,5.802076494086403,0.5477233899282148,0.5857481176388422,0.4437178647725897,-0.00029464418622225045,0.856319598489297,0.06978641119166397,0.7734375,0.07826542866354419,0.24048585467085787,0.8643685093934297,0.4409981140970496,5.077088714211404,5.801311074813788,0.4236227964326207,0.3476028057678372,0.21404486004965753,-0.13017458575400423,0.9007880651708903,-0.0336395724882322,1.0,0.033837491916583154,0.15625476851710562,0.9637162581678439,0.20506133432174295,5.1755136974807225,5.178247741138052,0.8770259896005191,0.24032465694035876,-0.048639228820351293,0.628377664679935,0.5927355611755956,0.06659155988538823,-0.16446619611453767,0.37539231421679164,0.19197062942225265,0.15627242533185692,-0.09708263219598218,0.2591137159768563,-0.024983533288134446,0.13919875560218617,-0.046617645366553384,0.1482733814452417,0.31592276365579425,0.20546355191200005,-0.053115896290845496,0.11716511902809347,-0.17363483706558047,0.8606392969763146,0.7986323457046007,0.8434378773378227,0.8300922819120661
3102,0.5300311269141795,0.42348024307388743,0.057059888026988,0.9055961473848297,-0.01088489802839099,1.0,0.06550914707189494,0.40952787865840634,0.8812569951410891,0.4341686353889766,5.65307826722448,5.937776928329717,0.49963651895162164,0.5297280475900948,0.5201405937771573,-0.21872673653487792,0.9004508338824864,0.004473897573762931,1.0,0.07442709948783643,0.3211767937253944,0.8814948923435896,0.38599778241695026,5.641791207386872,5.778395908354776,0.5944491088858475,0.5438616496974363,0.4312904487247195,-0.07047365391486222,0.9052584740486743,0.0003734270172376376,1.0,0.0703896903564823,0.6428724021118809,0.8240093644223249,0.4132692208865652,5.874831590935646,5.872923306277317,0.6240351282635357,0.7297271359070806,0.6757357132740652,0.3269057109057649,0.8616390936238759,0.028041785954049023,0.15625,0.13289894665475954,0.28934598834192937,0.29482425868180767,0.4850502452977832,3.5959441775244776,5.874278104516773,0.27162077431380177,0.32974670030168235,0.22353204360753404,-0.15715182159814592,0.9017623453708331,-0.029318604119500293,1.0,0.03158701227512624,0.15506454664754174,0.9762110533549644,0.1768657289253892,5.175493000848434,5.177396901608634,0.9102233039091627,0.17905387675153095,0.06280421708401063,0.6126845483658483,0.699314114038856,0.010413489868306324,0.677541798305408,0.49661175001112184,-0.0012548381080183905,0.16308814308307518,0.13980400800584458,0.24166016615244354,0.13124438938491717,0.10627759841993575,0.042235062777704425,0.12663831495436742,0.8694070724043147,0.20538752615742192,0.02006149770804242,0.08784208128568602,0.044129065210416936,0.8665447943027113,0.8356499559103675,0.8823270440054228,0.8698262050013402
3103,0.6203570091029648,0.4431906082614022,-0.01638413752376751,0.8830844670120308,0.031498588464553494,1.0,0.07449228405585437,0.3923154393139439,0.8186190558002391,0.4581791369667137,5.587166371076786,5.912544832035403,0.4566888950089878,0.5170680597067908,0.5160457079187215,-0.20407196290798957,0.899729038322073,0.003502052019002211,1.0,0.07376655442969042,0.3225501266518143,0.8814630021210728,0.38796131008814305,5.6523375324504865,5.778399781081842,0.5927696029241849,0.5433640225705904,0.4230047589688044,-0.03130954844847777,0.8971054530601672,0.01352718835762216,1.0,0.06662710508812662,0.6560563982055116,0.8410040778774752,0.3973239012056228,5.8748447316542265,5.811699877876936,0.6501364257547007,0.7342172685780837,0.6379858916425178,0.02898088244515926,0.7353309398851058,0.021551345982726455,0.1484375,0.1246619005003429,0.3344218268379772,0.8323002166324758,0.5140445122662164,5.008344883059836,5.874241048887056,0.24604435018458118,0.3352654601341583,0.25359056996931467,-0.30805107093068973,0.9008020481267488,-0.008225472248166322,1.0,0.03569397214740056,0.1553697317423017,0.979227697567405,0.1707172487287776,5.175491813195705,5.177351499698081,0.914059886472443,0.17334915765322625,0.005512640644463469,0.5664916995827707,0.6391175831353865,0.2934161247069211,0.8199610177144117,0.5177690158572734,-0.012403783165664348,0.1680542798289072,0.0338221799839157,0.28610431584799145,0.01679131010680025,0.058007976644797704,-0.07705974036844429,0.045974969606097954,0.550370720240669,0.2401394927008193,-0.006899355363379155,0.02088189209166767,-0.04611581135251885,0.8618202215414121,0.7041763675546713,0.8951747477174304,0.8791857246444107
3104,0.6263208424855469,0.46973135671697325,-0.023118403550245487,0.8807821167364429,0.000443429902756184,0.671875,0.08246687620672115,0.4054383983886227,0.8528969511188662,0.4484979236295967,5.406336918758619,5.930012174562704,0.43385707441121096,0.5144614855768773,0.5205166424129865,-0.20225664973703705,0.8999754444633282,0.0025518125260923616,1.0,0.07405400454055125,0.3241981261635182,0.8837967004167182,0.3855088280524459,5.604513666632787,5.778379576845857,0.5962182341327003,0.7473271926088992,0.7073345259431121,-0.02894799158371583,0.7939090316781645,0.008395925438298832,0.0703125,0.15536325860365405,0.46275215918454543,0.7828587452438065,0.4074509275264604,4.295984453088839,5.864690488364125,0.42553694725342206,0.7703140315756929,0.8624795105360872,-0.01636968336154529,0.6621843312520681,-0.03489992517857586,0.0625,0.20053134585822516,0.2554704428235725,0.8694460586444264,0.3631930582055383,4.280227655676787,5.86448308403597,0.4885983028484363,0.44766603753116263,0.3854933253266232,0.5132355612692026,0.898036733770875,0.030911162602296243,1.0,0.05472335851933985,0.15478988006225777,0.9477685093797994,0.22056764411101693,5.1755042322306855,5.177869327575977,0.869577669055666,0.17930404364463032,-0.08952475077543948,0.6539077632191693,0.9798482904346492,0.19201035358685928,0.9597508977891015,0.13203880423632075,-0.013045415538999915,0.12866864540992873,-0.11564155741054616,0.21605898191093748,-0.12168451094226941,0.6606999751486096,0.014006329773194964,0.5908700738991207,0.9933086114235263,0.06253669361813874,-0.03679930137154291,0.20571904711541408,-0.0465315903032216,0.863863017679272,0.9581378827611853,0.7968213822905624,0.8162715307373128
3105,0.574096694789742,0.4632531814928527,0.025479627341376522,0.8952280713683539,0.044076079732526446,0.7578125,0.08011083849239864,0.29068880275887327,0.7077411020178308,0.4952946279638609,4.2717432041325765,5.8681084986748795,0.25771775000283387,0.5273676562275262,0.5257157584036959,-0.22456665678530727,0.8996376850133297,0.004753382356402289,1.0,0.07568476233472837,0.32343516342661827,0.8822846524353934,0.38652329408596225,5.610022561567114,5.778392480310567,0.5949677949066603,0.5958421539936629,0.44728287821017887,0.03559041646948112,0.898517603501208,0.0380048826456717,1.0,0.07521297015685172,0.48573259681997133,0.7693666856401629,0.47025547875832785,5.653323293892668,5.8675767850251335,0.4331977010762728,0.5330383891446634,0.44735078342793533,0.0018307846817108182,0.8928680114384134,0.07318956115716953,0.4140625,0.07649753458553712,0.08932767723624378,0.6252024036355693,0.42608720504765096,4.205440106511049,4.050325327605445,0.24801415598282694,0.5086153946711923,0.38546899002930357,0.3369469963374205,0.8951676419042358,0.056917125836258596,1.0,0.06315746078689861,0.19824823755607776,0.8710268754928321,0.3493511884496265,5.175696916078277,5.259415478107232,0.6583248880553865,0.11755211319625984,-0.04144656603942379,0.7662646028645494,0.9785963794489629,0.7452957158291541,0.9714152808706534,0.23044968380695316,0.07306897762966076,0.13629043207590463,-0.04612571199746193,0.11550570009325851,-0.061871079920020874,0.20487818494153082,0.15285215754187034,0.6156612279741097,0.9509390676336278,0.0867767635371424,0.09370753452955,0.034875517045437295,0.05834724648515907,0.8413378756414901,0.9490648256158779,0.6848387834957462,0.5720053135559006
3106,0.5401422056544589,0.42946441523883466,-0.0015237464996446172,0.8932761609569482,-0.011241681573527585,1.0,0.06680624165721748,0.4009826960051271,0.8382214176161158,0.4520750636271411,5.652792093631916,5.9296522638589195,0.46949381685948516,0.5389054516846639,0.5194383729784764,-0.2066797630815981,0.8986679923243407,0.0028346399558015377,1.0,0.07350889503779136,0.32016968291268655,0.884675703913131,0.3848390480115532,5.61280410948121,5.778393872261785,0.5949304877540209,0.5732901609401219,0.4488169745548665,0.005765536059282067,0.8803854812843108,-0.004352378697824892,1.0,0.07588145835992874,0.5354167302468947,0.7632072018649808,0.45183990663777795,5.874591736279751,5.864659499398275,0.48861747958367696,0.5430941744673217,0.4713377841815613,-0.004338957436524057,0.7767367750427799,0.056421775417612875,0.3671875,0.07564506911653586,0.14505447553941467,0.7934535871142434,0.40668251502805364,4.305531139177374,5.636662962622532,0.39994411832152527,0.5910701483719407,0.43181582829352394,-0.24850669230575545,0.8985447497218745,-0.03599770535345206,1.0,0.07259581437727608,0.20255134739219335,0.740283183388751,0.4814223744342684,5.17577304612854,5.565723808686293,0.5070466288373917,0.19150186595176105,-0.11201854883433279,0.5353516087123493,0.7800869654032944,0.15760196378269292,0.7578594250287588,0.3642449936468752,-0.09867031161059601,0.15387721591314488,0.030337829303774037,0.16081626295019494,-0.004903553118555965,0.25502593010732627,0.06866660836889307,0.3683368379079872,0.9672717995979557,0.19903790842742658,-0.05915335676197061,0.022485943899822353,-0.08288074989918055,0.8665934092740342,0.9346868989276859,0.6344865796604333,0.5761149177780519
3107,0.4972725340306852,0.4273610311886114,-0.04252687471215717,0.8972402544818926,0.01977531042570738,1.0,0.06400825853191175,0.41795098727378155,0.8598303775626834,0.4326491048253711,5.653042809755488,5.928492028438015,0.4978869670956947,0.5419691161141221,0.5203710847895329,-0.20356953560924623,0.8976561851575428,7.850150392801601e-05,1.0,0.0743819517870355,0.3226111636707663,0.8831385139727677,0.38728360637507236,5.618860564189913,5.778395211775627,0.5927089226780172,0.552903900117797,0.43511683324235706,-0.060165547774156516,0.8879625318867418,0.041332907010084095,1.0,0.07159956035153366,0.5601672414319284,0.754822066046357,0.43478207043585476,5.874727054097655,5.863423810786994,0.5327515966310866,0.5849080377621222,0.46681844683239715,-0.0026551536113040035,0.8461556437419667,0.19907603089498024,0.3515625,0.08260295362994172,0.16345713675344095,0.8573476948735195,0.40308186172541044,4.330432283125821,5.86375217213518,0.3712319495973527,0.4982319354944449,0.37879086705134346,-0.40612400609628496,0.8939179761984389,-0.055963225524956035,1.0,0.0606925296514926,0.1946165349284341,0.8787489281165445,0.347444627389584,5.17572364546517,5.434551782387388,0.6564592704189456,0.1962480641378566,0.01366097812496866,0.5736346712590089,0.7433551540814766,0.10980144755334509,0.7329623637285507,0.46587402767193004,-0.21129765260836186,0.1570396177307593,-0.020184245325695314,0.19263965737487088,0.013153500546919064,0.20171508832470278,0.10532084492479703,0.2973953603607543,0.9517436954711649,0.22461559940837236,-0.08873543533421416,0.0054438743959546124,-0.09754248342193261,0.8707903759070146,0.9237183713411469,0.7293821621983902,0.6878271844982572
3108,0.6309124394417247,0.48405089407566143,0.004562429280123339,0.8640237373812882,-0.0045354201365678205,0.671875,0.08732982627967077,0.35074922940763575,0.8125771816820528,0.5053802220029537,5.17522046498401,5.869253681602864,0.3253903226139636,0.5146242262645113,0.5211976723787706,-0.21132983839346892,0.9004192815931045,0.0026114293337607826,1.0,0.0733911394599226,0.32508316293832207,0.8827051377247217,0.38718690820420615,5.626684607449544,5.778414930619838,0.591259721130359,0.6475927151689121,0.5215530599888731,-0.0051842217401030085,0.8280640703189963,-0.019053063960768304,0.296875,0.09655788067745835,0.37958922086245306,0.6874556719123234,0.4769964872948269,4.239836913510985,5.868076714141856,0.28776399577719936,0.653691564514144,0.600988528960169,-0.0024040853893730297,0.6712859046441915,0.053047926367337885,0.1796875,0.11362398123168876,0.08221686452833643,0.6369962278794999,0.4148207372558513,4.18741496543037,3.9259613059481078,0.2773422227997947,0.4701585194846763,0.3535185281121267,0.3105846710513389,0.9026743228154215,0.03393354263565128,1.0,0.051601535993456106,0.16074098941007722,0.9354100725534753,0.2664233071984699,5.17567699869465,5.17887588687394,0.7408425652437212,0.1598635023601768,-0.15486883305890273,0.5511929779030267,0.9003523966142187,0.05552672122120275,0.901295160422756,0.055418771208277776,-0.007232309697887364,0.12648519009439282,-0.1432731017963115,0.0863379071277014,-0.15357632728288237,0.5523223750220485,-0.028282700120413198,0.6858055043053224,0.9810602595242109,0.03918616910785024,-0.05024767507768893,0.06060139049691684,-0.06529624582168535,0.8460966822425425,0.9706285935681926,0.7438241380424764,0.6109405822503318
3109,0.7831974260444785,0.498561342357999,0.0284320518032758,0.8988830751541391,0.04481936222900261,0.03125,0.08798918124635671,0.41810357982116153,0.8054767573274276,0.47771812985677153,5.652791743406382,5.937288523541542,0.42099822600081604,0.5277027704788053,0.5176676972129124,-0.20674123851715093,0.8979807189090779,-0.0014277272869701603,1.0,0.0751000442625075,0.31873531296731467,0.8812450083341339,0.38701248291450907,5.606407131361635,5.778376887293528,0.5935328806949729,0.632041729688076,0.44878036879660343,-0.04135755283150273,0.8941208419276956,0.019120005200064877,1.0,0.0767526422380122,0.5620288705099643,0.7603086969622321,0.44504874647792325,5.874695866675867,5.865743378341795,0.5216244088977784,0.6009429254668633,0.4997638371425646,-0.007238185617197319,0.8958146863668008,0.009700312099434043,0.2421875,0.09079013485346502,0.09710989715262307,0.8006598720168606,0.3844317411186468,4.243090345376036,3.8699593856775567,0.36950133050319856,0.5219222285159327,0.4318393402376992,0.4646651705322855,0.8993295025800306,-0.026704752850028598,1.0,0.06600986992854999,0.25876644184698017,0.8935117308200471,0.33822558300453504,5.176082156863231,5.246302925867217,0.6471738433565346,0.214835114227049,0.04766361841800182,0.5287890277943592,0.6432008836344275,0.21055465417135194,0.5674478633948082,0.019501040864048327,-0.08948982978951729,0.16197533863343905,0.09365873124531121,0.11773365775535947,0.04429912142580242,0.396801021003325,-0.03707012726222324,0.3377522703090027,0.9311161976499372,0.014660642859348792,-0.06354993082498092,0.08711842391762568,-0.09186669877742898,0.8540046763047152,0.9246209000787095,0.7257227968063197,0.5970690952452283
3110,0.6811165754514894,0.4671211662382359,-0.13820231088432372,0.8943527902882346,-0.012341756109691683,0.2578125,0.08406190395175876,0.4217658009582812,0.7942012302000648,0.4736391188786991,5.652877746043731,5.93140934702095,0.4249954177548401,0.5170549758625091,0.5214425209987007,-0.2047580482670611,0.8983682307622969,0.0035395328745193417,1.0,0.07461223053259741,0.3281044953764458,0.8819287593285419,0.3869191306857368,5.611319318016513,5.778399853510087,0.5944214490260363,0.5301568397427345,0.42919295114190126,0.04318193295397251,0.8972949369991255,-0.007820935775996173,1.0,0.06782710238254781,0.6572466200750755,0.8347058456963603,0.39922579877333986,5.874841187489187,5.863150013459205,0.641911001887518,0.8224670763141774,0.9648717197709331,-0.009364326294804071,0.7738945604193203,-0.15451875827978473,0.0546875,0.23702199905680044,0.2990508743552965,0.7228316198830226,0.43727479420246973,4.273861536957695,5.866185466348744,0.26790764190650473,0.40253258731964936,0.2737570793224565,-0.05506955683076753,0.8970605927208858,0.06330956536367503,1.0,0.042919059549518794,0.1563768425550096,0.9547250588392457,0.23011840994685476,5.175567898708586,5.178382084008797,0.8270013956081321,0.1412641041518245,-0.06265233848573706,0.6215744504245503,0.8733454393596662,0.43416912450490275,0.9516152855571389,0.01266622877599263,0.02289425062985186,0.19147548986798996,0.00628292664317148,0.22022162007320822,-0.05294594138123955,0.6033080538444068,0.05690649059749233,0.24104226177062163,0.8468098074141625,0.12996592504223253,0.012807664124399905,0.17959222079032178,-0.013340711190955453,0.8515389325456796,0.8688632321024047,0.8450161017792771,0.8108745112531468
3111,0.6088033331823467,0.48186354924063424,-0.013484304340757801,0.84633213999776,0.11440294602550748,0.6484375,0.08521381983099499,0.26773888363292336,0.4426318590142604,0.5151146822676689,4.279438304638956,5.868925282519263,0.20282471086336615,0.5133677634627279,0.5147346084591743,-0.18034284875796605,0.899433245739732,0.0011121664519708088,1.0,0.07281750406308873,0.3227332377086703,0.8837075494572695,0.3859685397846392,5.6056483060574145,5.77839564011861,0.5935356303832218,0.6061343169876426,0.47309314660040874,-0.011195096159448213,0.8400732172132565,0.08799209474537925,0.6015625,0.08126995297240831,0.19931638538773766,0.4150320835430782,0.48271572379569716,4.2683950017064625,5.868578805791497,0.19357147345196307,0.5687102767728447,0.4660585440897936,-0.019495166016997818,0.8362732242793046,0.0924849222449553,0.5859375,0.07899770182326481,0.06732383190404981,0.3699695622912692,0.45634233016710235,4.248132032755087,4.082528806641742,0.19801471056246778,0.49863575995463394,0.35902388630165216,-0.11140906683973167,0.8950719209856473,-0.05477308407609986,1.0,0.05556167893412886,0.2871181371501816,0.8732617798968761,0.3705323352372965,5.300316999189416,5.395498072859228,0.5924538461842246,0.11730816700314453,0.036090226009602655,0.8425592727540058,0.9358695920155713,0.6293468288232512,0.9344183176503905,0.1173373654182719,0.04047825526060541,0.06256057068157064,0.013846567388778428,0.07919531431208617,0.022067290677613875,0.3384611254460807,-0.0268338502917125,0.8579906959857796,0.9895711134297035,0.04660896011049538,0.1067533990345859,0.05383050002675728,0.1052519194515477,0.8263677402737026,0.9868509709038242,0.5262948410487343,0.470804342103797
3112,0.599450407242505,0.4597276416451728,-0.05279603183978814,0.9041304045626706,0.01376525338230526,0.7734375,0.07856397115249233,0.31235694448683127,0.6703046613022049,0.4895913623577244,5.154278787996356,5.8662391140168975,0.3037375224512066,0.5138311055082555,0.5170649615595986,-0.20341745148970963,0.9001018887011419,0.0009979657026143096,1.0,0.07398986176448101,0.3218482009338664,0.8826401189653885,0.38590575832841856,5.589957900324705,5.778387438488428,0.5946464064287837,0.5946639993178241,0.46800439383195935,-0.010067582898304343,0.9167062384174562,0.02069774736943479,0.3671875,0.08086251220508706,0.23895992919705802,0.7275683028042327,0.4491413481703653,4.28085666833583,5.865954902115595,0.2653438141423986,0.5887190960490125,0.4733717977912603,-0.0045373037215824235,0.9171372937999072,0.02427518334676326,0.265625,0.0836078199022564,0.08188116092410047,0.7574879892606228,0.40896722465639257,4.2684003125294,3.9447221670659873,0.3084505164938379,0.4570879854416379,0.36208085779554894,-0.11283568854026618,0.9013125552962626,-0.08735133766444624,1.0,0.05359529154541677,0.27756584368419446,0.8999792596585237,0.3364445431311668,5.176554929221608,5.319186591235576,0.6405377763432535,0.1454178947568818,-0.08981926964653622,0.790706641372468,0.9791887396575806,0.5222220391598111,0.972319818699636,0.12565687151249352,-0.10036038344631566,0.07660865782905786,-0.07282301860268606,0.10056396238947914,-0.09425000896748809,0.3988705809686495,0.034627646011478413,0.8137273129976368,0.9928205077367203,0.0566941797350817,-0.04416400360434033,0.07650326402115247,-0.05374886573704552,0.8479628724393036,0.983146007454176,0.624595320039585,0.5947314347756201
3113,0.5413420864970178,0.42846272067330643,-0.002164710791005373,0.8920825877367202,-0.011023831556880295,1.0,0.06799813170711674,0.40391247291482285,0.8085981758039189,0.4545610481654854,5.48139340588835,5.931005845020859,0.44623568344552283,0.5253219831259921,0.51607284699734,-0.1954225517510503,0.8988057643269901,-0.0014947393750687349,1.0,0.07341391040381445,0.32300790429395426,0.882590026881056,0.3851798680303492,5.617057645736203,5.778396554541341,0.5949664060266923,0.5760127750099674,0.4521110462537273,-0.03485615442098751,0.8827423481543131,-0.022738583611352843,0.9453125,0.07712398280129487,0.4727927488021485,0.782330584443907,0.43917902688220894,5.6527832818443775,5.865983650795515,0.4310188086873613,0.5949496299186464,0.4673025398469995,0.0077044484029379495,0.8454006918671144,-0.006308213404903151,0.2734375,0.0887023946655162,0.1064790795617542,0.844432297446214,0.35746659679819426,4.244817521418993,5.129437494200051,0.499530177629647,0.5719904388753574,0.4364382524177846,-0.008299947667250278,0.8971022089030228,0.016177628801262424,1.0,0.07313576755388804,0.22879726554155094,0.6991139856080362,0.5318081779759151,5.175916078847245,5.571166111588284,0.4209413707940581,0.163907656555184,0.009479730936223538,0.6657608887791727,0.9399939658050811,0.22762390598905152,0.9133124266487009,0.1942082234080604,0.006065805938586826,0.1480479346424674,-0.009268346367259088,0.1437991804330855,-0.022213996030233912,0.14628837829131722,-0.07015105737376064,0.528600067122589,0.9824621952841149,0.13825676495162453,-0.00585092886057753,0.03687270423905671,0.016023247347732077,0.8622359054791336,0.9559701208786655,0.5821775799455475,0.5117540717650757
3114,0.5737732780698916,0.4383628052957029,-0.05314929220608234,0.8939802400013227,0.03985906680550713,1.0,0.07193231785283044,0.3979003265480514,0.7849211180988297,0.47797326658308215,5.476599838456111,5.931019839353181,0.39390328022436105,0.5394775567283472,0.5124372048667942,-0.1996789495461861,0.9003991812241986,0.002158969818707807,1.0,0.07318033881632714,0.3239234595782342,0.8812842985394895,0.38815478735059095,5.649815091452728,5.77839793130639,0.5919826623120352,0.5674206941882285,0.4540826679130102,0.020635534530395377,0.8632817839498257,0.08733005739044736,0.765625,0.07754518595949283,0.3813287759025849,0.735802937394342,0.4536532670710393,4.299989824933075,5.865910867653955,0.3452590600102236,0.5365080098673861,0.44778275635117876,-0.012047503393600547,0.811675053899509,0.07130330136589626,0.453125,0.07437853892330092,0.09164708395641957,0.8190889699408996,0.37841923406830985,4.258972858361972,3.871513239320211,0.38307736444803925,0.38404575255340107,0.37968463353194404,0.6171537888634246,0.8983658317014614,-0.020796952896891343,1.0,0.04568692874065873,0.15686513870662558,0.973924069159341,0.18379302663316277,5.17550127512359,5.177571813026814,0.8986338516240162,0.21176323518344986,0.07037605244034936,0.6820378414437547,0.9354246259130361,0.28189825839018434,0.9108628218233635,0.18466697882206587,-0.1175870469958813,0.11892588762743246,0.05053993205116954,0.10491845495272006,0.0665269365421353,0.41753604596535193,0.11673895985575998,0.6627083346772789,0.9853480458871711,0.06276266189919602,-0.12342177036978978,0.07404157702184742,-0.11154236397081196,0.851517353258194,0.9721562108834159,0.8335722450974499,0.7760178249033766
3115,0.5561502216782439,0.4424798825688591,0.007480276376219548,0.878024865550211,0.02846849399043454,0.6796875,0.07377311321371324,0.2259590441602832,0.7725743987056868,0.4488001346667671,4.21203499039882,5.867516860925529,0.264625861034211,0.5042056413216177,0.5173499104633419,-0.1995761172895794,0.8989452439996944,0.007685044219278974,1.0,0.07451139500899878,0.32102420117801445,0.8789867247508449,0.3894439539345279,5.613026539769675,5.7783913696705085,0.592125110967613,0.5276359760316699,0.43050249166650256,-0.010233290331168703,0.8668994307342374,0.01505484969233555,0.5234375,0.06934940794161204,0.17957090975676748,0.7855036918841447,0.40290811601102033,4.205400450047548,5.86721785612126,0.318814833835924,0.4760046169521628,0.4167543293952465,-0.004847809897051511,0.8675814024832192,0.013767785790871031,0.46875,0.06522644056211092,0.0478530228583636,0.796105597436942,0.36471359927180086,4.19895678234538,3.760073204099893,0.3612710912599122,0.4996000601460367,0.4837891282972682,-0.59402552218779,0.8968197499877625,0.029504849221328528,1.0,0.06579963311284891,0.16690572832422865,0.9318399140834202,0.28390412139831356,5.17573357820778,5.17952211266303,0.7064811815592478,0.11363923518992716,-0.0557275054597136,0.8954297906905978,0.987707841534127,0.7232362251280179,0.9795691582730442,0.22756466896715127,-0.011435854497655861,0.060541018580874045,-0.052806444227003355,0.060204792434534,-0.06344090895823006,0.36761288992455954,0.13927229402127095,0.880007490095252,0.9936422584422795,0.08471944571163181,-0.022611828462026477,0.017573619579776902,-0.02166911460356294,0.8129741029434481,0.9901162027975102,0.6444609207143239,0.5571426325593593
3116,0.6436488922457478,0.4804752455954487,0.00983539649113196,0.8825833826258717,0.025615135852844435,0.546875,0.08616609429462865,0.41865291299172946,0.7887850359286119,0.4935841043575399,5.430404530775844,5.932394547163242,0.38760782661936444,0.5266701649154848,0.5182790393900215,-0.2077711277226646,0.9013807070834788,0.0041191371498117005,1.0,0.07486066317759626,0.32001709036530657,0.8843353283797629,0.38599146187148714,5.609254048889822,5.7783830829443845,0.5923140253759387,0.6840484351435298,0.5802240893032575,-0.020652459045319527,0.8531147988211762,0.03208054738629879,0.109375,0.11594418057835917,0.4496902371288186,0.6439062189523147,0.48407187087014103,4.323899345611885,5.867298871263047,0.33293176828447224,0.696164238818247,0.7822229791645195,-0.005224085923268372,0.7435254649068263,0.04870840455848869,0.0859375,0.16122395319969324,0.13327433088167973,0.5698726368399213,0.4365863499395154,4.220551934425162,4.225781539120672,0.32387105634115254,0.4572914648797226,0.5304509618339295,0.6665127917905717,0.8957130613489218,-0.0013343808079820186,1.0,0.06272291437458476,0.18759727774895474,0.9565501240795772,0.2479264772503483,5.175706114660606,5.1785148239848,0.7448092322961695,0.197649699213363,0.07722826752026458,0.6834795547377112,0.9742726982373122,0.2643658048962295,0.9528592224456411,0.29101712993019885,-0.09128505760902474,0.12427511166739057,0.07265278550107955,0.12390492676705159,0.10079434764704143,0.22453161494869672,-0.034453076119210134,0.6288102417916845,0.9899366531233401,0.08382434902757382,-0.08610966139565131,0.06109469564324572,-0.08396926324933912,0.845902518314388,0.9670197194825175,0.7608083011353785,0.6931248253586035
3117,0.6571019694052287,0.47688162992419064,0.0486657086589774,0.9214813931622884,0.16555052172278722,0.6015625,0.0839167335394088,0.2260200811792352,0.3678320925976613,0.5242585891107461,4.191939264406111,5.870566775624019,0.16702877626250118,0.5149638314587874,0.5122913028338572,-0.18584613478515,0.899759041665975,-0.004975822287564657,1.0,0.07253846071607654,0.32084109012115847,0.8839741489927949,0.3840087657371607,5.61323049193716,5.778384385123408,0.5954822989033653,0.5683785584717953,0.4573809342756619,-0.012972457225657942,0.9229573271650203,0.0744068170888035,0.640625,0.07818058804570997,0.18185979796746726,0.3416851059713792,0.49419987282553973,4.2061272196571835,5.869925293094634,0.16090927451721806,0.5362496345575221,0.4512412514322586,-0.006952974174384511,0.9227450460383241,0.1171910001164689,0.609375,0.07659275070634744,0.05087435529648732,0.30019692846846535,0.46631370646694814,4.184468069789798,4.10976349953789,0.17766702594995126,0.49217104564572506,0.49852380116962397,0.6263918950162377,0.898500158999205,-0.03127527872007142,1.0,0.06530517168634067,0.16321298867763298,0.9387255611972454,0.2612993545146661,5.1756131145518385,5.178617879985606,0.7732063489014899,0.07513197416902567,-0.004869278676121863,0.8734298040894154,0.9402053324454214,0.6922972685954756,0.9223267216977563,0.18578763538594004,-0.053727277145825626,0.05637325257492122,0.017128626340954876,0.060947478409298234,0.016477254052046624,0.23765646671292096,0.043210728655992535,0.883663069549192,0.9924507728651353,0.039636757423671926,-0.005433085740127958,0.03672327190691659,-0.02209790317003478,0.8079743130280165,0.9906701388391604,0.6196343722476175,0.559543637875666
3118,0.574992668487542,0.5296369229951823,-0.03625282166303264,0.7194744114643989,-0.039834539931888666,0.3828125,0.08841619408733764,0.20505386516922514,0.7093037237915211,0.39467642540294884,4.089953178068245,5.869631226841633,0.3904964136731227,0.5283635809973684,0.5117661727931353,-0.1705135295586144,0.9001379219534782,0.0016141180544176946,1.0,0.07340902530558045,0.3227332377086703,0.882955707323926,0.38769134564571356,5.622222532601287,5.778392754615788,0.5932336042745215,0.5723033227559112,0.5338644820353866,9.526036735829052e-05,0.7069791344725612,-0.029184268979411686,0.3515625,0.0883294417765461,0.23743400372325815,0.7183900721019122,0.37533342562845784,4.087651170819761,5.869622148774965,0.410672397464056,0.5794245660968669,0.5357528772262843,0.00993985073739994,0.7062100258404289,-0.004550015387460926,0.34375,0.08852153557573576,0.19855342265083772,0.7223795819266121,0.3840585603844199,4.089410896842957,5.644470247657142,0.41965544368205066,0.4287365731587616,0.3630697519256088,-0.299631916512161,0.9062871743057852,0.004364136734262963,1.0,0.052259273220308995,0.1924497207556383,0.9502030493762246,0.2508523225952708,5.175653078695319,5.179594885159015,0.768000465680344,0.08251862679074452,0.000824634950560144,0.9336031624631518,0.9981884451391455,0.854602535771469,0.9974348461524973,0.1554108222574802,-0.06915105029306637,0.051603771580905844,0.010643384537568924,0.1577241635790338,0.022972460947162817,0.01530965487454245,0.022636349746747483,0.871564668626993,0.9980286975468303,0.06501577636173579,-0.07079729710780233,0.004867173529937241,-0.06883843195583084,0.798366190616025,0.9840787697653102,0.7134640162204695,0.7716033342202259
3119,0.534396169213956,0.4291030688618206,-0.07937533076727223,0.8995605778567333,0.005595253444591435,1.0,0.06541461887347684,0.45689260536515397,0.8747418661986973,0.45148263372928665,5.804055349591025,5.9242729566699,0.4946385180959185,0.5408198608422985,0.5165997783186365,-0.20015278274105777,0.9011458302485514,-0.000868747869940402,1.0,0.07397909348057574,0.3224890896328623,0.8805095326784556,0.38743344604229774,5.652315514578214,5.778387190722071,0.5935177194685639,0.6354039756573727,0.457432620389969,-0.03229797669906237,0.8992634441936558,-0.010666323042568789,0.9921875,0.08030926340323609,0.5379497665334025,0.8680222916012033,0.4381386819274755,5.874563252650219,5.799985491635951,0.48057189715833154,0.6535097444099004,0.49770810963339984,0.025599734928054185,0.8856331943878518,-0.0017433678831019462,0.3125,0.089500838579083,0.3737907040620136,0.8117671083940392,0.50083907555011,5.17360620958821,5.870327318783856,0.3640753480806303,0.3888542942851409,0.24370046765998474,0.06417587921915537,0.904127368426576,0.05130557084811643,1.0,0.03957193060629423,0.15500350962858975,0.9428819422831365,0.20758468811889266,5.175444645231834,4.7020047196176655,0.9072495941441967,0.19471207779740113,-0.02715051582006486,0.5884925604056503,0.49495885203827417,0.24238544021085395,0.5177552429481604,0.37051329459215654,0.0769732266519752,0.16206248322821873,0.04620893961970944,0.3820938589352295,0.016724337526357,0.5228602369366764,-0.017088863838133787,0.4440244668006867,0.887570271687816,0.20491400649594077,-0.059852507979139755,0.2867704384297471,-0.034513339369149666,0.852871205961997,0.8553358830110382,0.7975942909183756,0.8265062900594282
3120,0.5029232557573241,0.4164249880464308,-0.06436650109055746,0.896082358785687,0.0037772134630945867,1.0,0.061631763517497884,0.44645527512436295,0.8876480869765832,0.4267977854712528,5.755967088841488,5.873641633815116,0.5193351688760491,0.5041601074459029,0.5166296891700796,-0.187101036519569,0.9001911271044788,0.005000265164406349,1.0,0.07344399058309535,0.32312997833185825,0.8810536757838945,0.3872515724592217,5.652323121000711,5.778406763005495,0.5955916146918279,0.7701859715089401,0.5996013873842514,0.007007041507243233,0.8534800230048727,0.0547008572087313,0.1640625,0.12362014775657369,0.5955687124240852,0.8324938996227993,0.4732642323686143,5.738241454402266,5.785693066660246,0.4458834823019483,0.7432355624587178,0.6767423498329884,0.003638266556579568,0.8408930517698067,0.049094952815348224,0.125,0.1441233319573752,0.46552934354686115,0.8244266913139277,0.5450270639661593,5.175128393301634,5.789677770023369,0.31464756640300284,0.2741002969638332,0.1772084033712725,0.2133011573939926,0.9010209543425901,-0.0037265580709594875,1.0,0.0286271567007214,0.15552232428968168,0.9773306280507448,0.15343008032465794,5.175433560856001,3.087940828700303,0.9621054343693103,0.1478093778155868,-0.06769268398338292,0.431162273039009,0.3683316425936654,0.14169344732456343,0.38575994238226896,0.35157413318037506,-0.08683917537449042,0.1354329457764258,0.059465357477481065,0.39481384631365507,0.034021307771224085,0.4188891626725813,-0.05014639547812061,0.5041176493928732,0.9800369377248396,0.08330581737279728,0.08585503191763079,0.2806337037284241,0.04394666036903795,0.8630000458514496,0.8743080960817966,0.7142349802190928,0.83281137020662
3121,0.5558650233551127,0.4206222693071209,-0.0948465396229739,0.8992542133264726,0.03199464942812702,1.0,0.06526590556717787,0.4470656453138829,0.8639273637120022,0.4396215421350329,5.755615862301271,5.8729503144983415,0.5091648237534838,0.5291154048802706,0.5182443235130529,-0.21199931667974015,0.9006122549337585,-0.0018777133181249502,1.0,0.07448376465166454,0.32789086581011384,0.8818187925638705,0.3867309194255924,5.651631679056921,5.778392569324099,0.5947525063007875,0.8202533579919821,0.7457893028414668,0.0037915672774226964,0.8465958320713418,0.06071726434628044,0.046875,0.17050069219305147,0.5680715353862117,0.7564712021675939,0.4923825465630399,5.149608558836458,5.795403947886941,0.3433502683410248,0.7945407277218127,0.8135265921136532,0.01988670423227571,0.8088569765964199,0.022258168252849774,0.0546875,0.1812925271789849,0.41447187719351786,0.7367682191180216,0.5388631957038001,5.117547350276283,5.797179833673459,0.20812052155910704,0.4141485036339667,0.3232481904041961,-0.39388694543763714,0.8962178079255542,0.020607290291424198,1.0,0.04887852140958515,0.15463728751487776,0.9598193920352844,0.19414995871968307,5.175469082029216,4.9271683435417755,0.9107707720015661,0.15654752257948848,0.02895388221211177,0.4318444147576731,0.2079296101825476,0.06878962732126359,0.45866424170890885,0.42906767070889545,-0.01721600032233615,0.12833715861995687,0.010235398886236514,0.2882875219399395,-0.06443070225354695,0.3614725599411789,-0.16172152736568535,0.5716204401528675,0.8716642078090913,0.20457063811793189,0.030709603325249215,0.12533674556382948,-0.01620610447709151,0.8589576422084299,0.9007851803150405,0.7817196505751371,0.799079340045476
3122,0.5357840236617128,0.4173295730705497,-0.06816395058255349,0.896438124984887,0.01917626206157131,1.0,0.06330240317569397,0.4402600177007355,0.8862482207615976,0.4300057156713168,5.7557896002493045,5.873608978317227,0.5197142033446986,0.5155354967166021,0.5200693375737601,-0.20858380958943018,0.8990676267965579,0.0010485982857909248,1.0,0.0738092348117533,0.3267616809595019,0.8790052377521163,0.3877997078983869,5.6470858723086845,5.778398080499561,0.5940157458063439,0.6791015645233969,0.4998395155093986,0.028350922020035727,0.8790061064200986,0.008204384466674002,0.140625,0.09348063873311675,0.6231269264809107,0.7744612158689267,0.43548111748836094,5.874730797546892,5.797276591935674,0.5334515897727944,0.796548879267332,0.7590714651786746,-0.022413609260824845,0.8089107292973837,0.022476947685806596,0.0703125,0.16713976766385064,0.46354564043092134,0.7581064469878173,0.5103380237098499,5.108605375640944,5.798033000469191,0.27215585870068193,0.37651174479403093,0.28628920164687854,-0.10795540734069997,0.9025359368824641,0.012345422886842213,1.0,0.04042163916264755,0.1544236579485458,0.9558592150209108,0.18845276562648827,5.175444416873588,4.288485877194052,0.9248140524317205,0.16150834297183977,0.049719444675487695,0.5134315169766641,0.5679482200594552,0.09428298406713388,0.6321317879515992,0.34103792618135353,-0.05767224622162273,0.16945777648431762,-0.011088587020538554,0.3663484051873309,-0.01903902114166436,0.56654082848397,0.09913733392262096,0.40844793044133515,0.9800532323376936,0.2399704731663563,-0.1508466519128456,0.2815773517264506,-0.15014824782526076,0.8618184585336275,0.8831100912060891,0.8351342289398507,0.8477792836489745
3123,0.7940138966230341,0.6539730441406258,-0.06908779671165229,0.8810147053415104,-0.28102936243971577,0.03125,0.14350158073843333,0.4183172093874935,0.8182476352871567,0.49473512461514546,5.1767697954613165,5.874136810424199,0.3608785693457647,0.5298238485060801,0.511510354023032,-0.17121690792893626,0.8988617707499253,0.0035295653376781724,1.0,0.07243276871772968,0.32370983001190223,0.8788881224077074,0.3883960009077802,5.613149487422171,5.778379869349602,0.5913955244722451,0.8306470519409908,0.7075357145962863,-0.026328234323149607,0.8543440732880354,-0.2907205385997863,0.03125,0.15995897012297128,0.6039002655110325,0.798663797082286,0.45964855481914885,5.7961638283426185,5.798565361647763,0.4555066997682545,0.7795516042517867,0.7665590670539919,0.011505379226191347,0.7947992998675094,-0.28990194798815067,0.0703125,0.17009323719594538,0.42658772545548873,0.7070087289694279,0.5337893104863864,5.111687510280069,5.798943138591176,0.22267586670117584,0.408710129280623,0.3257466739053528,-0.4020140976587084,0.8993316043133168,-0.020635443378959138,1.0,0.04758306800671093,0.1543931394390698,0.9643807141040479,0.18370652838612012,5.175457153801335,4.7048628070347,0.9247323497661241,0.15925443916399679,-0.18948782147760454,0.7322634528889422,0.9845198038563683,0.18010222482482818,0.6327386091893289,0.28958646182368375,0.09444514192266404,0.15618156476002495,-0.16606742389061552,0.34247235070663545,0.017934627327667662,0.40783971212927367,0.022448585694094483,0.22258171462443246,0.6784983714682986,0.20118239694776538,0.0819927715394338,0.21479894286174153,0.0710140200989475,0.8355083960294784,0.7814809164173007,0.8350988493588745,0.8466493780172224
3124,0.7707296899746877,0.6356483578808011,0.01572609765298163,0.8847310710554354,0.05694628646204743,0.078125,0.13278097117489165,0.3637501144444105,0.7031475825189509,0.5070800418722873,4.465737987595741,5.870302114772494,0.2964523590187391,0.5437085195318908,0.5149992290160565,-0.18428686024835744,0.9002566701691368,-0.0028060551340351124,1.0,0.07349591561872841,0.3238319040498062,0.8802107404653579,0.3895354381065664,5.6360858865949846,5.7783945522446585,0.5914969377884638,0.719744991004777,0.5553051371771591,-0.010591274170228962,0.8892502712131505,0.05299681689514846,0.1015625,0.11047957161140666,0.5386211737418745,0.7895821456086198,0.47792052997677575,5.652892748201498,5.869621646393539,0.4126123294546277,0.8109327123052382,0.8783507750544821,-0.054637617742767854,0.8674216507519107,0.057448780668271554,0.0625,0.19854335405064455,0.25940733054597614,0.5249603697891563,0.4680442259217552,4.173616458472277,5.87016649316018,0.2771806613814958,0.40347520923948094,0.35160854329537117,-0.5036801918457191,0.9022942022593042,0.009728289936174741,1.0,0.050183681198503506,0.14419995727408674,0.9629822140901938,0.18904028185427196,5.1754628282158475,4.716273245579255,0.9173933010094567,0.18095513485944534,0.007499508103787597,0.7714522805457733,0.9957067998302181,0.6753886566033023,0.984108423731291,0.35051747343458706,0.06132635975526115,0.14875695518885812,0.018429119792315804,0.19505913884277792,-0.020793546669035122,0.11858009653180857,0.012227112614194239,0.6080229120128127,0.9809767327404405,0.1988131551489359,0.07358381258107068,0.028746869795794484,0.08289169210099412,0.8335328211084791,0.9341660014012397,0.8276217839003088,0.8010692831292713
3125,0.5463293503933145,0.4518898718046213,-0.013307415334285325,0.8629529296355912,-0.03633683754413393,0.6328125,0.0771872940255394,0.2381664479506821,0.7856949717972078,0.4425317209111689,4.159386947431373,5.868160802042331,0.30479248239313195,0.5731991348615848,0.5289345304648415,-0.24571995076235242,0.9017569106422559,-0.0023746843617370754,1.0,0.07695102759393888,0.3163853877376629,0.8817154985066937,0.3871723798354692,5.584128932153593,5.778396608981712,0.5951076106946314,0.5887902607457903,0.44536847324041284,0.010691292532391195,0.8843966422370086,-0.0169797185609708,1.0,0.07465907136925855,0.49473555711539047,0.8198039438185157,0.4436084420492329,5.753530236508611,5.8681217242422035,0.44793533732217716,0.5097661127084494,0.43168215066081667,-0.005619073914305875,0.8419054105472203,-0.04184219959005685,0.46875,0.07287846956334243,0.06549272133548997,0.7952948271962756,0.34906466745500414,4.133693705951057,3.7495751612291297,0.43710338748902117,0.5098641144478068,0.40018874654388326,0.31836411687628974,0.8995733279195802,0.06476827535801928,1.0,0.06336279754132207,0.21732230597857602,0.8703609805767044,0.34880220044993454,5.175820119483112,5.261127611332433,0.6516500323602191,0.10437943995757953,0.006009253204762684,0.754490890908406,0.9730543155871094,0.7518079843693134,0.9810942500233503,0.18977542448945853,-0.011035797699763181,0.14105619836661443,-0.001239519893345314,0.09152863160950377,0.007677639722555349,0.35321359542355096,-0.027007421630132415,0.5710949623874417,0.9471173778841704,0.10532691836112515,-0.011191139952082058,0.03440785429490586,0.025926075128350993,0.840289277717142,0.9510682528971446,0.6748548279967345,0.5451828817743499
3126,0.7193386035381942,0.6440966352741141,-0.04185954687306856,0.7950521932073102,0.002234283362265656,0.1171875,0.13466518762773655,0.31461531418805505,0.7333016672074062,0.48035436526448794,4.187768637965763,5.868991526499686,0.24394253746072023,0.5622238503094035,0.5204009472058659,-0.22356539736760656,0.9005904084616673,-0.0032812591478689106,1.0,0.07514293288876085,0.31894894253364664,0.8842976578633623,0.38451320555366547,5.635309088170137,5.778370341397383,0.5952483935079538,0.75907388718664,0.7211865370341267,-0.0016945745338821944,0.7431011927220106,-0.012281556810804565,0.1015625,0.15476017875095255,0.3267921994689779,0.7116056013092203,0.43999118077236693,4.167068629469308,5.868756062842773,0.26532810918035693,0.7657528942109413,0.8192093818479296,0.0021795837393059282,0.6573809336202733,-0.047504257342537166,0.0859375,0.18287206470823894,0.13251136814477982,0.6601150923798436,0.40154349278682455,4.145867131470972,3.9316918709880126,0.2994404994571034,0.3199736122939566,0.21871923601545745,-0.05600648901885411,0.9007473389178372,-0.018351321769487786,1.0,0.0325599845656452,0.15491195410016176,0.9668837455583197,0.1642770690156487,5.175429875791587,3.095287308644357,0.9545968846318341,0.10359934171428004,0.08442842909801229,0.8665971009470427,0.9917648296337105,0.6896276983382836,0.985152645453312,0.27867724244192,0.04143094010198871,0.08619515076596337,0.08735896508451314,0.10473135297205163,0.10018711717462418,0.19810059878570602,-0.012517621055992908,0.8203398007099473,0.9957897829591162,0.08199621103333983,0.053456896691193606,0.028223760521435305,0.050307563752151695,0.8282467721465938,0.9819681165996036,0.7789992654878377,0.7629581824964623
3127,0.569124476325616,0.4284697010228746,-0.03680741434540289,0.8976915914022583,-0.01821631316479626,1.0,0.06747450301513454,0.4058046205023347,0.8352334080524826,0.4529822052712913,5.652864805420786,5.936381603571456,0.4747746844267531,0.5306283389233832,0.5176487801425753,-0.198540139101348,0.8999651722289355,0.009376972214183342,1.0,0.07508628468984888,0.32300790429395426,0.8794480544218302,0.38883965406701615,5.652317288062136,5.778398875579973,0.5925893404198053,0.603664469309902,0.44470588614158635,-0.025688892160385984,0.8935444350148457,-0.07485279066760134,1.0,0.07561542535091845,0.576952421643727,0.7965540795901249,0.441649216220327,5.874720774579238,5.86654184422286,0.5288185060012028,0.6072627002522248,0.5747965054981508,-0.006753526176960947,0.7637578164048161,-0.13694140701996896,0.234375,0.0971182425962469,0.19394512771996217,0.794020778366943,0.41113128117497444,4.214385122354159,5.781026055864532,0.3735703968998355,0.3237049197458791,0.24074991958571107,-0.36000287754256594,0.9002377543108903,0.005846298075684994,1.0,0.034781637921351055,0.15570543534653766,0.9809678413851535,0.15633914142052185,5.1754537352192544,3.1015797993950263,0.947850347593943,0.1887806937171367,0.023934932900858602,0.6056195340265442,0.4404215697542319,0.13801197638833673,0.39476480120911495,0.528916756603286,-0.045753573595888594,0.14759737211123353,-0.06644927585485486,0.16675787147062493,-0.07195773641027013,0.0794017058855032,0.029314015694092675,0.4605162118578715,0.9605516512511081,0.22001914492741237,-0.10519366326501298,0.0024763409234931037,-0.06850681166591904,0.8639506328264348,0.9224915066405979,0.8805042148141208,0.8467285228054675
3128,0.5731080469472218,0.4292779317093699,-0.054463891124145125,0.9037390366395768,0.03411561355490624,1.0,0.06736095254475315,0.4062318796349986,0.8450523391187803,0.4433445050919476,5.652978227229061,5.93135191415914,0.48830527443077676,0.5176562429997882,0.5170085015447942,-0.20788712784486207,0.8999129019100816,-0.0012508364343518626,1.0,0.07426100774649252,0.3220007934812464,0.8821964199766906,0.3885999874542362,5.646357647295763,5.778392692492636,0.5917860806173615,0.555108769228543,0.4376101264883384,-0.023678620627796923,0.8938119086518054,0.05727813744639656,1.0,0.07191233240647148,0.5856501968443861,0.7671194046551144,0.4324548697831865,5.87479046881387,5.865747287072041,0.5550586149903936,0.5571892908603712,0.465497787971399,0.019348213132543812,0.8299217241748585,0.21277949492912115,0.4140625,0.0762594899383244,0.16034424878688924,0.7885116706679107,0.4007815825853881,4.2503464833005795,5.865655774972329,0.33406230168377404,0.327425733531237,0.25084285268736956,-0.39025301588822353,0.8995791020546863,0.0069648322983882965,1.0,0.03572879984124187,0.15134128849147008,0.980643739299785,0.15685579365313893,5.175453518432597,3.101891703347986,0.9476327701969428,0.19157491930255693,0.1336817920073672,0.5909694143131186,0.4344368792836149,0.07702463507988068,0.301034389287639,0.5372146047718773,-0.0032051281983545747,0.14928831383542585,0.23556579738025735,0.16762216843450475,0.19363703942335217,0.12312593300705138,0.1235513058336838,0.42221486674230146,0.9417222168026338,0.22636795209811203,0.022502785548962005,0.012941235960330968,0.10634843443253136,0.8666672347692688,0.917052800668998,0.886035752535712,0.8603156005599643
3129,0.6000434019199198,0.45414204826226173,0.04056602931748976,0.8920232980698196,-0.02035261995975388,0.921875,0.07700907700567669,0.4052247688222907,0.8263626995644373,0.505975358459101,5.47666496935727,5.937786113615075,0.38601623921557554,0.5189013779988534,0.5122244380781038,-0.17615943268406722,0.9004162312137121,-0.009133917903017612,1.0,0.07201597103193802,0.326303903317362,0.8809305987214073,0.3876397576650298,5.639310572205257,5.778387582649277,0.5924938331605545,0.5226453994390369,0.429949059070356,-0.046660113942323514,0.8969227239936339,0.0030079249260055014,1.0,0.0707858232396488,0.6253547776726585,0.7837722724833986,0.4264295503921901,5.8748168170857396,5.869190810123354,0.5980705923012202,0.6825533339014047,0.596125355621852,-0.01336341911116423,0.7475096196187023,0.19732318649698857,0.265625,0.11326609463126469,0.10821863460188605,0.3771748071466192,0.4427928466169677,4.065069221397776,4.06416403883371,0.24452193265888364,0.3823719617889078,0.39220783822627336,-0.6421316173144085,0.9011737992347804,0.014792076582030354,1.0,0.046263452193661826,0.15558336130863368,0.9777189838998879,0.17259167751920385,5.175480451944269,5.177130983203271,0.9196355540815336,0.17979574720923314,0.15567146524825357,0.5999344142147777,0.7273817325110294,0.025209070215914547,0.676268316059225,0.3895840479684483,-0.1070873269318407,0.18205010379387593,0.13212685733857804,0.11001641521004037,0.11065443575618397,0.39204661060992163,0.04803643924352852,0.3034982758741352,0.8558020481715057,0.2538169056010055,-0.10496759734451679,0.050884536503064896,-0.12282699571549213,0.8388366134910188,0.9087590130340188,0.8794591643551857,0.7957218031079513
3130,0.5795640380443603,0.4638960940473846,0.05847214449633173,0.9014628368644941,-0.019674807611067446,0.8125,0.07873305911954648,0.3059175389873959,0.7261439608255201,0.4877004640238929,4.475848236645713,5.869444328148003,0.29976750542103003,0.5381900718461856,0.5142176845960394,-0.18528482816242905,0.8984449393983202,0.0034300712557296296,1.0,0.0734880755711038,0.3176671651356548,0.88228397182765,0.3845060935732329,5.609737087838737,5.778393745081084,0.5971161212550047,0.5626566378621414,0.447251209241706,0.0265979759974475,0.8975106469685055,-0.021775708903351426,1.0,0.07502723861643268,0.4685201574755089,0.7987574223466312,0.45755134516281465,5.653005235023517,5.868819404561332,0.42001344579675776,0.49722172956185706,0.43943828835428833,0.004667695494110055,0.878381504656394,-0.021879835568728988,0.421875,0.06924582728446378,0.050508133182775354,0.6973227801044329,0.3728737020850328,4.13130538293881,3.785593231011457,0.3301848477503502,0.5180472687298049,0.36646676872710965,0.42680118364972564,0.9052125861114941,-0.049159307050155504,1.0,0.05836580475319225,0.18866542558061464,0.8719202391666248,0.33888875896197984,5.175651825467136,5.252358983742474,0.6936863536587434,0.136667350838159,-0.01475145954242929,0.4504580708230809,0.9060534693289681,0.2770136991242088,0.9317861623026826,0.0466344945008409,-0.22621320982331428,0.14308139161012992,0.0651368809981857,0.06387585487021295,0.049466224779711646,0.4390585956376085,0.010558999770441972,0.475176848919287,0.9341391129284432,0.07554721780599034,-0.1413726926348217,0.04118764322690355,-0.21177666332185155,0.8427024838722489,0.9595509660684451,0.7041442010534659,0.48827586420808766
3131,0.6037161891546923,0.44732615992930086,0.017893776089186762,0.9001264538290126,-0.016993668969635084,1.0,0.07233297025382167,0.35148167363505967,0.8274619387985185,0.4716719008712765,5.175595618639828,5.8920029893361345,0.35888477043882067,0.49950719376643427,0.5143289651836903,-0.1940113969445213,0.9005858875949083,-0.0002393502027293617,1.0,0.07223734991566078,0.3198950163274026,0.8814536797299547,0.38674169605116,5.634828289635701,5.778394658360593,0.5941378575010977,0.5362542932850612,0.43968832288537446,-0.030320107001384922,0.8933902086915982,-0.038961828370491766,1.0,0.07294523463584561,0.43052461317789237,0.7718716068137982,0.44890586007533706,5.175347430370024,5.868657745348877,0.3689474270767083,0.45867583324054595,0.3889729058790271,0.015035398038040444,0.8982182651096424,-0.06748002762783682,0.5625,0.059239786119003365,0.05594042786950285,0.7814293185745127,0.3491067996636453,4.110767531733527,3.719243145015261,0.3939166297879172,0.4432473266420373,0.3569670073922707,0.5275488849073611,0.9024952056377211,-0.0268235415958045,1.0,0.05216614797927668,0.17850276192510758,0.9322453623213582,0.26928340502112974,5.175615524211091,5.179024117432112,0.7712380413883462,0.16556848548679598,-0.04070636938142091,0.5649008291724511,0.8950726307178356,0.003517723352751145,0.9067965011816085,0.12270014712816313,-0.08730606649765663,0.13110600056167007,-0.05486055266219907,0.0757541586993455,-0.011875870719373665,0.41864739017228136,0.026247414065588497,0.5739067172442404,0.9451965363223376,0.013795921399086614,-0.09445355496420549,0.04891124032483672,-0.06272528670615592,0.8507345251188272,0.955666270362423,0.7707223334303802,0.6336850946419845
3132,0.5657357879711638,0.4491304541156183,-0.037340836709791214,0.893133519408156,0.0030065674456952853,1.0,0.07409802011399669,0.3445844904934843,0.7930955753731483,0.463736318848574,5.175097720616037,5.868931979057229,0.3542365015824543,0.5259472884779297,0.5161880870395089,-0.19291945646520187,0.899001860376256,0.0011052412979904273,1.0,0.07454252544829108,0.32309945982238225,0.8837508887543646,0.38519522677696677,5.643584435022168,5.778381640171029,0.5956585635524654,0.555907185102255,0.4398521882366472,-0.03482093963221319,0.8817798891771406,0.0050884301966851566,0.71875,0.07369198862587077,0.369518112735374,0.793692657931677,0.43124258844906344,4.155368092027029,5.868582326729169,0.3921872755275841,0.48791132398640163,0.39139937491623455,0.0027530339512175897,0.8807750862569377,0.035669927787238126,0.4609375,0.06590033938044598,0.05337687307351909,0.8125603850691385,0.33343297862035987,4.111827342742948,3.685102082053237,0.4924145916913053,0.4295304162506459,0.3282550677192018,0.4387847151622084,0.8984099054107086,-0.05399140612533063,1.0,0.047635304282792966,0.17139194921720025,0.9431414548941237,0.25428305708557614,5.175616299495492,5.178639419559541,0.7829849432699343,0.1592506920074821,0.08790397652966317,0.6065303307574236,0.9441083128649115,0.10382190073339798,0.9278750072126795,0.17229135395729203,-0.1140059147467818,0.11867459699437172,0.09073309602268789,0.07239407021023896,0.09670035672673809,0.3680300222536351,0.015064898912011933,0.6558042226536119,0.9564008372291517,0.042386979107109646,-0.0274123826522846,0.03964596337029668,-0.11079768037728835,0.8524924760630014,0.9708910473167437,0.7827301517259829,0.6605824428322464
3133,0.6540415775509467,0.535603691034907,-0.005759935629045393,0.8115504222525644,0.09835550358867422,0.1875,0.10015850511241337,0.2889492477187414,0.6882013415347109,0.4888591484458458,4.2395051026010035,5.868673062552099,0.23629630065859605,0.5303727235278206,0.5081330963684538,-0.15079887507352924,0.9015949978965367,-0.002555498186445825,1.0,0.07238400213303228,0.326273384807886,0.8803743788973467,0.38916542535496373,5.634855797828197,5.77838780420156,0.5911841936579929,0.580689156432985,0.4603296578109685,-0.017815054775542422,0.8729184053347153,0.04869085809733097,0.8359375,0.08017091181417316,0.5366374706259346,0.7733009168512299,0.4596423234376392,5.874436712970791,5.867543583715779,0.46790851895925334,0.6700751868812879,0.6448223006522481,0.012392025662025439,0.7089305253249699,0.1760155039849874,0.15625,0.12334757472644647,0.17239906002990815,0.607123087700989,0.4345065864219129,4.198598941865531,5.553827163752387,0.24297103488939537,0.34075514667149315,0.2691913034924331,-0.3337207899336607,0.8984389436543437,0.0245588571402056,1.0,0.038382009364186065,0.15485091708120977,0.9730708924680032,0.16367952807875252,5.175442047861769,3.100330295668025,0.9492943531461093,0.1278810591538693,-0.043453740560695335,0.7369781276439654,0.9728885501691633,0.646412283601038,0.9804818685366854,0.256276117983582,0.18411998760532802,0.1556673736041982,-0.028237231692295934,0.1489519321123873,-0.059142051444057216,0.4307759497943335,0.012362162950650908,0.44612462651984763,0.9438477036188971,0.20800441082373775,0.18429005165290582,0.09768828022794052,0.17224129348234923,0.8287398261232417,0.9189554509430302,0.8612170633922036,0.8108940859295228
3134,0.6092413771330649,0.4698621819245117,-0.02428990251218609,0.9087940555397499,-0.0017308748890799922,0.7265625,0.08144702488051972,0.36564226203192235,0.7979310565368984,0.47984270083838515,5.175617580229303,5.884236881842338,0.34563899473922344,0.5276898647791503,0.5168947058575125,-0.17822694901081373,0.9004288189665377,0.0036802788256810404,1.0,0.07415685579562814,0.3267616809595019,0.8816963837599094,0.3885077125298737,5.636341429720827,5.778409069031906,0.59037196450224,0.4976400215637151,0.42343247453682964,-0.031112610270836092,0.9005933874570773,0.008985699395503732,1.0,0.06580239067427872,0.6538590655232398,0.8547049049418664,0.39846803937254593,5.874839597891318,5.864071895706196,0.6422784627811764,0.7260204825495871,0.5911671623938994,0.0071595399997767505,0.8701111283879805,0.057299500007009785,0.0859375,0.12051247330158166,0.13556321909237953,0.7576630551860416,0.4072876723789358,4.207243312695613,5.640334167593243,0.31039862016818653,0.4054671808255158,0.40436927100740455,-0.6402212477404281,0.8996619431793833,0.025629970989930747,1.0,0.04858046034982373,0.1554612872707297,0.9755050164219736,0.17956165813967404,5.175491284916422,5.177334505388647,0.9080910759008161,0.18863399623710844,0.07907146566256135,0.6005917591499536,0.6416378127369877,0.44332789195665523,0.9579908475668453,0.3595024771820331,0.13262729419195973,0.18475022322764362,0.09146477642511609,0.15323796212720336,0.09966219201273356,0.4903463528277816,-0.0671925864040818,0.0236632571908539,0.5658288207414571,0.245787552801357,0.18039656301789386,0.09834388324961425,0.19435292206370808,0.8519234797413827,0.826537550154734,0.8840763340231301,0.8311469512613198
3135,0.5677946962499203,0.45598244310250596,0.03868464637172891,0.8709768700292632,-0.05229868496524005,0.9921875,0.07759418270720884,0.35175634022034363,0.5991581451847038,0.5042248974924196,5.1747338794893984,5.870733525634902,0.2890463762253491,0.5393084210320245,0.5083745394750985,-0.15418519839729686,0.9018267954123876,0.003626797501668612,1.0,0.0720377252438384,0.32309945982238225,0.8813126702225282,0.3879909783403059,5.6315321163576355,5.778404702603885,0.5926238103688646,0.5334106855289418,0.4256698349693803,-0.047173900364453104,0.8962996909209946,-0.015573115438864587,1.0,0.06731612683594905,0.6487624744407483,0.8133053741592893,0.4090489851176098,5.8748322191591535,5.868245529185301,0.6279884341125405,0.5226075388007362,0.45848449166267125,0.0008009871706128878,0.8085430048286233,-0.029261601707158642,0.390625,0.07490369119708983,0.06653035065767388,0.5432492364027393,0.4013378302754723,4.075655482247495,3.9036817867676854,0.2864679913175582,0.4336014562384404,0.3467724731355823,0.4550764613911394,0.9004353875032561,0.022175638369427975,1.0,0.05099159264233611,0.15616321298867764,0.9259665286941345,0.23791749745678734,5.175466411401992,5.043813197183489,0.8676746020324837,0.1798744634814922,-0.04136538534236674,0.5968434058988176,0.7291862605937658,0.34574297747140226,0.9211171351683082,0.3243407807888647,-0.019351028904153574,0.17844093453803075,0.011977401230774148,0.08602872871802622,-0.07214850963325928,0.08202162480486827,0.08141254164830129,0.018718320413248394,0.6480015944327528,0.2030244458591125,-0.08286715929602323,0.010966988263589796,-0.034794118146242795,0.8334263771858466,0.8530915815481359,0.7920144712161238,0.6267373909746775
3136,0.7702641966413131,0.6265004491707822,0.047413095391155013,0.8342690370818499,-0.11039920753497784,0.265625,0.12863108184333216,0.26786095767082735,0.4724035562781519,0.5310983997419321,4.275586100680496,5.870021959347863,0.18550919165852076,0.5262468211027347,0.5158793427196215,-0.19802159099168296,0.8996056481459015,0.00048067370005051824,1.0,0.07426730029570952,0.32111575670644243,0.8841037680477256,0.38591976947613943,5.59205063312006,5.778378512748517,0.5951110272269341,0.75531091271147,0.5843140455810301,-0.011392378570249698,0.8355075781700163,-0.08002742332815878,0.328125,0.11693231528810902,0.4510940885647145,0.5266198902984904,0.5101463685596498,4.32992494951661,5.868840358423276,0.3082793578358634,0.7982462637968025,0.7606241292983671,0.00675213371484607,0.6767913010760602,-0.02244610736871207,0.15625,0.16570852950639584,0.16647846919156467,0.33720281359435766,0.4927756639806315,4.218946453549703,5.147216969667935,0.17835222933135492,0.5033467351700605,0.38210466090061773,-0.33029041041792917,0.8995076006938096,-0.005740930864023108,1.0,0.0591715428520002,0.24698629718924528,0.8593650667733279,0.3776782605486045,5.176014234524898,5.4543777491720284,0.6051179287996673,0.10082079202860315,0.008320318503538673,0.8210704681094761,0.9852598491905373,0.7863702544215397,0.9770320147660401,0.08385025160698735,-0.1295910914738266,0.11996224422525546,0.022850322116483943,0.15412506122317457,0.030731575174608665,0.40023097239992284,-0.05622649204525236,0.7336084513532425,0.9900841024197469,0.04362215898489903,-0.1346240235703693,0.11334259452092905,-0.1288074026198194,0.8144944800007703,0.959136462491678,0.641283341508347,0.5899062515258146
3137,0.502445832314243,0.4228602671085987,0.031893227339921296,0.898202859792122,0.002764624062241549,1.0,0.06573119172690983,0.423749504074221,0.8455486095529001,0.4544739851212718,5.6532003328676925,5.931800245597955,0.48460872578410685,0.5284494690538739,0.517424399852549,-0.19239397950032014,0.8989234780919532,0.00279066657771778,1.0,0.07385610898702515,0.32004760887478256,0.8820366826741315,0.3865871654385933,5.624181926418873,5.7783905069932056,0.5935373082880315,0.6298621833857196,0.45030088179497624,-0.03204292459756365,0.8875579086900057,0.026916069065232286,1.0,0.0767575357368544,0.5401165807061983,0.7631414570871837,0.4584969158334552,5.87460452590986,5.866870454397458,0.49204777113650733,0.6408611191211698,0.5021694731559454,-0.0001599816296935826,0.8386959793960984,0.043828219185341195,0.28125,0.08864354361934886,0.2011474959562975,0.7015181840325785,0.4666498202897388,4.230894445285191,5.867141221608928,0.22344180129620503,0.4511001054242178,0.48506113044596283,0.6531127796512083,0.8964932882570543,0.0068025031439582035,1.0,0.05998656949496129,0.18308053834650714,0.9505966758658744,0.2534130294449752,5.175650847806106,5.178804680653538,0.7656034599306961,0.14706824491494352,0.023276276208606055,0.6465267397088912,0.8138861458411467,0.10253686625852461,0.7798756855992391,0.2999320624718558,0.08111974266773614,0.15638273458988747,0.10926257326951562,0.21986380992330257,0.08589577755415012,0.29113179095953245,0.15735943478204711,0.37873511233827745,0.9691628046525168,0.09890187436156177,0.035645188927284084,0.14241212683142274,-0.011366034756942082,0.8598817490720433,0.9225500188897713,0.792132657104251,0.7824000129581051
3138,0.5830420840381951,0.4451609416841134,-0.06845652957984436,0.8901342078264256,-0.005824062640364937,1.0,0.0699504676209771,0.4076357310708945,0.8459496453674807,0.44445677304996334,5.652873868235621,5.935206221805285,0.47858575563346595,0.5386396037373362,0.5135815686468359,-0.18626741004037586,0.9007786014901462,-0.005048861607625283,1.0,0.07311736393307541,0.31904049806207463,0.8820397459311958,0.38571139453685027,5.625067715435164,5.778379294694532,0.5942216315695522,0.5164921566800068,0.4187048106007882,-0.010390533476951768,0.8986546331840226,-0.007629382964236579,1.0,0.0651974853799778,0.6754966887417219,0.8523387407142476,0.391152386957178,5.874850823802698,5.828475625765502,0.6639764248354982,0.6782809152506207,0.602937148626096,-0.0010691607600175031,0.6474332854011132,-0.11419775553240188,0.15625,0.1161121953213047,0.15485091708120977,0.6542140615343974,0.3712580642742337,3.98702790570009,5.156360136277449,0.40745127185815877,0.3716286861051556,0.2483262782773357,0.09407200107668343,0.9021586598215758,-0.021846994897964045,1.0,0.038548943386481266,0.15500350962858975,0.9464974937242604,0.2040531451062007,5.175462567797826,4.800777274333219,0.9034186509630286,0.1802341088429045,0.1188640381903962,0.6091780060218387,0.6813420391012565,0.030804011345785937,0.8631009274556768,0.11309106759879488,-0.1407117085400286,0.16522275564501765,0.12163562304232665,0.14690010528874753,0.04366446374282018,0.5434990816421132,-0.05620180002347401,0.1420986557330705,0.6150799663467825,0.019276844532930017,-0.0492541447013138,0.124110423357127,-0.1792250532585564,0.8635395208324464,0.8451610965814136,0.8214756617679564,0.7801070558497994
