event,log_residual_rms,log_crest,asymmetry,lag1_corr,spectral_entropy,top10pct_energy
0,-0.37274106681513774,0.6674263113966393,0.47563379524499294,0.242380678550892,0.9163720397527816,0.8011092557251906
1,0.5824461512257397,0.5860035178422437,0.4045440530319489,0.7593664557812181,0.74673978868153,0.5762917402942083
2,0.6433423679566536,0.522927128864798,-0.508060563744712,0.9405125382709585,0.59559845444107,0.7788301413640971
3,0.11184589202240014,0.38940448757851925,-0.055522465973995384,0.5580304094452674,0.8604406970928032,0.3938667595121985
4,-1.0536049848239342,1.0519018604779784,0.29728323715552174,-0.007905138339920965,0.9994028021583262,0.992925688976378
5,0.5970330492693469,0.31975489928778433,0.06358665613586437,0.9500307037497943,0.4406569615779473,0.30653057128820105
6,0.568882894567962,0.29906479047118373,-0.4790285357405345,0.952939682265161,0.5756909829755302,0.3388754522533302
7,0.010756157345279254,0.698204732345241,0.45146492208687883,0.3865085907860776,0.8889925736017401,0.6990702347166652
8,1.316347247461279,0.3669440975673434,0.19682473439494347,0.909767532888339,0.5937511915905894,0.29699068677463136
9,0.5859848313261502,0.2743864589194827,-0.41550566067640976,0.9508075859045958,0.5564034569242805,0.29024786728789
10,-8.0,-8.0,0.0,0.0,-0.0,0.0
11,0.8235443372593458,0.2416027322447921,-0.44511340960171003,0.9673435988606113,0.3822794739928283,0.28390622394564
12,0.7584586809320245,0.6233773264544511,0.420576473511608,0.6615874579140313,0.8603743026785778,0.570497210537137
13,1.0767838420644023,0.5724130801079825,0.4551905366471823,0.9267402908908201,0.6049692309489474,0.5955455193256812
14,0.6963477757412346,0.4233967070904691,-0.16187697272987073,0.9635483739027144,0.4750476573013867,0.25632618346733427
15,0.4471583976150375,0.4232131995425684,0.021015836487252415,0.9217001431552949,0.6085492359294247,0.41721582737120355
16,-1.7881669538288374,0.81593500255062,-0.41717663720245196,0.9984333252523944,0.04626169033907252,0.9550803004323977
17,-0.9030899869919435,0.8996702747267908,0.353463251695732,-0.015936254980079778,0.9770622486158034,0.9857390873015868
18,-0.10755768347869397,0.7204537410663506,0.42761172449514423,0.2865655483313814,0.9612451208374457,0.6577155884595832
19,1.3204773954796516,0.36459815627871195,0.2600886968347602,0.9027794878748523,0.6753876558088463,0.3285467480187138
20,0.1952053400667097,0.5291285117861855,0.41181028901932915,0.4101183129893262,0.9198673394517423,0.5031736676046137
21,-0.9030899869919435,0.8996702747267908,0.35346325169573195,-0.015936254980079688,0.9549098060468496,0.9857390873015872
22,0.6119228369298085,0.5949666194308946,0.36538764368367754,0.9554147431620315,0.6772829019676968,0.5894778672715975
23,-1.8233015210382093,0.8384773564972807,-0.40654665269623863,0.9979266398525373,0.03778668725765529,0.9598345799101304
24,-0.6834236400768122,0.6738866996031537,0.4543414455150834,0.15598602583788976,0.9779625069020103,0.9596619897959185
25,0.35486719730986,0.5532841047716804,-0.22765927435360575,0.8143205943168191,0.6166475352239048,0.5776993651437902
26,0.3415738790183177,0.5161683543569635,-0.4526578963128006,0.8815639663764281,0.7110271386971718,0.5591997865118927
27,0.07978552879255159,0.5746837843083378,-0.19783560149627255,0.5230194242663416,0.7620857523959351,0.5681787399974846
28,0.16263963148083158,0.5550966986947697,-0.3038089343577388,0.7225995566176237,0.6036908734086929,0.5819081994482782
29,-0.4383805241347972,0.7343325873545694,0.44541173534506734,0.24077023694497957,0.9464951457938046,0.924346817389138
30,1.0503047603269267,0.22528945558109942,-0.09445661546613379,0.9784939527229158,0.3637715076778854,0.24525965833898622
31,0.6924485228922402,0.419442357169114,0.13088203243170862,0.9585534664875494,0.5371414305715458,0.36933068209607095
32,0.5305522143206366,0.41730909244430503,0.020286152256867803,0.9325683187818539,0.4638097678499436,0.47611207159022906
33,0.07824755842579753,0.5694227276036554,-0.013226398882618987,0.4450147406086077,0.8969649257484666,0.49647189864661456
34,-8.0,-8.0,0.0,0.0,-0.0,0.0
35,1.1115926302317314,0.5725421796306196,0.27020250790681255,0.8943989468382201,0.6936418322299188,0.5801354027340988
36,0.4078740498597698,0.5089753935017348,0.07716507315486626,0.8686281966970951,0.5942496314677767,0.45967856534752755
37,-0.5647431821795103,0.8644096497323351,0.428158174386883,-0.0038257149686002612,0.9570233517696275,0.9432462431693989
38,0.5602741132315234,0.5176731388803658,0.41295876825278777,0.6639171731639653,0.858377642134185,0.5003487222993066
39,0.41794045324511514,0.5661305799961632,-0.2905825207927342,0.917655840598712,0.5910517815720847,0.600626777372895
40,0.4817160599946165,0.36966579500135893,0.21323988696467708,0.9257809025742749,0.6566481671252797,0.3214670503495581
41,0.48886521922382337,0.5009521322549023,-0.1447574268434694,0.9157884163078354,0.5681395745865706,0.43349404248970386
42,0.20622790734536625,0.3858082671845002,0.17407280185139262,0.7278485186106098,0.7665335800102194,0.3651790574249519
43,-8.0,-8.0,0.0,0.0,-0.0,0.0
44,0.2791580024909597,0.6068769839025905,-0.24828870608340028,0.8691819339163176,0.5932027902009313,0.617034537385814
45,0.37482096997892667,0.6283631900269471,-0.10182084267964545,0.8687144502507935,0.5374260112712685,0.6301915456228467
46,0.2093764861894926,0.63868213486451,-0.14144530529063593,0.7852819422159907,0.7632250749071909,0.5893483189056667
47,0.08638380966136402,0.5776137512800565,0.23302251894608844,0.6291167284452558,0.8320096552889467,0.4632964821169228
48,0.2000183460782287,0.5040322984026514,0.2166985637369918,0.7490138134944841,0.7885926323137037,0.4366552873460857
49,0.2357906640596721,0.40959434153665547,-0.23323545485528258,0.7038089560956987,0.8060725738530341,0.40663402633313245
50,0.481104614451188,0.5255288803456543,0.2699964361100117,0.9187059578045703,0.5109156338475644,0.5839664189950222
51,0.33207872599094257,0.5090956609816382,-0.40062692734390004,0.8629226754487145,0.4915353543904461,0.622494734395499
52,0.3182441801871046,0.58493789569145,-0.3529193109730174,0.8231530733734039,0.6199539298222855,0.6409493141287282
53,0.38910124226557563,0.6172639907001887,-0.2806325107294658,0.8766389976135511,0.6328970743674056,0.5454779685573007
54,0.3768908593685484,0.37885690898141955,-0.23123422399228905,0.8902301697991105,0.4298357100655093,0.3662377452601268
55,0.41231796638160156,0.6341414029707251,0.14419325412637843,0.7031674619262677,0.7524643141460144,0.48414865105249383
56,0.541980743040345,0.608235316695341,0.45161030584411255,0.7144226299207321,0.704283702110506,0.5785410889923616
57,-0.09162197513772756,0.7476489445971617,0.3050375727272837,0.24479235793523857,0.8265781383360744,0.7367504041010825
58,-1.2041199826559248,1.2032700902169777,0.24999614401718148,6.952539726141611e-18,0.0011338570774551957,0.9964767156862744
59,0.8509616569663035,0.45096637050945537,0.45558078238265753,0.961793509398795,0.30753900673173606,0.4695154073122434
60,0.5904427283476429,0.43182786074831125,0.04004670996195325,0.9570325191778734,0.5676075645289715,0.31491764707988257
61,0.29119305501791654,0.6719956853670728,-0.2931983585857294,0.8439451707456809,0.6431007940034296,0.6505788364302113
62,0.4420021657456434,0.45963293466734906,-0.4689288786145592,0.9223395222522531,0.5106527026519392,0.5046781123903475
63,0.08308153226417198,0.5321943760057801,0.028273232744711774,0.6180873224005412,0.7764431281907856,0.4132447763967156
64,0.41431434316753374,0.4897845842113787,-0.4924043825853224,0.9108866904711154,0.49338724495536557,0.5795709274522642
65,0.010882506550379215,0.5612772122252716,0.23400909467869627,0.3925860504025812,0.8482270408808228,0.46616287552804947
66,0.27774632521787196,0.5949468248541183,0.30182297010101444,0.6434461059061158,0.7578064393000941,0.4960487853484529
67,0.40705099738002826,0.512464328288914,-0.39095874901442185,0.8911497688037591,0.5521178324215292,0.6235348890492938
68,0.6391341926684526,0.27997034790415243,-0.1040991217028283,0.9656669443975681,0.5150644551547393,0.25513115374979156
69,0.20017487625120586,0.4868658730333998,0.14743025139701157,0.7242671504487982,0.7764626634406869,0.43429049660943037
70,0.27615735391371027,0.5329560041761556,0.2590824213979291,0.6902238282101166,0.8327130371725415,0.5007765763656731
71,0.6482720372954585,0.5123243829266452,0.32947511754301145,0.8157803954123244,0.6475264036471016,0.426261958983957
72,0.3506237098088975,0.3640565746130728,0.06342925292462265,0.8083109620603474,0.8083528357929947,0.312917450398185
73,0.20645739230539345,0.8129645367665752,0.3123173582479833,0.4744491921823848,0.851505403458325,0.7178857491412486
74,0.7754086647078153,0.23778140055132674,-0.37939902187434604,0.9436439809289235,0.42026640010828886,0.27907973201589076
75,0.06365919592480547,0.49631560204558367,0.08307463163538732,0.4368666093376553,0.8400154414542251,0.44487394946586134
76,0.7364195334148912,0.4228607094691979,0.1863557121602804,0.9653187591122498,0.5982845969426387,0.4972782710908289
77,0.2509252901411093,0.6862967536810323,0.4291918214860479,0.4661334779268896,0.7921748807963982,0.6161674231281671
78,-0.15740914007480727,0.7680101014810695,0.4130036650784283,0.20345003332725572,0.9484310229708974,0.6893618185625094
79,-1.2041199826559248,1.2032700902169777,0.2499961440171815,-0.003937007874015728,0.9990144774855492,0.9964767156862746
80,0.38491403617755793,0.7630279548722987,0.29196878551834565,0.6967476284651349,0.8451445704661059,0.5149616362167103
81,0.03234105045389445,0.5910393825285853,-0.11161702385518468,0.20043662472565407,0.9306039240676957,0.4930904849560845
82,0.22986699537817795,0.5945976561737822,0.20830945852801627,0.5945213664180028,0.9042675413470436,0.5090007016923895
83,0.5910265700482698,0.5125974745130176,0.3374982586155633,0.7527142538825546,0.7010507476510215,0.44098603832015176
84,-0.3112325982173482,1.0094469749695263,0.2523858824565516,0.32402335914708763,0.9881355936435114,0.9996055604647824
85,-0.9030899869919435,0.8996702747267908,0.353463251695732,-0.015936254980079764,0.9606472325313834,0.9857390873015868
86,-0.23187864658084045,0.707437269489104,0.455587780106234,0.1806182738274882,0.9232478004632066,0.760766686212523
87,0.12998908183493882,0.5911137285042648,0.2751539813296965,0.5697179490799902,0.9158151375670447,0.4441361242507602
88,-0.5051499783199059,0.8023644044730716,0.41562297764661893,0.028455313941073992,0.9497629863012457,0.9462931052326544
89,0.5924676490831265,0.5237256732786838,0.4240932137726872,0.6947126104301502,0.7734626144789717,0.45148464702656693
90,0.8011713563445977,0.4082906138562192,0.33474135016392675,0.9423582169208905,0.45119406224097097,0.42685128579194526
91,0.14711920067509873,0.47060763995153276,0.2722074380756957,0.5992888499093828,0.921190532597721,0.43407104327742163
92,-0.06704105802408487,0.7797517894511571,0.4176682952698148,0.45455968280467435,0.8484856571452881,0.7090490668154917
93,-0.7815709626487963,0.7755506535407398,0.4063159950721615,-0.028225806451612892,0.9426527229108422,0.9747427208835343
94,-1.2041199826559248,1.2032700902169777,0.24999614401718148,-0.0039370078740157384,0.9994181206978844,0.9964767156862746
95,0.09867867542636892,0.6105509406511775,0.18856165944911385,0.5285740724035842,0.8097586698518185,0.46930666360593204
96,0.9983840654340719,0.4081414456711639,0.35757618507575456,0.9269303099108801,0.5308236160484221,0.39146048215417056
97,0.21819068724908705,0.5941903940593887,0.28744907957561394,0.7062224520075314,0.8037091965865745,0.5630692501124208
98,0.3212710465022716,0.6028388663726538,-0.47943257550955637,0.8795292624973187,0.4851277566152434,0.734376985159671
99,0.12928819298517447,0.4839728420187033,-0.17927845673192452,0.6330002343507724,0.8695228080838913,0.45368315671302795
100,0.4255404691800324,0.4458068608892551,0.1970909251935369,0.8726756423488267,0.7544560633961982,0.35573914681576607
101,0.4682117062511955,0.4743935083203118,-0.1319071272589585,0.932406569481883,0.5091092042274484,0.5363141894288161
102,-0.5140143618001218,0.8123578871502384,0.427649816518249,0.15297202797202794,0.9294007896629796,0.9374347144846797
103,0.31781191637334255,0.5144317337649068,-0.4346557298540599,0.8105534458528176,0.5326238860715548,0.6122734736435903
104,0.4643268216775968,0.573594382713686,0.24228646063440284,0.7606470305896559,0.6507863798591987,0.5158338303088479
105,-0.27572924937656923,1.0309039565316997,0.2849881269706476,0.4019920506454759,0.8607379321011728,0.9954348729295558
106,0.41893395601698674,0.5392747779265783,0.11537220021838715,0.8934530529392892,0.5852248862779266,0.5055465234148849
107,0.23623840909813676,0.501755135884642,0.20069886225259634,0.7048667766683303,0.8019788140842642,0.4381556594764623
108,-1.2041199826559248,1.2032700902169777,0.24999614401718148,-0.003937007874015717,0.9993496790955629,0.9964767156862746
109,0.052091387566546216,0.47026836899574775,0.14627111810292653,0.4998034330713327,0.8268781100021534,0.41374145230457515
110,0.632151927349256,0.5325496890583433,-0.029768237567081378,0.8878315304567364,0.48071006045658055,0.5195320099026012
111,0.15011218613826255,0.4170606708793969,0.09201177217595709,0.6396984686747941,0.8293200656371096,0.3622338097078233
112,0.23156666213445873,0.4708572877165403,0.11363283365153992,0.7504074756344857,0.8675890997397939,0.3947256384628359
113,0.12109596566595075,0.638431013859374,0.23034938805927482,0.445071666651583,0.8910686309520124,0.576626702353253
114,0.8236781491782109,0.4133846530086241,0.27301164278342516,0.8565375739739699,0.4943731893123029,0.39317393739250217
115,0.2864396045400237,0.4529061595041932,0.4012084952350849,0.7700807045450165,0.6879836182279339,0.42582271875252475
116,0.038746578061121376,0.4914089579950936,0.06314955244208544,0.42184328826224426,0.8899338064575736,0.4510830230409404
117,-1.2041199826559248,1.2032700902169777,0.24999614401718148,-0.003937007874015735,0.9994098487263107,0.9964767156862746
118,0.13142260400790579,0.5426519827529224,0.04231279268372769,0.5574285313198362,0.8675970606414,0.5035702214963153
119,-8.0,-8.0,0.0,0.0,-0.0,0.0
120,-0.7815709626487963,0.7755506535407398,0.4063159950721615,-0.028225806451613083,0.9122582015050902,0.9747427208835343
121,-0.010141664401466277,0.8192033486192914,0.3314068266953433,0.4479797029422821,0.8283706080981811,0.8577737169006207
122,0.5916483733153606,0.39937256094123724,0.27864023128352744,0.9289325468791015,0.4779898045660422,0.2985164657456727
123,0.47518244817330446,0.462124460515819,0.09268979124437891,0.9247086191647039,0.6036777602785359,0.3791851419868757
124,0.7325466175019729,0.3089076696594447,0.3033710854130435,0.9486460421391185,0.45816323072109016,0.2704391833306068
125,0.7094088737000623,0.3499646355149693,0.3952192733719762,0.9634888728851819,0.4955625775550764,0.3675256059524041
126,0.08760317282916336,0.5041515499692336,0.2673369969858506,0.3990080900868953,0.9483218769795236,0.4508911266531428
127,0.44879002995773726,0.3551119742688332,0.10754517952324551,0.9210261558233798,0.7102607548538011,0.352565706235219
128,-0.9030899869919435,0.8996702747267908,0.3534632516957319,-0.013773791097276944,0.9914284700886393,0.9857390873015873
129,0.665691404704026,0.42201263232263025,0.26392389982885534,0.9246372659663652,0.4359204458236431,0.4442834205515519
130,0.5219376524234498,0.37121744659404116,0.32403238938348433,0.9284871295577196,0.5313896601042172,0.3880472066753753
131,0.7695233396829744,0.5761673490205572,0.43805261228303166,0.7720354406901239,0.6547412620106163,0.5148518510961096
132,-0.2846954372872971,0.7587354049348964,0.43225222641302813,0.22265770810003735,0.9014830450691259,0.904322403673419
133,0.33152080852217886,0.5611582549716376,-0.47919267269992494,0.8650968754403894,0.5407736167953087,0.7303585015641465
134,-8.0,-8.0,0.0,0.0,-0.0,0.0
135,-0.010425069486560091,0.7296962438796154,0.444867887467757,0.3018151671175493,0.8349612574634194,0.6250000000000001
136,0.22955043781375908,0.5765832059769448,0.2808211334444361,0.43651895067863866,0.8615531147813271,0.5408150622310974
137,0.1455469348091745,0.9747553290184419,0.2733967002932004,0.5395760531519257,0.8456417048500876,0.8135161362650206
138,0.31620878965036925,0.4790106344016139,0.2127013980986987,0.7199485173448994,0.704105307005067,0.4478517444167513
139,0.28100520373855886,0.5444606830903995,0.24173681371892997,0.6861415683498249,0.737059391302979,0.48972490121770235
140,-0.815044357464103,0.8098943791441969,0.39104171852525976,0.14658634538152526,0.954202374916161,0.9784375
141,-0.4200191206224273,1.024692462103172,0.30766873348741475,0.05840661109425942,0.9502429250779153,0.9468552569048416
142,0.3288792505012864,0.5648181064394414,0.2654748166316473,0.7152954829386792,0.6688477504492845,0.5910142541394372
143,-8.0,-8.0,0.0,0.0,-0.0,0.0
144,-0.012350966807938134,0.6019823976581717,0.1838917358373165,0.443805991649135,0.8811706357975548,0.5416251460267534
145,0.3393814626131098,0.5316605200536481,-0.20553330194727296,0.8809283992627691,0.5579082987731558,0.5552965311120516
146,0.4634825503786154,0.43679549618686536,-0.3133049505709947,0.9123419526213211,0.5935021781456989,0.5212419616506876
147,0.6237337255653366,0.2744145884802698,-0.08713460699402309,0.9604732626611854,0.5377017837048634,0.2651412415112513
148,0.2374266966319202,0.63289218382863,0.4443955938377789,0.48269249275219,0.8275080037980338,0.5972873503229874
149,-0.7815709626487963,0.7755506535407398,0.4063159950721613,0.26555299539170557,0.980397755283547,0.9747427208835343
150,0.22607141031132108,0.6023182796801004,-0.4015250645520763,0.7484677401853558,0.7421974507487414,0.590622842096747
151,0.5642039551372776,0.3327632240973998,0.028173924974243297,0.9329470842445372,0.4971458764221835,0.32998780371121317
152,0.03624066226970145,0.5188809284785187,0.13348704388603239,0.2533653844847776,0.9569076624851496,0.44548679725642043
153,0.46197271843871707,0.3666595254080757,-0.13876418452162326,0.8956608180538651,0.5824610604247757,0.3766955418446127
154,0.2650579729248011,0.5712974032192646,-0.12956399173813543,0.7160105991266124,0.6918155697172746,0.5387471752273527
155,-8.0,-8.0,0.0,0.0,-0.0,0.0
156,-1.0536049848239342,1.0519018604779784,0.2972832371555217,-0.007905138339920946,0.9692829417281558,0.992925688976378
157,0.04485102816539271,0.4264141045755948,0.08845800053200606,0.3280150840347519,0.9099065849255331,0.4085719335799256
158,0.7202894348301554,0.46820713472286535,-0.06037178390924468,0.9207653153155531,0.5194248759121042,0.33380596987099015
159,0.42116325913733,0.4929830201993959,-0.2629295866351454,0.8930474143057721,0.4844000741130364,0.5290086161043767
160,0.04853889991701077,0.4626859683310381,0.0574079699294021,0.5122493468190932,0.8705952355331603,0.43109073731139386
161,0.2098247338006658,0.5561603453683129,0.2300071859731284,0.552458405014388,0.8361469103982422,0.59068595545245
162,0.26893393946072236,0.4729014293131341,-0.14096968093221748,0.7011308516911748,0.8902940765423671,0.5774108683746936
163,0.509937345489981,0.3026448450895325,0.018220093482022054,0.9411006737742142,0.41000505562779843,0.2869119720703124
164,0.2307012032665269,0.5675979258164237,0.2795992541332656,0.6371570548317292,0.837917026374685,0.515350970164902
165,0.5379409521835975,0.38108802326356744,0.19148524271267736,0.9351016247238345,0.5116675509613064,0.2882618946919926
166,0.3683082805505605,0.3316239164901971,-0.13759998237796167,0.8135831398512602,0.6973171144482425,0.35494410827396833
167,-1.2041199826559248,1.2032700902169777,0.24999614401718148,-0.0039370078740157384,0.9993238938379388,0.9964767156862746
168,-0.3634993639681312,0.6570685928627555,0.4753094537107136,0.2310855263157899,0.9228324623037792,0.8271129002911206
169,-1.2041199826559248,1.2032700902169777,0.24999614401718148,-0.003937007874015747,0.5700007045817573,0.9964767156862744
170,0.25440827418094447,0.5520185659585198,0.31604944000400587,0.7643054735361137,0.8250642659880318,0.5952374177712335
171,-0.40308998699194354,0.7002893338382701,0.4785168905081821,-0.04323308270676701,0.9581167020128928,0.7821891512549539
172,0.34508933007442977,0.5678081374683512,-0.25839419014916304,0.8820561375893432,0.694345926429866,0.5626257610535262
173,-0.11898912495844612,0.5970718787906409,0.49348117232390615,0.13882933077495133,0.9160657739559422,0.623757615654688
174,0.7943464629173397,0.2610301814605183,-0.3813737942167721,0.9593480698298743,0.37219667573739235,0.2721403212881039
175,-8.0,-8.0,0.0,0.0,-0.0,0.0
176,0.7000085527718933,0.5637687957139237,0.34965796066940924,0.7459173768216253,0.7826985929156179,0.5523740645339422
177,0.3588027803442382,0.5421645843716942,-0.2579104140884709,0.8626620851619129,0.7286692438392578,0.5938478311479171
178,0.38750586202177983,0.5059027303215541,-0.424969382179013,0.9025928954601383,0.6271722063387957,0.6063090504470625
179,-0.21755605585607543,0.8285817703355415,0.40877194621536916,0.11119293078055963,0.9310811737327468,0.702385897185301
180,0.39522490451388875,0.4968422762889699,0.07388141913938798,0.8633154450546981,0.5622726434924549,0.5177319358715686
181,0.44523389290865767,0.5524464414153661,0.04021281054332381,0.9020747740258386,0.5952761478562649,0.6591766705653354
182,-0.25257498915995297,0.727583339415806,0.44633159091132696,0.1263262599469497,0.8982952435992483,0.8068882042253522
183,-0.815044357464103,1.114941918311533,0.28545010920588687,-0.010568031704095098,0.985684145738848,0.9905427631578948
184,-0.08123014926729481,0.5415697412480796,0.13102463742952958,0.47276314180177365,0.932151942734353,0.6223043006765746
185,0.6236828416710657,0.3874086701938199,0.034253561922275584,0.9517637899735453,0.4485661412808317,0.362185650907988
186,-8.0,-8.0,0.0,0.0,-0.0,0.0
187,0.2053721296464103,0.5931165543635192,0.024140169951407837,0.5724242768904727,0.914169347448188,0.5472400887785764
188,0.6132877900429211,0.4082572858876926,-0.14268233375783537,0.9615590522852876,0.5067375374654645,0.45247254582731156
189,0.14689461725027259,0.45670909943915206,-0.11161331218669383,0.6964760842195955,0.6178014605153758,0.40695860431975844
190,0.3295616882316809,0.6333552926056777,-0.29505414821546894,0.837245108453994,0.5807998114519668,0.5463794648515438
191,-0.16272729749769974,0.7721497744735245,0.4330082231510302,0.3486848800979918,0.8615306925571414,0.7066888977250818
192,-0.06360329903206101,0.7696522803615091,0.4169655810889623,0.30905775115757295,0.8636999606697545,0.7654051632092739
193,0.49363936134102354,0.3934827161972442,-0.054996479458033806,0.9199142930694556,0.5413706714860206,0.31249446582444684
194,0.6037938844589419,0.5405626692917755,0.5037324230160316,0.9506423990747768,0.4140553300482525,0.6512289622569
195,0.8483643345393356,0.31639214954459716,0.4998005454710274,0.980249160724735,0.3354696444229224,0.31438704803859246
196,0.27930015737518765,0.36823242661331634,0.1503098232402441,0.8424743045693214,0.7092566631095066,0.34273850978704606
197,-0.7041199826559248,0.6954675535516895,0.4438128616001761,0.0632653061224492,0.9091233222793689,0.9634781504065044
198,0.21100842661916916,0.6131534684523059,0.19383181517148265,0.53770995400196,0.9092502721863704,0.45939033317012057
199,0.49258495801947366,0.33240778122908254,0.29138852096566986,0.9169043485102968,0.5214806983910859,0.33661197194420284
200,-8.0,-8.0,0.0,0.0,-0.0,0.0
201,-0.9655593552960936,0.9629996332280778,0.3289718301566362,-0.011904761904761944,0.9944498603712864,0.9893465909090914
202,-0.11607435312808417,0.7211823366722252,0.45052963859785267,0.3340794627867933,0.8968417571626696,0.7503993764698602
203,0.5828186392913102,0.399805138282696,-0.0467982302201241,0.9550621610292316,0.4599610277663764,0.4613323451491344
204,-1.2041199826559248,1.2032700902169777,0.24999614401718148,-0.0039370078740157384,0.9993352964057468,0.9964767156862746
205,0.13428407794052707,0.5164371414166439,-0.07237414876110473,0.6811773013233577,0.7676917835759849,0.5148680020434141
206,0.21340806820413336,0.7623343991660622,0.421691369892301,0.5157158492535727,0.8215804304402559,0.7211299368721567
207,0.7978120391343901,0.46653092340871555,0.30592077038796217,0.8701726865703854,0.5910705374079612,0.3858573209888489
208,0.6315365080790089,0.3436859691227307,0.270798354304464,0.9598909162316333,0.45124100093901454,0.331349863044708
209,-1.2041199826559248,1.2032700902169777,0.24999614401718148,-0.00393700787401571,0.9993557541241181,0.9964767156862747
210,0.32345901580993724,0.570217895496085,-0.20427506693013858,0.8131230091398395,0.5809661045762495,0.5680185859853588
211,-1.2041199826559248,1.2032700902169777,0.2499961440171815,-0.003937007874015745,0.9702969471442441,0.9964767156862744
212,0.1463189843106697,0.5149837711383287,-0.19725016469090853,0.7120264305312594,0.6251979216659745,0.44699284966463665
213,0.1424118421613101,0.4449524240606799,0.31883572566467666,0.6686162888251233,0.852792770362709,0.4718153567655837
214,0.836538953476202,0.4676865711091597,0.39783675018857345,0.8766807080110993,0.6739466477727666,0.4122211214714933
215,0.4915621192712865,0.4399152158213239,-0.040014462382382196,0.9440821938518482,0.5422160707984855,0.4153099052946831
216,0.04717718878228398,0.5373595150126026,-0.14903779816699864,0.5210823288092298,0.8887338625035222,0.4713345691458315
217,-1.2041199826559248,1.2032700902169777,0.24999614401718148,-0.003937007874015731,0.9990585879233147,0.9964767156862746
218,-0.14548433482804263,0.6168063553218666,0.49244977946470925,0.48585083419497904,0.8558035066593271,0.7405688858262132
219,0.3044457149268642,0.5048922050353325,-0.13131567839036873,0.7422902591308937,0.8931297967023706,0.5858951432618682
220,-0.815044357464103,0.8098943791441969,0.39104171852525976,-0.024096385542168586,0.9623978361487902,0.9784375
221,-1.0536049848239342,1.0519018604779784,0.29728323715552146,-0.007905138339920917,0.9806833792583055,0.992925688976378
222,0.6510917402336189,0.3806709465864217,0.11861379649999906,0.9620885814511324,0.504940541822556,0.3977619524316231
223,-1.0536049848239342,1.0519018604779784,0.297283237155522,-0.007905138339920906,0.9394681340212749,0.992925688976378
224,0.374548590318986,0.5488106701233636,-0.46120279941577536,0.896528306133453,0.5966781058922564,0.6877838666236823
225,0.49464019823078226,0.5584003380967261,0.42667777088777625,0.8883371812322121,0.6774096121542412,0.5840405161661036
226,-8.0,-8.0,0.0,0.0,-0.0,0.0
227,0.41650384013964475,0.4535229610731881,0.023838250102920108,0.915841111955404,0.5040074878759753,0.5138003556938044
228,0.47025008433106325,0.30332544620963997,-0.15031334159877702,0.8862717722519085,0.6030597229139543,0.32084690392735443
229,-1.0536049848239342,1.0519018604779784,0.2972832371555215,-0.007905138339921007,0.9992565664272679,0.992925688976378
230,0.26364264137786964,0.5356249730982161,-0.3818876458835509,0.7414741641090808,0.8168427536894061,0.5831522714540434
231,0.7079105586184002,0.3225772800663711,0.2707771052606293,0.9701956333989111,0.3834001493264001,0.297198689362537
232,-8.0,-8.0,0.0,0.0,-0.0,0.0
233,0.3972878227287243,0.4666189088634222,0.20845798421362757,0.8118893151589138,0.6684403391821122,0.4660924098862275
234,0.2607038618282815,0.6367481710085655,0.08471373627481354,0.6133939773134697,0.796638401310308,0.6041161201548725
235,0.8915983310175857,0.1968844655229752,-0.2745873422233109,0.978970533213738,0.3745956258134157,0.21451907857290473
236,0.4431803014871737,0.5960795050224766,0.21249778122905982,0.7075085379307217,0.682651002031472,0.6196162838097279
237,0.7904628364538963,0.4574088277318127,0.4021147741989231,0.9480923441304636,0.42596082086598946,0.4800000402688949
238,0.3447340021711256,0.6003245708935645,-0.4610298295819028,0.8747437410283865,0.46551248875877727,0.7342956626999927
239,0.5888547101108821,0.4064139183211777,0.013467357337381473,0.9558043549056774,0.41615337449637524,0.4623689428222106
240,0.07356663309647858,0.5870355964639294,0.20320960007984773,0.37792196976549686,0.9360154014060511,0.5341381920309048
241,0.3289519747390801,0.6035139741085804,0.2545384364910265,0.6849285880454169,0.7712424595919365,0.5720011700688898
242,0.38359288461414187,0.5121929436606962,-0.15171984864728028,0.8845807802815174,0.5449317507074475,0.38484278091339397
243,-8.0,-8.0,0.0,0.0,-0.0,0.0
244,-0.39074963929956735,0.8786576824115965,0.19148176137397152,0.5543037853130638,0.6161918153777536,0.995273902324781
245,0.18999085305859154,0.8420740993713197,0.2411205738665839,0.4991127470356028,0.8742923788735116,0.7696241073149859
246,0.5635193551952226,0.35366768471172844,-0.07011403873371586,0.9529766994896381,0.432490449299354,0.36194093188926635
247,0.353348200424671,0.5487297892563225,-0.337731676429689,0.8840756158993176,0.6138924373569776,0.5219754788469497
248,0.41612618854875627,0.4648019228158909,0.22592139783792423,0.8072263725528137,0.65377839084722,0.3944439871861679
249,0.5186581443283366,0.47696865431906366,-0.3766003734650326,0.9361932738702922,0.5611671752177865,0.4955333690027633
250,0.45533114977270056,0.31064690861359573,-0.2377044151163866,0.9118709542977816,0.6309447121192073,0.32586448007896324
251,0.40687470190714914,0.35932514007815974,-0.2283403396459418,0.8726917755927901,0.5478745109501952,0.36162552594379976
252,-8.0,-8.0,0.0,0.0,-0.0,0.0
253,0.22589705129033766,0.4395455865819369,-0.1721714094803273,0.7574585002201858,0.7824815293151356,0.3761667360115327
254,0.4889952353216844,0.3742801393753218,0.08181633780504394,0.9485483920179699,0.4611993201138939,0.38964100311951355
255,0.6749793360089456,0.38432739605812544,0.4141234883090379,0.962805773503723,0.4449419547668649,0.3836791811439436
256,0.6523731341412665,0.7579438875208373,0.4187147249189221,0.8188957353027071,0.8635062154351665,0.7497268488572661
257,0.2822555761311148,0.540595539492532,-0.22837316771679703,0.8535777011599252,0.5296386636795846,0.5779157425968292
258,0.28076691959804906,0.5208883775435164,0.1176468665237666,0.6750400664464296,0.8223651731884585,0.43345732958600997
259,0.5307041006798249,0.47716509822174263,-0.2525682050262434,0.9505213847490577,0.5821223179412253,0.4443841120928894
260,0.027356955581449176,0.4164112862967355,0.037045937778661116,0.4544773779387527,0.9210978165625148,0.36427543898905784
261,-1.2041199826559248,1.2032700902169777,0.24999614401718148,-0.003937007874015731,0.999208258586394,0.9964767156862746
262,0.7034821411447958,0.4658047084615942,-0.5293286826119179,0.9610324575099104,0.492278047292105,0.727334783556551
263,0.37842388310664327,0.38545115192929735,0.18059201658037177,0.803857976666516,0.7259710193550141,0.3601383602821541
264,-8.0,-8.0,0.0,0.0,-0.0,0.0
265,-1.0536049848239342,1.0519018604779784,0.29728323715552146,-0.0079051383399209,0.9321414188799594,0.9929256889763781
266,0.3387741117643304,0.5784564519945504,-0.4670716510526423,0.8831367586522731,0.49186543209767536,0.7392724035182009
267,0.9923511188588092,0.5071851801792082,0.38067847105290903,0.9159924683340452,0.48578191178171276,0.39766627366970997
268,-0.9655593552960936,0.9629996332280778,0.32897183015663606,-0.011904761904761894,0.9305987177371883,0.989346590909091
269,0.44893877046763725,0.4549497934819907,-0.5057196443790398,0.9180330472789798,0.5267246577200626,0.5327291395287568
270,-1.2041199826559248,1.2032700902169777,0.24999614401718148,-0.003937007874015715,0.9993140430879556,0.9964767156862746
271,0.22391377953854083,0.32060158160217367,0.009586528873813062,0.7631306400411494,0.6671498667239523,0.3235643037260167
272,-1.2041199826559248,1.2032700902169777,0.24999614401718148,-0.003937007874015748,0.14501126995180358,0.9964767156862744
273,-0.6834236400768122,0.6738866996031537,0.4543414455150833,0.14493293591654274,0.9450003472925826,0.9596619897959188
274,0.9566840322113871,0.3969306601950313,0.36476142923701127,0.8965760211025647,0.5607587376432426,0.3827801392675282
275,0.5239316828088023,0.4964477918309559,0.16970647037428405,0.8396266387276607,0.5534549745051163,0.42597186177334845
276,0.22335832633164432,0.6099667473661792,0.28122656671043356,0.6933497691320428,0.8335799977279265,0.7135766198112823
277,-8.0,-8.0,0.0,0.0,-0.0,0.0
278,0.32570263003044503,0.564088835647405,0.2659351346906079,0.7426593717174231,0.7808331577682225,0.5021563664249549
279,-8.0,-8.0,0.0,0.0,-0.0,0.0
280,-1.2041199826559248,1.2032700902169777,0.24999614401718145,-0.003937007874015712,0.9977969286759563,0.9964767156862747
281,0.715498823716978,0.2669231370257398,-0.054576160677176404,0.9673751666115459,0.413069163891622,0.22845302768706682
282,0.9307485471983368,0.5051727545164708,0.41407095552183826,0.8818525348680641,0.4921628339474916,0.47273819368077474
283,0.40373995240650185,0.448705327767412,0.14445458763150779,0.8973201960270853,0.5710247415731062,0.4946577242314865
284,0.6068506756900625,0.32067365952562954,0.03375998201095716,0.9551343575638945,0.5995567686119895,0.26254275051070974
285,0.5620049374737285,0.40226858836745316,-0.026387751023496823,0.9243588165818994,0.47391505793860517,0.46110260376319606
286,0.4110134143773574,0.45894813595330136,0.12763620609982027,0.9019072581956472,0.6015283175529224,0.4488175467197969
287,-8.0,-8.0,0.0,0.0,-0.0,0.0
288,0.4515664303210426,0.531851251653816,0.3636005387557993,0.8726643150985793,0.6891041698718573,0.5636373622462255
289,0.010556019073412927,0.504409966537736,0.0877103642346333,0.43662914373075623,0.9027015028704763,0.4650384706794277
290,0.05926916058557214,0.4188267103214917,-0.11685664556414053,0.4733734147311484,0.8870321237960463,0.43255158816647754
291,-0.0033973697323686214,0.5080501487921436,0.07143481435059251,0.2323906162203215,0.9025072516956496,0.4502890644168489
292,0.33500391313568584,0.4959292366662739,0.2921333765232634,0.7359276651075498,0.6957192343579454,0.5048264925136178
293,0.42665652443474916,0.4524225655537146,0.20292034589978833,0.9215824329608987,0.5527771916894918,0.41659363763937984
294,0.36803302140402966,0.37328136252846844,-0.01509256301468121,0.8457564129596613,0.642793376607188,0.3527274820185842
295,-8.0,-8.0,0.0,0.0,-0.0,0.0
296,0.12010833807711428,0.4220808100788652,0.10411022985979984,0.5737918997357934,0.77608903773409,0.4021101329987419
297,0.1792071961838783,0.49844324226911796,0.11727972331881059,0.6711181546308673,0.7823261829544933,0.5148721894460397
298,0.0757872141543135,0.4366490902243854,0.031244931671899796,0.5405673315313715,0.8890345448197273,0.3953390768055547
299,0.23999716994956308,0.4869418199071706,0.234323425205312,0.7568947745367817,0.6703652994957552,0.5097632084631434
300,0.5049571448376621,0.4571766950688653,0.16689322006227586,0.9241615608801146,0.5397112222651621,0.39975773978124474
301,0.5928495638604897,0.4906828597460599,0.1067677094551566,0.9482415710185946,0.5589831476482446,0.4407232061940791
302,0.14309375773112396,0.5046897124756641,-0.27376077014138966,0.6731052704400865,0.6126420905158001,0.5369230522133029
303,0.3659326561936515,0.3694390911337099,-0.04065823386662555,0.8161805188279757,0.7067657449743044,0.37348528938314085
304,-0.04770728360575046,0.6967983739979473,0.37098906568932705,0.5082378161488956,0.8659699006589868,0.8818110340400263
305,0.5190699822975784,0.43588221228463775,0.17260330121512601,0.9250773725262246,0.6775710754017986,0.4872050896560966
306,-1.2041199826559248,1.2032700902169777,0.24999614401718148,-0.003937007874015735,0.9993461254784711,0.9964767156862746
307,-0.8546349804879153,0.8503518585725097,0.3736866341406291,-0.01999999999999997,0.9728791481067165,0.9821028386454185
308,-0.8546349804879153,0.8503518585725097,0.3736866341406291,-0.020000000000000052,0.9257071021816002,0.9821028386454185
309,0.5763600529151399,0.5588696303063118,0.334463076506609,0.7356765585146322,0.8606604331063362,0.469639175619978
310,0.0028303685902593464,0.4562970205401731,0.010157114771376496,0.24906177347224673,0.9113265516217294,0.42060976374466325
311,0.5383047970316779,0.4760547669211348,0.35007972666970694,0.8885424035408266,0.45184687904505605,0.5050139355834119
312,0.09343074119139798,0.5205462515564238,-0.14344848797175505,0.5224117991306356,0.8426220443533673,0.5250013878257602
313,0.28211507514326506,0.44402738755756377,0.16445683053268867,0.6960302697281215,0.7121713110619494,0.447374177580455
314,-1.2041199826559248,1.2032700902169777,0.24999614401718148,-0.003937007874015724,0.9991906372266997,0.9964767156862746
315,-1.1736030350293254,1.1733634572632758,0.24129502946580808,0.10353838697494341,0.999208151587622,0.9999303767298144
316,0.4150232126972649,0.3800968834578622,0.19684583952025442,0.8915067322712397,0.7716768603899609,0.37255548299117003
317,0.5267364619084645,0.4196707492870625,0.2886251079243049,0.9049431539091737,0.5056590645252953,0.3938859492472824
318,-8.0,-8.0,0.0,0.0,-0.0,0.0
319,0.08384514777325137,0.6041611781034546,0.29518384301998885,0.5345702114545332,0.8188078140364047,0.5838801862061015
320,0.7551354483129536,0.6207266938947674,0.4558101305397966,0.9665152237186864,0.31595215756379014,0.6779581610783393
321,0.2480597350675611,0.49628561702170115,-0.2819714120461097,0.7722165267217936,0.5939464038235334,0.5203906855713505
322,0.4941208863124171,0.338379476080528,-0.014405643878002774,0.9066793569662109,0.6424473926034984,0.3099777238298314
323,0.12356114761261051,0.4816828314141014,0.08342980275959708,0.6097944333465465,0.8139523890113612,0.42543457904082727
324,0.49908375589359466,0.34146534857283756,-0.11528048094681803,0.8916621449260614,0.6486992708578877,0.2578824191100842
325,0.3041282982737663,0.62973733213265,0.053021039084936085,0.8353222916101724,0.5707091992979886,0.7169008074510619
326,0.44445663994404666,0.44474003662713657,-0.03607184533820156,0.8985709039464113,0.6627375205723515,0.4231712363133419
327,0.389928281420475,0.4464160951527127,0.18126199552441255,0.7685443296900145,0.7357044595591717,0.38403318942448583
328,-1.2041199826559248,1.2032700902169777,0.24999614401718148,-0.003937007874015714,0.9991289921562173,0.9964767156862747
329,0.305457642373022,0.359886239192478,-0.04378117837884097,0.809110786162471,0.6469033119371737,0.33690433191438496
330,-1.2041199826559248,1.2032700902169777,0.24999614401718145,-0.003937007874015715,0.9993238938379388,0.9964767156862747
331,0.1942743353158917,0.566247693242724,-0.2144898844931524,0.648428185739245,0.6658103859166313,0.47391610119677335
332,0.35123676719570013,0.5077216568329133,0.12561805202962328,0.8119456847022701,0.7688670621782518,0.5104850074290554
333,0.3553134078312571,0.6100558723240612,0.23415753097392245,0.8553906156582348,0.7949097377970551,0.40196583307067363
334,-8.0,-8.0,0.0,0.0,-0.0,0.0
335,-0.41422818434751973,0.8920316326376816,0.39116898596300037,0.20789882405147525,0.925852919732739,0.9329050209898365
336,0.4019992639772437,0.4358041881407524,0.2966153233003954,0.8304186746541572,0.5595849568295937,0.46193424199090605
337,0.2787649640349253,0.7877087027113545,0.2381093911031468,0.6679556166039499,0.7907863512628492,0.6435761734398022
338,0.5385908712783284,0.38253469822188685,-0.02581123746848344,0.9427783461978104,0.4415697333348724,0.3485657323851224
339,0.43261387581049277,0.4630624997831322,-0.24353942201210327,0.928736575736204,0.460959984794285,0.5321258255555953
340,0.09034848510298892,0.8065764340842371,0.31977701005907067,0.6182522278521098,0.7676354444321003,0.8301365230730745
341,0.10752068420223616,0.4398783126363811,-0.060352074098614004,0.6113368591737638,0.812890834184845,0.4306407928896424
342,0.1628796606132687,0.6157666933525446,0.48678203469714376,0.48982153214248536,0.8020998123941336,0.7597521709658509
343,-8.0,-8.0,0.0,0.0,-0.0,0.0
344,1.0525602661457656,0.28797577604864266,-0.03577874436987052,0.9780396080095674,0.41254527520399425,0.2594022196860457
345,0.29390921029026384,0.6342962654301796,0.2082141935530387,0.8060892398330126,0.7734412787437013,0.6196469453869985
346,0.4655846673596335,0.5431228489922488,0.3039533242880763,0.9099267092862976,0.48198453154378246,0.6866095175105061
347,0.6220220040732427,0.3042120766173558,0.06523417134836271,0.9334333370689244,0.5070037837435455,0.2917038147272553
348,0.4049051716060421,0.3722636638250714,0.06083564415981574,0.8989670672125292,0.6205378080616386,0.3367961074807289
349,-0.9655593552960936,0.9629996332280778,0.32897183015663617,-0.011904761904761871,0.8679213077404427,0.9893465909090913
350,0.5404109066308611,0.3317266816187588,-0.3076816016408449,0.9168515370540279,0.6419609356467131,0.38885664418726174
351,0.41292424593701715,0.4976795578679696,-0.33478689468053136,0.9178134497602021,0.6717155491385394,0.5667467168423339
352,0.6489922613227803,0.42630150167365166,0.27820625870443555,0.9671415097059353,0.6311676469133383,0.4605405624664929
353,-0.7815709626487963,0.7755506535407398,0.4063159950721613,-0.028225806451612934,0.9551110201458531,0.9747427208835344
354,0.6395210123878936,0.36609009910520834,0.23012379435602162,0.968391074194039,0.6316863480366448,0.4703990969250754
355,1.3285520312561232,0.3824153864542304,0.45695940101120347,0.9614217793830967,0.40774292616386953,0.3963001788089461
356,0.060882420147412034,0.8444860772687853,0.24012271665891588,0.586768192950732,0.8186881665381656,0.7817971730690713
357,0.2812916011346392,0.5819906918050464,-0.45723126078193205,0.8502755294156841,0.5674915021980703,0.6934949497160267
358,0.552918561305802,0.28848160596879513,0.029129647984600344,0.9510930289790942,0.5556301350614674,0.2824745308977406
359,0.32224561259514706,0.47739321104558813,-0.09172467170133627,0.7926316124847949,0.7602200770542406,0.49071238973124187
360,0.48220553776559866,0.4156462119922532,0.2166548964069159,0.9509141987316618,0.4623500170655129,0.48159706837388894
361,0.307344969521299,0.6178289460956751,-0.4289623870632792,0.8976185561852094,0.5475099528416005,0.7212505542263753
362,-1.2041199826559248,1.2032700902169777,0.24999614401718148,-0.003937007874015704,0.01402315438726521,0.9964767156862747
363,0.5419343862972508,0.37241375843704816,0.028193446218652843,0.9489986994923698,0.5038422636677287,0.33117467957648605
364,0.053145578488898775,0.4115583970533656,0.016191987921031766,0.5968660167576718,0.8472260088133923,0.3763879043817321
365,0.6380739794249495,0.3315229774375457,0.02735090047151269,0.9716523561208609,0.3737847131443654,0.333582581914669
366,0.4689386725646416,0.37082412581918095,-0.09788912072955037,0.851886570056139,0.7071337759651007,0.28992997669380194
367,0.8551916132182718,0.4231234253147129,0.3667628096444657,0.9835942591273559,0.4795450658607319,0.5049333231744692
368,0.5925320531535401,0.3704813289910512,-0.1003102721447403,0.9133465443358462,0.6438633718368606,0.2518587917548645
369,-0.24000927363567634,0.7988057639738616,0.1555426757253758,0.700203745291523,0.8906783776708653,0.9891076359183122
370,0.1510067818745384,0.6529439593554688,0.3009039827823964,0.5662228368314433,0.7673912515250518,0.712822607865528
371,-0.6834236400768122,0.9830893197212026,0.35363399579227933,0.06387665198237895,0.9621538614924856,0.9733917961608773
372,0.22123805936564866,0.3614271020474874,0.14592534070297325,0.825784773634407,0.8571389630432653,0.359460798088824
373,0.42577308731677294,0.40854051116680656,-0.3515428117393175,0.8432134496278478,0.7240425771318567,0.3824160082289201
374,0.7428729639694025,0.3720817067644022,0.3710949910750471,0.9797583243342143,0.3724489920099749,0.33541987513325167
375,0.6070346993655361,0.3812249214200728,-0.06640687002102484,0.9567727244196371,0.6136202697182405,0.3681264645337743
376,0.18953242000353376,0.46418249328654854,-0.057164944659293226,0.7798906062536015,0.7758661127096629,0.5311942873649939
377,0.2614962679828626,0.46686524550627273,-0.08541290404676338,0.8609117065768992,0.7819855462064969,0.46806767422091333
378,0.28715326462780183,0.32492545769342135,-0.07118380370395201,0.8727981243969649,0.507962189348324,0.2926619904988142
379,0.6071574664342675,0.3438025004150969,-0.2851194353592688,0.9509525163035413,0.5499275582587357,0.40348397265582464
380,0.4804139216776352,0.28247435964180845,-0.2530474045063,0.939138126854779,0.5978980238097268,0.2697108288330017
381,-0.017401345344998438,0.8606309216496636,0.2566180552847244,0.552645753403827,0.805620080785292,0.8171914270601403
382,-0.8546349804879153,0.8503518585725097,0.3736866341406291,-0.019999999999999987,0.9394769772873643,0.9821028386454183
383,0.5834146722658122,0.4353250136013166,0.32967300330540256,0.9481519347948221,0.5176231616318092,0.4331946783620478
384,0.1607245412554893,0.4697685217514174,-0.030537572973459756,0.8201194673245693,0.6478088719404728,0.5837210046456722
385,0.44354461077686475,0.3842612700595977,-0.02212857052883234,0.9231310391509279,0.5744357305157689,0.4162738053136154
386,1.148580012777018,0.37962365900190054,0.36686833313741785,0.9490613916278238,0.5242005444779227,0.3371858342294291
387,0.4926898828988021,0.4365377957277093,0.13765706725493726,0.9353104193162863,0.5206483551277767,0.4811861141887435
388,-0.48054096698481513,0.7789112226581809,0.44939499687443085,0.14533820840950618,0.9223667174698643,0.9214957524271844
389,0.554156373387272,0.4915938448445794,0.16031014226740917,0.9424474868460775,0.7693293446960728,0.5780586998624275
390,-0.9030899869919435,0.8996702747267908,0.353463251695732,-0.0159362549800797,0.9897114413830932,0.9857390873015872
391,-0.056739534614045364,0.49307724387791907,0.04314452200197817,0.3107766556177308,0.8817487064747059,0.45968455483682275
392,0.17125918605115842,0.539644276934413,-0.20074121244041904,0.7562764976144991,0.7937594764572621,0.5653297376015585
393,-0.4200191206224273,0.718635780335205,0.48803318745729557,0.08339324227174699,0.9574928981150337,0.7699632067875463
394,0.5074094330154507,0.5160726247600881,-0.2330064981072207,0.9482368029712955,0.5920475838495759,0.4874204459448721
395,0.18194847091703886,0.5555457145941842,0.13381693018136423,0.6206221792680668,0.7274751627914813,0.6193519326516936
396,1.2705809199937355,0.39318593209703834,0.43092405802568823,0.9672543414357784,0.4185652038985371,0.3653306448492137
397,0.19775998060411454,0.8007444347044623,0.288769473216521,0.6398168672434089,0.7540437231563678,0.7907310304001762
398,0.5097594475146312,0.4266208067384714,-0.14831388925136332,0.9257251740484512,0.6426017556429702,0.3569907887359864
399,-0.9655593552960936,0.9629996332280778,0.32897183015663595,-0.011904761904761915,0.8130439873988473,0.9893465909090909
400,0.5382555653121374,0.44922786815623506,-0.06911343721374692,0.926176872121479,0.589172805302899,0.43618349838199005
401,0.48057273267453754,0.35096163675634606,0.07660127818949314,0.9292101782364701,0.5445521808679292,0.3326383331931829
402,-1.2041199826559248,1.2032700902169777,0.24999614401718148,-0.003937007874015724,0.9990466359282782,0.9964767156862746
403,0.5653398866136945,0.4021842397270737,0.04844557301185832,0.8916778071631802,0.644812377310034,0.366800747404929
404,0.3847957325236667,0.39783090001120236,0.0017682429422364583,0.913283267542601,0.7541652941038298,0.39693096595648997
405,0.4242910521091287,0.41645099175697037,0.15936419039628236,0.933581457175237,0.772732329785473,0.3897639292543497
406,0.40983312455932375,0.5556783137737815,-0.05989408061803829,0.8868656431339389,0.6960533329895634,0.47683639100530734
407,1.0558661659793012,0.7155984901882303,0.47465363202317623,0.9235429683141931,0.6105671864810643,0.8727802607682237
408,0.9652472914700014,0.3826183767406011,0.2986777596570346,0.9788380380782675,0.4163392083177252,0.2803947046345598
409,0.22551599381775475,0.553862857119116,-0.1523068829834148,0.8420053047976566,0.575188670727176,0.6628308142494056
410,0.6207952094134156,0.5429055522233657,0.47144472514674746,0.9383343989852208,0.40915670582522834,0.6865647230495037
411,0.2896036201402868,0.5823903409396058,-0.3405746548391966,0.8992770043704481,0.47800076339466374,0.6274800956203951
412,0.25158667456187384,0.5842194274503261,-0.4507036756888857,0.8411834451134117,0.5161523009557896,0.7155087155333891
413,0.28553486593860533,0.5882096735616978,0.28672287822648856,0.7137677801963872,0.8138444831969234,0.7448538775427853
414,0.5915314272467539,0.5375338989438896,0.46232454070106366,0.9554884122161482,0.4034179259619442,0.6923997923737784
415,0.9635650994218787,0.7542040312580292,0.3965291398141859,0.8896191964203838,0.6675548587646037,0.7137120804589909
416,0.3247651541268919,0.5183997928430766,0.11685275085229302,0.6694901881858915,0.7750097294255915,0.512963777646649
417,-1.2041199826559248,1.2032700902169777,0.24999614401718145,-0.00393700787401571,0.9993748039126711,0.9964767156862747
418,-1.0536049848239342,1.0519018604779784,0.29728323715552174,-0.007905138339920953,0.8210683413009304,0.9929256889763778
419,-8.0,-8.0,0.0,0.0,-0.0,0.0
420,0.12416381046541627,0.4839390746490659,0.012838663406750807,0.770158356784918,0.6941528697998699,0.37976215242232303
421,-1.2041199826559248,1.2032700902169777,0.24999614401718148,-0.003937007874015704,0.01402315438726521,0.9964767156862747
422,-8.0,-8.0,0.0,0.0,-0.0,0.0
423,0.8771261633989288,0.21359800236993404,-0.34854793034708625,0.9703349978853885,0.40849876289604864,0.24132445400434768
424,0.4264962429957453,0.45997349885675876,0.33960970428618387,0.8934026106810511,0.554011540192349,0.5244082540791256
425,0.052846678398198066,0.5725232259751606,0.2766803243353756,0.5932753721554225,0.8587754154253306,0.5619875754421195
426,0.44059108385987783,0.3114616737773019,-0.2235140828767126,0.9091681505468752,0.6391455903035164,0.2915260560494516
427,-8.0,-8.0,0.0,0.0,-0.0,0.0
428,0.6726558612653041,0.4594431134503521,0.5306407025975218,0.9603639143670013,0.33462854037775125,0.5450328040683639
429,0.918809013347674,0.6548416835801603,0.43920011244977325,0.7947139742157369,0.7292628601693308,0.49181824730074
430,0.22057262110816336,0.43478380714717485,0.0979176128160348,0.7579876395883874,0.7155899430271393,0.35679215205566034
431,0.48359067485681323,0.31793940750603195,0.040681053439822125,0.9183357403014474,0.6369298874647182,0.26628042169968547
432,0.3351419681794085,0.5458939479179141,-0.17988799097677802,0.8635751984559802,0.6067670641790052,0.576387989139294
433,0.25046571193196704,0.3570289770923649,0.045683999187878827,0.7927322916392737,0.786723582554734,0.33161094890309634
434,0.3426763029462282,0.4855976933583338,0.095968832857999,0.7691212511249622,0.7707563437745837,0.5364520369919497
435,-0.8546349804879153,0.8503518585725097,0.3736866341406291,-0.020000000000000066,0.9260223912557528,0.9821028386454183
436,0.3255984563996318,0.5510428292816966,0.06223190052109609,0.8933208565759944,0.693404756207761,0.582418675840346
437,-8.0,-8.0,0.0,0.0,-0.0,0.0
438,1.0792549263078723,0.5399543630864723,0.5227822889257694,0.9539691797810664,0.3087484296004512,0.706645002623676
439,1.2702776294234346,0.4065952978365175,0.4311076246663279,0.9419080747655684,0.4112974917312334,0.34403140415162936
440,0.374162739553574,0.3884604388829842,0.16243641506739095,0.8026618636682354,0.6926351083321829,0.3318490522850977
441,-0.029983411503098,0.5016107390862028,-0.027548878272781747,0.18995811665332024,0.9166894302245167,0.46341531696690386
442,-1.2041199826559248,1.2032700902169777,0.24999614401718148,-0.003937007874015735,0.9994043612094387,0.9964767156862746
443,0.5997076060246379,0.328796123930879,0.15357866213625476,0.9507346036463186,0.4236423611926407,0.3042973002481572
444,-1.0536049848239342,1.0519018604779784,0.29728323715552174,-0.005578762576902885,0.9992668819912159,0.992925688976378
445,0.14365944048834198,0.46431495235048864,0.182853215450446,0.625735010905234,0.8375015416175687,0.44632655164400603
446,-1.2041199826559248,1.2032700902169777,0.24999614401718148,-0.003937007874015734,0.9992510087090484,0.9964767156862746
447,0.6417636767349922,0.3401533746609661,0.11157582015274455,0.9628074337712703,0.4702609726294098,0.35139087454565343
448,0.19931329714795265,0.3617523694184502,-0.05511833884346265,0.731071140614909,0.7463412675581677,0.3599958303922561
449,1.2269098996480488,0.34020912722772145,0.4105917089737703,0.9543152947989191,0.29955077735020336,0.36525013436416365
450,0.5502741003266499,0.4254783728358202,0.32566391790574256,0.9484660426051401,0.6200068323028725,0.35234060764473357
451,-0.15566497615189656,0.6278808887386332,0.4742738979744135,0.21126183200417334,0.9019560558242127,0.7305158411847622
452,1.2480943790678314,0.387318558601964,0.43825238880598844,0.9713253063039753,0.28682297897629544,0.3683211193682009
453,0.13604777405135685,0.6509677014429722,0.48187530681713964,0.65987464214453,0.6996961161363572,0.6761493506931334
454,0.6668777209032581,0.3387087457987655,-0.12778532623650976,0.9709999880087774,0.4532170483512497,0.32035694398345665
455,-1.0536049848239342,1.0519018604779784,0.29728323715552174,-0.007905138339920952,0.9363660066197813,0.9929256889763778
456,-1.2041199826559248,1.2032700902169777,0.24999614401718148,-0.003937007874015747,0.9991906372266997,0.9964767156862744
457,-1.2041199826559248,1.2032700902169777,0.24999614401718148,-0.003937007874015744,0.9955449399554168,0.9964767156862744
458,0.17255252997360385,0.6173072763855191,-0.13517385800398576,0.7083190493930511,0.71429117431528,0.568518166084437
459,0.2862273213256567,0.49111079319612333,-0.26267339610146584,0.8166110465211804,0.6567847522509784,0.544004096703808
460,0.2962181574477852,0.6342384379369876,-0.19733563718840247,0.868741175235235,0.5966734744830721,0.5366168296450771
461,0.7294364250921034,0.7588095431707629,0.42504336679087196,0.8911938545575337,0.5744979400720073,0.8315314734187906
462,0.3511130221400686,0.4519549686545315,-0.09806089104465482,0.8671946417095727,0.5872348174053937,0.3220050020769857
463,-8.0,-8.0,0.0,0.0,-0.0,0.0
464,0.14139833124281032,0.5328525822674506,-0.26622907639692556,0.632856709846971,0.8116453794291971,0.5254635760795379
465,-8.0,-8.0,0.0,0.0,-0.0,0.0
466,0.18783180698044266,0.7276365268825087,0.44134634503514514,0.4878588445190635,0.7345011675499515,0.7168820612191277
467,0.9059541579077446,0.30659240592892933,0.030741135606468094,0.9658086196582983,0.41631538154157144,0.2632864373117644
468,0.6590501641235578,0.4154701663976702,0.14153628004578772,0.9640293907482744,0.5182292317944861,0.41290528779292296
469,-0.12343598153843732,0.728145406084347,0.45051273942149356,0.3033841459191018,0.9034723172487756,0.7621301496269249
470,0.15795059463878225,0.47181188139257874,0.01984403425292414,0.6519035797050831,0.8326893119127806,0.4970580584901526
471,0.08408434770784726,0.6771118808228072,-0.17331172399730407,0.4609531340922634,0.8859321994101124,0.509470219848185
472,0.4187525820539247,0.5403321016314226,-0.06078688959988875,0.9165267612809653,0.5367664376409733,0.43560295064116183
473,-1.0536049848239342,1.0519018604779784,0.2972832371555216,-0.007905138339920929,0.9240421051705654,0.992925688976378
474,-0.44486301271698103,0.9228211012655279,0.3731918991983847,-0.034745117930509814,0.9339166044537462,0.9399831497032453
475,0.48169961379090087,0.4108636786269725,0.35995298185033425,0.9084936634577465,0.6290098112795324,0.4114084567759276
476,0.30237922808825807,0.5665127727217422,-0.4661678580336107,0.8575634539282841,0.545609000632935,0.6973349225842725
477,0.07372753626278435,0.6907099181536666,0.22426320056458596,0.37805965195196717,0.9255749122284577,0.5833507081160314
478,0.2182357709320284,0.5478656438989572,-0.4036397576566858,0.7622982787549318,0.7172720437399352,0.5409944148553859
479,0.16867205547354774,0.5601859942597225,0.18227270675196644,0.5871117199137241,0.8230322412507215,0.5837079884956289
480,-8.0,-8.0,0.0,0.0,-0.0,0.0
481,0.1592380728839938,0.6895701068883713,0.3448324891567129,0.7021710819951013,0.851025340393014,0.5063195446905863
482,0.24297571126885703,0.6232538564111272,-0.43458673036941303,0.8015299074026753,0.5437066053489209,0.7100345029984833
483,0.15399612455656242,0.48774450677274284,-0.24629041340290397,0.6158354065408727,0.7603154514599316,0.47486663967853815
484,-8.0,-8.0,0.0,0.0,-0.0,0.0
485,0.20366789559427553,0.6042615057932372,0.140451871657959,0.6644465157198706,0.8186960066707059,0.46677777485856997
486,0.1616070915157937,0.44552885612701765,-0.2270094024709674,0.676953565625053,0.758747815003829,0.43915181712499013
487,-8.0,-8.0,0.0,0.0,-0.0,0.0
488,-0.15115340831607,0.6213926887177543,0.3741412410760895,0.33428269113729314,0.9473722282151771,0.6446600558621529
489,-0.5073053451297717,0.7083826634557641,0.3357771679694773,0.07277123202880281,0.9641213445837682,0.739577101559062
490,0.22604822074839245,0.7187412541708919,0.15304110163116874,0.47226767117609897,0.8603247004192824,0.5572491559916566
491,0.19945352512856185,0.6334223752359287,0.10941712189578304,0.5993238832387198,0.8547328753651959,0.5084851947989842
492,0.3816104425935399,0.4765217747501792,-0.4783252708457827,0.9156472610056643,0.4784045970492396,0.5666971831349744
493,-0.9655593552960936,0.9629996332280778,0.3289718301566362,-0.011904761904761944,0.997321240883118,0.9893465909090914
494,0.3230494036055709,0.533342962725032,-0.4754781972867939,0.8904262627007509,0.5163637028454564,0.6799209502687417
495,0.13983314250167359,0.35958667817006945,0.06446896638170638,0.6854066723388164,0.7912781878122704,0.3530034724117111
496,0.2180850964837043,0.5423709996372071,-0.3834636310774227,0.6958341634190363,0.6413848206504614,0.5720525210027279
497,-0.8546349804879153,0.8503518585725097,0.3736866341406291,-0.019999999999999973,0.9982368555900971,0.9821028386454185
498,0.2374118270905199,0.6057612560291776,-0.21036895889366308,0.7161677089636275,0.7198063836022368,0.5540311140158968
499,0.21689425880412838,0.6732742336236606,0.1281302615330967,0.5680213878344614,0.8532869831828611,0.5248061477543428
500,-0.9655593552960936,0.9629996332280778,0.3289718301566363,-0.011904761904761972,0.9929918487696524,0.9893465909090914
501,0.2631199182082679,0.42761431599639455,-0.07735112875860127,0.8490833299576981,0.6011427879052358,0.3815290302716703
502,0.40348962870039407,0.47478274670883236,-0.2603267859069953,0.9045202777891437,0.6511736122730716,0.46177889302538666
503,-1.2041199826559248,1.2032700902169777,0.24999614401718148,-0.003937007874015705,0.9991407653099177,0.9964767156862747
504,0.16358398471780722,0.5738313436304708,-0.3400975404090356,0.6496974964023375,0.6411788394687608,0.588095410270063
505,0.39290990909020423,0.47379171751970417,-0.26771037843749057,0.9226087195050952,0.5422110142481813,0.519795338312473
506,0.12057892901538479,0.48959854883424153,0.04338758154776539,0.5672972272801887,0.7939234548134719,0.44476380125778003
507,0.3203004952268995,0.6265580579752902,0.23873556690573391,0.6074368471942874,0.7906576002015933,0.5769582130971534
508,0.1116689773173624,0.4320710274288422,-0.029384596976476805,0.654300050176598,0.8143583768056402,0.38924450774030595
509,0.1847229852593329,0.4437988110388077,-0.07275331407514193,0.6615302241749693,0.6904416844063151,0.4629540314049153
510,0.26969289854499345,0.6010335753028815,-0.292144721266598,0.820923498163887,0.5473986052392762,0.6070267467139766
511,0.41342035990026266,0.43625127226163674,0.2357464577714901,0.8987818987026666,0.6314479939550818,0.38073664007915764
512,0.22528976190443828,0.5923381969384688,-0.007385922927551268,0.7502829306637586,0.714071231512762,0.44005913143408515
513,0.22126709991082175,0.5479766610420312,0.09558087608882732,0.6411045671019137,0.8295458682287521,0.6053277462233443
514,-0.023091494888063606,0.6244303760952076,0.4782571032651585,0.4250741804105295,0.7897815226219611,0.7313823114171633
515,0.2833376859001256,0.5692491108650742,0.06099718599358496,0.7113551935992308,0.7516933764960072,0.44334118933750827
516,0.09461028546778508,0.6029914319439111,-0.32562363552349727,0.5218523791745243,0.9070366275993734,0.5599132444641078
517,0.3009101198894185,0.4520640381506293,0.04329000995587724,0.8054249591703385,0.8835671923030097,0.3636100671131592
518,0.15829366364534062,0.4789025060899192,0.21812140172136052,0.6626739290971899,0.8093067388145934,0.4025531134109827
519,-1.8459313906845405,0.9560854488076341,-0.352936355458809,0.9937528046060733,0.009009127655194954,0.9780902609628788
520,-1.2041199826559248,1.2032700902169777,0.2499961440171815,-0.003937007874015749,0.9992274832368325,0.9964767156862744
521,0.4429352670777194,0.5891704595982563,0.37115710446257744,0.7830445919773676,0.5904341082856526,0.589658677688384
522,0.2682858577360529,0.4908642970821689,0.35813804123802034,0.7936077316575169,0.8149102043243197,0.49945094946134266
523,0.3101158208915926,0.44541358630494127,-0.16945233037829133,0.8483138315477078,0.7075834701142678,0.4148524990612287
524,0.5437504522628211,0.5162339388055253,0.06634439147805374,0.8563801460621236,0.6094445243812944,0.4541059572667805
525,-0.05433370297376675,0.7164175401685533,0.3093305200839128,0.4385696869370563,0.8832311371638994,0.6642898181734916
526,0.26466284498578724,0.6749919889800501,0.19305793630622753,0.5827424766965921,0.8205270863320402,0.5735735690239482
527,0.5410354955357306,0.35080397660267976,-0.03935321277909892,0.9440735027302379,0.5709271403338585,0.3316772605236694
528,0.3126865627024888,0.5201808882269205,0.14837209211255292,0.7685374433729947,0.7216067385425374,0.4053296548187289
529,-8.0,-8.0,0.0,0.0,-0.0,0.0
530,0.22725772043720724,0.5142450481018218,-0.13636736234254204,0.6473285009616463,0.809610921858987,0.5303886479926553
531,0.19211624273482447,0.6534672289359137,-0.24282431250181566,0.6991963495588714,0.6788562299842685,0.6019070082682935
532,0.14506881176736303,0.42623269638863603,0.03528345386043927,0.6550905900377184,0.7840047621214002,0.41674914087248804
533,0.3200389827166129,0.3667786418114382,-0.18516917516026307,0.8663612208544827,0.7443972999980653,0.34384206106084236
534,-8.0,-8.0,0.0,0.0,-0.0,0.0
535,0.08061716271595065,0.642103713556361,-0.15871153725463527,0.5354134058354744,0.7421869906695443,0.46645793826007276
536,0.2305213172341012,0.6728665244088707,0.30867079740997816,0.6473133066930894,0.8144204566938561,0.7698523150991082
537,0.12567087176949782,0.6307441278016741,-0.29022869115407646,0.4710415893853015,0.8425695562221571,0.5815137895303106
538,0.8995625360786111,0.5189728448572649,0.5308985780223324,0.9126336994930404,0.39729832550691596,0.5676443372845218
539,-1.0536049848239342,1.0519018604779784,0.29728323715552146,-0.007905138339920912,0.9514373399182647,0.992925688976378
540,0.10936493496245603,0.44345196042973967,-0.24517755154008872,0.5777841988404401,0.7766286389150521,0.4616010003014443
541,-0.9655593552960936,0.9629996332280778,0.32897183015663617,0.3253968253968252,0.9232832356865833,0.9893465909090912
542,0.234123451446891,0.4366599014674732,0.18168712553844946,0.8260187942290956,0.8172585748370103,0.4214231866620331
543,0.2880303413242845,0.5132998144257893,-0.39897263169919345,0.8363142503946365,0.7056777109394509,0.601110600744019
544,0.29775341432696184,0.36109897768742627,-0.1508453392452956,0.8321173494196326,0.756468103652411,0.3646392996792828
545,0.3915384879327623,0.6795880434563725,0.3460456585378254,0.6827803439791554,0.8353574241356511,0.6505352081277815
546,0.6695517171538058,0.33510307002535367,0.033461426156802705,0.9387221494695104,0.5280386001186881,0.311867171683356
547,-8.0,-8.0,0.0,0.0,-0.0,0.0
548,0.06464197739812372,0.4828114467053024,0.07147419755742673,0.42737290100848396,0.8639145235420979,0.44307682534192516
549,0.22413635004928256,0.4940906032620918,0.13275457768380106,0.7719381307430266,0.8449854712933619,0.3929340783331503
550,0.3941978858755462,0.4798362481958542,-0.18804302218933894,0.8864304762991471,0.5869532458230803,0.47469316940546114
551,0.23831157892506938,0.6022229330992619,-0.07856331118026809,0.7816444824236849,0.6805677250253807,0.5132702689493385
552,0.11114330429350987,0.7435877992945781,0.29151291610331337,0.624434511119265,0.8108986556222753,0.7228673517490533
553,-8.0,-8.0,0.0,0.0,-0.0,0.0
554,0.3399787741078352,0.703715646556487,0.3426763832211324,0.7658494203435441,0.672328706266185,0.5973106380675705
555,0.16500958123924891,0.5191830795134527,-0.10761659592842344,0.6427528709041339,0.8771110425334772,0.4441286444611262
556,0.2989594989123432,0.3784798011338717,-0.1793710588295192,0.8100640213352263,0.8288143365090026,0.34973659782114086
557,0.044538900542843526,0.4518374682639061,-0.04266238126299259,0.33404441807165086,0.9445481598661046,0.43099652756893286
558,0.21927686904535476,0.5686638971091396,0.013653671193677074,0.5716004136981757,0.8136212124927459,0.5476678923974229
559,0.31700787437325406,0.34647074368446595,-0.0124919998467861,0.8123299503297146,0.8207596390176812,0.3655551737511889
560,0.2174455655501303,0.555480137443632,0.20761639587099398,0.6853247431114889,0.8864325028328279,0.5025494057749144
561,-0.6645293596321123,0.9641793146007505,0.3647976838580518,0.05236486486486486,0.9559254977345151,0.9697699360699865
562,0.011441057731824177,0.6793165738769086,0.307737666364144,0.4148436093073611,0.8841698384620876,0.6247706144223286
563,-8.0,-8.0,0.0,0.0,-0.0,0.0
564,0.20427468444151875,0.44339145951469394,0.13840487915805844,0.7345667104332919,0.7610286497871473,0.40869246934860914
565,0.17933091835596138,0.43874962901209175,-0.026131394325136247,0.7430647252949376,0.6778489530570366,0.4762393513776079
566,0.013107129717867419,0.6226491478074776,0.26978149519282646,0.5285625689225288,0.9052211080139754,0.6077353752306318
567,-0.41422818434751973,0.7113817961985348,0.47190472426505203,0.11723978767597537,0.9393438537347942,0.828125
568,0.2661627177104314,0.45133116438750553,-0.06916104309925561,0.6339517446846983,0.80255788062588,0.39432142195539643
569,0.347090642501677,0.5773547955940476,0.35326176243865304,0.7578958765364058,0.8298224363875398,0.5242210790294217
570,0.37384123021499743,0.5086846403397406,-0.2305393601967098,0.8734180312433913,0.6039877633745137,0.5086648867808837
571,0.6519545697042967,0.5446392088437599,0.4099257896108114,0.8361941004924831,0.5335311206572655,0.4789294672059227
572,0.6383990104437484,0.5311124408308264,0.345316237131678,0.8439322295797937,0.5079524198087435,0.4524563462375
573,0.020570250149475635,0.9313494442169041,0.2618377735240213,0.4074113676297767,0.8406332653688652,0.8234661234462951
574,0.19816925311056402,0.7102577776270388,0.2925909679732397,0.6298289694201828,0.7963992260051722,0.67657352154026
575,-1.2041199826559248,1.2032700902169777,0.24999614401718148,-0.003937007874015716,0.9993238938379384,0.9964767156862746
576,0.18312195314912674,0.39397101595650297,0.0021291653171760625,0.6403222553028103,0.9344979119562677,0.3868330410308712
577,-1.2041199826559248,1.2032700902169777,0.24999614401718148,-0.0039370078740157315,0.9991033734792842,0.9964767156862746
578,0.2581520084324849,0.510778223156153,0.17873307168410968,0.7771005551018683,0.7113930686518382,0.4015400201455318
579,0.6216617011491573,0.32753481840969767,0.10754784946804379,0.9469923987218288,0.5669589224831868,0.2983133947328551
580,-0.9030899869919435,0.8996702747267908,0.353463251695732,-0.013773791097276972,0.9416331012839746,0.985739087301587
581,-8.0,-8.0,0.0,0.0,-0.0,0.0
582,-0.7269987279362623,0.7192272219101704,0.43242211334710534,0.07859078590785908,0.978555395565442,0.9672634109311741
583,0.504022582887809,0.6626011223110531,0.4069418569259876,0.8729400035203897,0.5913130729891038,0.5790358278088175
584,0.15309358864776043,0.6671002276596254,-0.093554796420449,0.6604702906847361,0.7363662567871212,0.5573915295837154
585,0.4408181205769275,0.4575784062117148,-0.13377614941485091,0.8902174993271674,0.5799608708002416,0.30440371286113327
586,0.17698891385647478,0.48653875259995955,0.04368687538988565,0.7215315787587399,0.8496992815413489,0.45727752935263755
587,0.25321347975742703,0.757847980992858,0.143162940329188,0.50520251644957,0.7954971917676893,0.6648109346707811
588,-0.6645293596321123,0.9641793146007505,0.3647976838580519,-0.033783783783783834,0.955279812426917,0.9697699360699865
589,0.17386962918327095,0.6155354447686892,-0.3537655933499318,0.7105066398682538,0.6629576331010631,0.6456699081112671
590,0.10851715083234348,0.4857315981426669,-0.009757534298221767,0.5254918266179537,0.9274808330469148,0.4287201866685458
591,0.1811183513614822,0.6262429992970969,0.20060956997769272,0.585963989374522,0.7878610269039639,0.5892351164448004
592,0.21371962706349645,0.5902488183170869,-0.2614179512016024,0.7004756716688914,0.794159363566979,0.5522455893434218
593,0.1756594405017657,0.6407396758636803,-0.2806738941491213,0.6479916718955374,0.7840554024871272,0.6478097410440495
594,0.2157582352079796,0.50053317065582,0.3235155979138208,0.7385735849762642,0.7413901506870657,0.47103538892334973
595,-8.0,-8.0,0.0,0.0,-0.0,0.0
596,0.5135933093537847,0.4823424784841116,-0.0638333679405239,0.9279715057213219,0.6246551059922248,0.31688243220386964
597,0.180569942294038,0.4968587557844744,-0.07956750588345136,0.5153424722286035,0.8746770681155953,0.4645920139195625
598,0.60092002237728,0.32768040017039723,0.013171310212664863,0.9415994159679443,0.5587954642016502,0.3289103845679761
599,0.09025874644878824,0.4429647978570119,0.07317278653055918,0.5340572572185488,0.8944887162336782,0.4363500899558244
600,-8.0,-8.0,0.0,0.0,-0.0,0.0
601,0.41469277010588906,0.5021272282016487,-0.14192366308088514,0.9082437045749014,0.5528875311085943,0.49534153963036703
602,0.11889757188633225,0.38044042353580587,-0.0018797063607766534,0.5727587949850087,0.8891696234776351,0.3817840568278694
603,0.3570970915959499,0.6251818115914569,0.35323665479058575,0.7653911520097351,0.7113160074955205,0.5948949349211184
604,0.0712089303320122,0.6814072352753224,-0.2587914545652329,0.458609748562183,0.9241936835095288,0.5606887585846858
605,-0.5051499783199059,0.8034947994105751,0.4333859617555285,0.054600606673407485,0.9792864679014983,0.9335104988253062
606,-8.0,-8.0,0.0,0.0,-0.0,0.0
607,0.09658537672535793,0.900429592062309,0.3330328932742304,0.5480946751766125,0.8227176907555288,0.9583788579229562
608,0.20845544435332258,0.5669626490786033,0.049133728213447865,0.5642184954458418,0.8783060459095596,0.5177861677084912
609,-1.2041199826559248,1.2032700902169777,0.2499961440171815,-0.003937007874015729,0.9991748798680459,0.9964767156862746
610,-0.5888955219667878,0.8885391542946242,0.4122608843194758,0.1934306569343061,0.9566261333048082,0.9510180669978194
611,-0.47292098370644675,0.770041723867686,0.4355939768989149,0.16402914122221174,0.9139123938894291,0.9310698422770121
612,-8.0,-8.0,0.0,0.0,-0.0,0.0
613,0.1513593461380986,0.5935280533255858,0.19801468334919262,0.5998484521737371,0.7856871663779743,0.49261016737374486
614,0.4698209901922817,0.4277919620563271,-0.006391686510353453,0.9324228803914928,0.6530290661469996,0.4408804868546161
615,-0.25534440714043716,1.0988332855960863,0.2606124226537826,0.7988380388533615,0.9848223927057651,0.9999732752326905
616,0.38249471383861017,0.7649166874693085,0.21517276031174648,0.6387714936610712,0.7695760636417157,0.5609087105470696
617,0.1824214640250515,0.43863738643448913,0.09983450777022954,0.690570464625287,0.8247825451437147,0.4571141385369112
618,0.25086637756843144,0.4147475630065964,-0.14363005873829324,0.7701026697876451,0.78193836695816,0.40327802897957626
619,0.5489554897513844,0.45363313839012326,0.21688063228874258,0.9557207431789635,0.5023717075023313,0.3864856036193915
620,0.2358562970416405,0.7402903014483009,0.30782295768900947,0.5712294510853668,0.8545114294378586,0.68429881001721
621,0.2735255039703069,0.42807279287807704,-0.012051297868267542,0.7973497810212234,0.779702896602182,0.4425792298534377
622,0.7562361482918473,0.5723313619550461,0.46803747215173774,0.8971788518834262,0.4616556034002744,0.6417252841593436
623,0.5954944173857288,0.48270895959467525,0.06288048365123756,0.9508855522901549,0.5236004722294547,0.39363809709222475
624,-0.32618255481967906,0.8077021650175968,0.4329671904369991,0.1804659739086574,0.9515270103774571,0.7228901406654634
625,0.2668190004373048,0.5014116744605018,0.19780326739857407,0.8014457126503824,0.6958271518950043,0.4900085000553416
626,0.3144344036954374,0.5415849597038926,0.10708328009597996,0.62826398618325,0.7538033638756411,0.5524267273000077
627,0.3298165750508339,0.5313282934725556,-0.025714461833902583,0.829826604668247,0.758275979939516,0.6036723650744199
628,0.6739069353513778,0.6097549269640352,0.4606008861509025,0.8822733695874678,0.5565051286991968,0.6398446106265716
629,0.3764741986173451,0.5120965673255674,0.2545165887287921,0.6751496663946497,0.7974879704229011,0.5163871060234131
630,-0.815044357464103,0.8098943791441969,0.3910417185252598,-0.024096385542168485,0.9770481427191814,0.9784375
631,-0.5647431821795103,0.5479973725286374,0.5183945084230707,-0.019891888906922683,0.957889618642887,0.9279733649789029
632,-0.5764837301042718,0.8761372331451357,0.4203963551053776,-0.056865109174901354,0.9572751176044054,0.9471507352941176
633,-0.3044497079291339,0.5956489354711559,0.4976571514364585,0.00620669745958425,0.9397307261377051,0.7061104650118543
634,-0.9655593552960936,0.9629996332280778,0.328971830156636,-0.011904761904761908,0.8475385039779426,0.9893465909090909
635,-0.31869397683485273,0.6151938098006317,0.507298571293628,0.1443385299425397,0.936992126667305,0.5544400593857475
636,0.20791458723866105,0.538038456424904,0.24364825255668532,0.6521401326764931,0.7593698064140769,0.5676730329544735
637,-0.028028723600243537,1.1752161091720421,0.25213839400384863,0.01842303147491686,0.9947074271516226,0.9756321718022795
638,-0.37274106681513774,0.6686861429234453,0.4834572537389673,0.18723758090902773,0.9465690771115397,0.7350615805265196
639,0.19749399985243174,0.628859391660736,-0.09638346083941211,0.7326444125563089,0.7359890606697332,0.5399436210629012
640,0.9716242885573017,0.4146840749172128,0.23375996910418723,0.8828842053871073,0.5168579158170293,0.3578963259459619
641,-0.7041199826559248,1.0038082459403321,0.3417726854065419,0.0768302493966209,0.9431265434571084,0.9769631410256411
642,0.17364569842983854,0.6476207734538443,-0.0028344089755714267,0.6157536715395947,0.7509824807478772,0.5154769520277808
643,0.24117899858046055,0.4183765962771543,0.21983647825646888,0.7546440708903798,0.7707454829349587,0.39452279667522583
644,0.22898987378902974,0.5354808646243262,-0.07632053758259126,0.8022325098695705,0.6326323772083812,0.5092165786080807
645,0.12512250328211239,0.41800561230854755,0.11272761774674829,0.6294505785439425,0.9419893035380144,0.4030486692667453
646,-1.0536049848239342,1.0519018604779784,0.2972832371555218,-0.007905138339920958,0.9244928410910976,0.9929256889763778
647,0.34710564935481253,0.49033700569399247,0.10410990787568325,0.8121643910855161,0.6617271085380465,0.4731543713633917
648,0.3947958640085267,0.6098998395320604,0.39930456871126235,0.4914328621308038,0.8212256819042298,0.5526617784291048
649,0.7460635816723103,0.5965097003285598,0.40321184568947893,0.6942173517209564,0.8262120757818163,0.4964647327650907
650,0.15475371120300388,0.3876804528995871,0.0011512523533881028,0.7078166537818761,0.8932342729359307,0.3525109151420432
651,0.21413803336880172,0.6119682558231686,-0.3299891580607064,0.8053307347667061,0.6749182375311539,0.584836500566092
652,0.839059529547086,0.6622003267337254,0.45629527679301574,0.9055877222898734,0.4820503445623143,0.6420192946524934
653,0.14770600241086634,0.4363534234482711,-0.17144472488113738,0.6652502933393192,0.7444236522773663,0.43112574514083646
654,-1.2041199826559248,1.2032700902169777,0.24999614401718145,-0.0039370078740157115,0.9994098487263107,0.9964767156862747
655,-0.044046839600397764,0.5123738413456161,0.4953897548637598,0.21175257909078465,0.9238502632608028,0.6708002696814719
656,0.5317922545126804,0.4323940274292285,-0.11788942190508171,0.9350385315581594,0.5969503703056485,0.32438604791630404
657,-1.0536049848239342,1.0519018604779784,0.29728323715552146,-0.007905138339920905,0.9291856813803777,0.992925688976378
658,-0.31869397683485273,0.7991481405364376,0.43944460049441947,0.09564688841850376,0.946752930198301,0.7464193936250473
659,0.38456058731731724,0.552826372188192,0.2455631746621659,0.8371655486570306,0.6770914940037174,0.49033105543453026
660,0.536001894756879,0.4266778411354778,0.15652465012658082,0.9468367921288219,0.48309648821808493,0.3583780000977887
661,1.058722099971535,0.49243814513241824,0.5089236528004794,0.9500014398024629,0.44130343878752115,0.4868473481550089
662,-1.0536049848239342,1.0519018604779784,0.2972832371555216,-0.007905138339920995,0.9991329834519245,0.992925688976378
663,-0.5888955219667878,0.8885391542946242,0.41226088431947583,0.07508630499279602,0.9390882240123076,0.9510180669978192
664,0.1314664387016168,0.7617363642082646,0.36352198569628874,0.41493211195125135,0.925215132947391,0.5353476010777161
665,0.11730852160433444,0.731798462628156,0.2725239584486434,0.6027555541274224,0.7851761287279162,0.7700371268679335
666,0.6615308191211892,0.3561343857736414,0.05299459576134666,0.9258173610090368,0.5898466059936782,0.3303782347811942
667,0.17905011300720883,0.5742154952746494,0.270600218258254,0.6896522207594212,0.8519313650181204,0.42808141929505034
668,0.2958495155554625,0.6405579849218376,-0.35177846018007697,0.8318075165648809,0.6438994493895668,0.6315745164534085
669,-0.07769346716597819,0.7923445874827858,0.4053434020447426,0.09923832652610652,0.9207168917178897,0.6929452577921187
670,0.3933488820632212,0.52148967547434,-0.178144606997912,0.9009516938130605,0.6165841944002917,0.4746093159830254
671,0.20076574131248617,0.6136139023836755,-0.348096421400074,0.7527899300456321,0.6347796029005806,0.5720933111242184
672,1.2294783419856299,0.4744194258145127,0.01135155792376658,0.8843309040976348,0.5233882462802008,0.46752592995456005
673,0.3140550183346051,0.5697958924146285,-0.31571008055622046,0.8581016692311025,0.6807782984249742,0.6612770497294719
674,-1.2041199826559248,1.2032700902169777,0.24999614401718148,-0.003937007874015718,0.9994250084723755,0.9964767156862746
675,0.9557254606905522,0.5725108597588028,0.28924342849797263,0.9054681556196008,0.4645439723873288,0.41670668971840197
676,-0.18342364007681225,0.6728737126189711,0.46877206393207166,0.16190340097170638,0.9523349362506276,0.507800653904473
677,-1.2041199826559248,1.2032700902169777,0.2499961440171815,-0.003937007874015745,0.9779089429337907,0.9964767156862744
678,0.2561907822308178,0.46091091012421614,0.0016444244865319955,0.7872135158442143,0.80552040123538,0.520424832290369
679,0.25127662610388724,0.475662068269971,0.16471142998829774,0.7627463440853776,0.6696140227541423,0.4231983120447188
680,0.045301663795290104,0.4616305992781154,0.03219471205052623,0.43718713765791345,0.7811094221492946,0.4503646227721581
681,-0.6310559648168058,0.6188436651510967,0.481895687437192,0.017486662714878483,0.941115923692211,0.9480242768595042
682,0.1186409880472711,0.3530597541622463,-0.13059657154772097,0.6649510394427443,0.8923909973915513,0.366430850254302
683,0.08475972858049644,0.4585757634817848,0.10344721808831409,0.5466523430259206,0.9309764244113664,0.38857447357154035
684,0.1392664256309947,0.6248533866025543,0.25968594508640297,0.5690290623054594,0.831876757527409,0.6435913759743717
685,0.6280306572013101,0.34471998938177334,-0.0456378903855189,0.9521301840483353,0.6089401977956459,0.3249187314548503
686,0.20335633831444977,0.6831014798491054,-0.28844658004669266,0.7649377425121104,0.6465220179337108,0.66837976856183
687,-1.0536049848239342,1.0519018604779784,0.2972832371555216,-0.007905138339920997,0.9993781108163385,0.992925688976378
688,-0.34611831083852523,0.8296832330957522,0.41768621818526264,0.20666669430071002,0.9482439241111912,0.6840280784551437
689,0.06272256516426088,0.498409669673456,0.020565844824916843,0.49511555137967456,0.9395067745339302,0.41496324047981004
690,-8.0,-8.0,0.0,0.0,-0.0,0.0
691,0.1427815632679084,0.7259617549513503,-0.11727304224175887,0.6225621258750798,0.7586073218673666,0.6220741626560896
692,0.2563277430993469,0.5562005403470084,-0.1519969001401128,0.8084509241319205,0.6783667107586744,0.5077021371401019
693,0.21878353456514357,0.670402708024626,0.22960768177104782,0.5952110643804819,0.8596984138716854,0.5894464956592663
694,-1.2041199826559248,1.2032700902169777,0.24999614401718148,-0.003937007874015735,0.9994043612094387,0.9964767156862746
695,0.17856138554030734,0.44361336205379903,0.18016268569433672,0.6554981284182446,0.8256783953951679,0.40486316548396695
696,-0.9030899869919435,0.8996702747267908,0.353463251695732,-0.015936254980079747,0.9657010982308379,0.9857390873015868
697,-8.0,-8.0,0.0,0.0,-0.0,0.0
698,0.12128932936076053,0.8960941877410776,0.27833406766826563,0.5668993128910984,0.8594980283313826,0.8053376935469264
699,-0.2943480148849904,0.7770035252518636,0.4470789307690098,0.11437162588330925,0.9526617269718916,0.6597600896082245
700,-8.0,-8.0,0.0,0.0,-0.0,0.0
701,0.7252388247742211,0.5659378742211746,0.38503525131489635,0.6276737902355787,0.8433763733214306,0.47449905648368784
702,0.3321982156624567,0.532091294014199,-0.1170527432099311,0.8770092723912483,0.5808283545731734,0.5494494352584883
703,0.6401025097754085,0.43028809217138675,0.07541843396583897,0.9400446926572874,0.5585554960089902,0.3371443968079856
704,0.011094023926911625,0.47812238929150513,0.14887191960733012,0.3496048168691325,0.8835830132160508,0.43148720796633777
705,0.7261897621770506,0.44926155275483,-0.07681903007891662,0.8071559473372473,0.7525465898786459,0.4867650525129844
706,0.2230198095772165,0.44144932525807384,0.011356696429321666,0.7709323607300255,0.7035258564030635,0.35428645862666797
707,0.09760449212360679,0.8622619767004062,0.3215197319425738,0.47927957042062175,0.8606321440307183,0.8415570042949079
708,0.08416621208259999,0.4179109466389778,0.04060246690914727,0.518117378061352,0.8649322304853752,0.42820245865559
709,0.17678117915126845,0.5642394145540448,-0.33828962377553234,0.7754538319293669,0.572312129242619,0.6071209594603383
710,0.03677287275273081,0.8118476747838933,0.32319039839438224,0.5971355886194724,0.8078430317613368,0.8963476235903555
711,0.41510774656642685,0.5485966211212584,-0.1492659272067891,0.8779440874037434,0.5733230989417889,0.5013670849202163
712,-0.7269987279362623,0.7192272219101704,0.43242211334710556,0.07859078590785917,0.9361015551539179,0.9672634109311741
713,-0.9030899869919435,0.8996702747267908,0.353463251695732,-0.013773791097276939,0.9461260480121908,0.9857390873015872
714,0.48988216670587886,0.45073682979220636,-0.2081858187104798,0.9305758489840569,0.641422304772995,0.4466183824099032
715,0.20794293430234967,0.5900645032759455,0.4549428785179278,0.5389262309393957,0.8476442556722728,0.6147109753013861
716,0.2897826512903781,0.6277850674801252,-0.3260645602889186,0.821638079017594,0.6463044802320413,0.6316462785540522
717,0.9944936078656557,0.43902777113201275,0.4170741790791643,0.8561701832672,0.5123500196977036,0.45877129651834
718,0.099817865532335,0.4835319567002054,0.11501258380008793,0.6098920001748077,0.8117460841689074,0.43082878565282223
719,-8.0,-8.0,0.0,0.0,-0.0,0.0
720,0.24297117298449153,0.45643873529553325,0.07044976370764267,0.7853575995297205,0.7663885526564992,0.42724162468412924
721,0.04077752889111765,0.39388385110656343,0.12082233900365101,0.4536985534633421,0.9441911701723105,0.39615940253482573
722,0.26694081725414454,0.5853048307657382,-0.37820201242172446,0.789413286468498,0.6295905620454866,0.6228924097961013
723,0.2070998811065648,0.5971799743800207,-0.3594606432900028,0.7598286261397372,0.6881369673698521,0.6477542737301804
724,1.0821880471897012,0.4802243548714048,0.44393761243158536,0.8682549235430888,0.5625660188032042,0.5528058291362662
725,0.5757049355766088,0.4535381426570421,0.10809577053738455,0.9544543899848924,0.6279649079605042,0.3599526621285387
726,0.2735252192486133,0.5007674144617754,-0.15517626059704015,0.8375384499854562,0.6912437275370915,0.5482272348548668
727,0.0738086763309071,0.9645246149193357,0.318269561961005,0.6740364438000115,0.837495976861445,0.9893255421845983
728,0.4462831517607187,0.47528983269224884,-0.2220637199703351,0.9082748645979679,0.6893548679769396,0.5002554100077555
729,0.3519127240078762,0.48590618910717615,-0.2616768978840534,0.86442510456418,0.7420275407520371,0.5158676392899536
730,0.33871809744240783,0.564574442920288,-0.25047774736337247,0.8761070629791582,0.6604058487577514,0.5637560171264904
731,-8.0,-8.0,0.0,0.0,-0.0,0.0
732,-0.297663304334497,0.7782870513752363,0.41886048070137444,0.16573854935263826,0.9397800510549728,0.7053115904996188
733,1.0741880396853445,0.48780156492217136,0.43524896671080116,0.8415171152563715,0.6212622993679113,0.5246491525390035
734,0.31594366031461907,0.5718430260802311,0.1245417041978721,0.7175633481856276,0.7787267917874986,0.42470688655990113
735,0.19093584032220895,0.6025762415499096,-0.4152043847110637,0.7642656430576462,0.665910989277797,0.702993158342428
736,0.22129175724023675,0.3708745377245149,-0.042792291149793764,0.7075221248216828,0.9026454175787494,0.3732653665679393
737,1.0029743952562356,0.4825259884227796,0.3428511879009179,0.9087340602959226,0.44273480363581685,0.4596509820436469
738,0.3553587178650167,0.4982813313977495,-0.1552495719991342,0.904679464890841,0.5290202255538512,0.4755328604869726
739,0.26183300143239224,0.5115854094814245,-0.006755428993744007,0.7980467531743931,0.6449061458069029,0.5669378265113718
740,0.21290614801671626,0.515090668940677,0.026543317916718417,0.5888646719737338,0.8357878422566631,0.4557698605805199
741,-1.2041199826559248,1.2032700902169777,0.24999614401718148,-0.003937007874015726,0.9990144774855492,0.9964767156862746
742,-0.6834236400768122,0.6738866996031537,0.4543414455150834,0.04992548435171389,0.9432184298900683,0.9596619897959185
743,0.5361233955125403,0.41562169543553584,-0.01488437372221137,0.94565246083049,0.6360024890983144,0.47710562824173147
744,0.21477310988503487,0.5047097204030008,-0.10992253370921277,0.8112750049591376,0.5936539658439685,0.5345760798966204
745,0.1577621402354711,0.7436787507713161,0.29401798609316515,0.6078432213998277,0.8495550441996972,0.6695229394002881
746,0.3161010374971208,0.6091803687771837,-0.1078618499356922,0.8487876388175233,0.5763559067446464,0.5537502654564405
747,0.1812924161422694,0.593108033062423,0.15601272954309275,0.54802277762475,0.8374807257986854,0.5841659432112584
748,0.223336528498003,0.5781502655469699,0.45182194580985013,0.39759055584736275,0.8772804907404124,0.5640141838457436
749,0.08985839073374087,0.5000782004917133,0.12314511373046172,0.591696518908574,0.9483602100298276,0.4912666204446898
750,0.4197262088012897,0.4895821778595705,-0.11671364138314663,0.8981587146938365,0.5924766298209617,0.46066818259834574
751,0.7109962550316064,0.33406204753398766,-0.05742215976476107,0.9535963945438117,0.5048560894708066,0.29636354717106106
752,0.10789124293324072,0.4210014489483951,-0.1511412118486747,0.6090055839521568,0.9235383496162274,0.4085135291969551
753,0.48470247239623904,0.4654220051121449,-0.13377186637622598,0.9275250077601084,0.68243493278006,0.4339075386967835
754,-8.0,-8.0,0.0,0.0,-0.0,0.0
755,-8.0,-8.0,0.0,0.0,-0.0,0.0
756,0.7504975190282289,0.5975701673233925,0.4545590044237634,0.7799213064552653,0.7770582018428402,0.6131249953924184
757,0.5992535800682725,0.403407808009495,0.03136787561692896,0.9460296991974892,0.6194911529388243,0.4668016964710094
758,0.19573120080098244,0.5899028999932149,-0.15826813087895492,0.8295417198988834,0.641637374784149,0.5762282069773513
759,0.10611623685055192,0.7738380826649687,0.31103300949732576,0.6729773915783414,0.8352472137615728,0.7154522102749871
760,-0.4200191206224273,0.7171547811160743,0.46840888491161087,0.09723861222563156,0.9547764867150292,0.8529669324991185
761,-0.35033489460695655,0.827294693569444,0.4008518697158556,-0.027190332326284008,0.9692307032450731,0.918241962271246
762,0.29343485901096206,0.48450807785287225,0.2271170723591933,0.8167867786049068,0.8703114816699514,0.4271266654850585
763,0.21817074238626985,0.5591544089249549,-0.3153071144844343,0.7635586086765934,0.5905110941411527,0.6378875045665815
764,0.21934869965293755,0.5590931086759651,-0.16003447972554288,0.584071262321358,0.8765384706608355,0.508265495648037
765,0.17747896717436615,0.4704314908143887,0.33945008006528404,0.7770281342867189,0.7254858794276879,0.4885791212089371
766,-1.0536049848239342,1.0519018604779784,0.2972832371555216,0.4960474308300389,0.9243932172942035,0.992925688976378
767,0.36129859594589914,0.8259206654761976,0.1913115844091465,0.6397322958732788,0.801719690967807,0.6368565526275266
768,0.25594927711154747,0.5894941123914018,0.4141771564463559,0.8437679157905894,0.6147186396449816,0.5866887178325082
769,0.20540084897408425,0.49293992248766294,0.25787775179284067,0.7785528519216127,0.6946692576426766,0.44970194354859455
770,0.2353470712621319,0.33583283743540204,0.05091857392771279,0.8159185490752664,0.7888429807399383,0.3439212859123467
771,0.6863061267155384,0.35570629262868836,0.004382498086056466,0.9596282669631168,0.5017545019692898,0.3450249328119627
772,0.39055497963991703,0.4476889469322561,-0.030408106845125873,0.9052735065934926,0.6349459042721961,0.4449395645802479
773,0.21610963515711554,0.5205354133011935,0.10061501163195986,0.7868020458208242,0.6263620129137901,0.4638388564306339
774,-8.0,-8.0,0.0,0.0,-0.0,0.0
775,-0.9655593552960936,0.9629996332280778,0.3289718301566361,-0.011904761904761927,0.9642235054252049,0.989346590909091
776,0.19877405829502598,0.5432364546251899,0.10263191211258359,0.7523385823539808,0.6242101041326702,0.5017883681886893
777,0.27862762499964,0.5172233239787274,-0.14750777454961128,0.6735845364513954,0.8036856267511373,0.5191928034240463
778,0.23166002599747346,0.5012301038956962,0.3484783537663636,0.8142963764921833,0.635938632871432,0.5732636988720756
779,0.23918668373911062,0.5107478181435363,0.3747411067958178,0.8045254431675863,0.6713671146489746,0.530163966863997
780,0.1861643004737169,0.6615427023733309,0.2026015043164297,0.6271644104968721,0.7998985206404186,0.6371786334234488
781,0.7448309544781891,0.5588439760750207,0.41533748815934796,0.7513081130085776,0.6507172657573108,0.5048483744148978
782,0.7963851639570116,0.35140147216472484,0.061175843873018526,0.9708561404598716,0.5470424615743623,0.37435451646782164
783,0.19417544857002772,0.8723570461443643,0.25249215369691697,0.6221886517010425,0.8366529302778107,0.7222918386380086
784,0.06782468165262422,0.5068243711741659,0.06968798397985324,0.5351017084116683,0.8893029268682714,0.3988276608556003
785,0.1262782305530686,0.9023575489187496,0.350966011318678,0.7060617354522304,0.764255383264033,0.8960893376239151
786,-8.0,-8.0,0.0,0.0,-0.0,0.0
787,0.21584224643644884,0.6734848278667974,0.16715123146106295,0.6151434449746859,0.8249062832178947,0.5294358591717853
788,-0.1142204614959665,0.8812722135018858,0.3201963262787182,0.3894666573913654,0.8658056220167645,0.9093031495028662
789,0.11356035336729524,0.5051206524505206,-0.2189426527551843,0.5272580225803924,0.8860248352095254,0.526161672634131
790,0.125440162079832,0.4394480287154177,0.10159540837663407,0.6678218981487437,0.8028675406333872,0.42411403426702127
791,-0.18446919901363687,1.0277797579223924,0.27517444465678736,0.2052822301832515,0.947889382392805,0.9954761791964845
792,0.35293168122821206,0.5238545299630777,-0.21981917249694646,0.8583864247529058,0.7581006151714248,0.505344340688396
793,0.6999225346328508,0.3549555296694519,-0.12958211242675502,0.9641108176185427,0.5242633132762743,0.31045364093170774
794,0.3350501049975515,0.573255705384522,-0.2118672086187099,0.8826277325275549,0.6799783670898502,0.5529930070313043
795,0.6873312203313975,0.6309689709520829,0.4551388133755364,0.8077821364026168,0.6159480518288974,0.6233228374102254
796,0.12865891574152788,0.5318840367844627,-0.12963531179149496,0.4554031081363849,0.9021387475047404,0.4977877677483456
797,-0.6834236400768122,0.6738866996031537,0.4543414455150834,0.04992548435171388,0.9393830681617168,0.9596619897959185
798,-2.1127360095976133,1.1074634886418504,-0.2882282498163267,0.9561902327424754,0.0006182348650503058,0.9909260333391111
799,0.21996870836348953,0.619638544755275,-0.3060598847244708,0.7276486881796738,0.5542724787208402,0.6209571113228501
800,0.2170846763545405,0.6898994170330041,-0.06505524189063784,0.7604317083886782,0.6520484845531477,0.6125096432768293
801,0.004567628948865278,0.4345570791171518,-0.027283808695238873,0.4605409185465177,0.9273350063060638,0.4241998938406121
802,0.3211728347558551,0.3176439523901635,-0.0016092424353888076,0.8057845079851715,0.8513583075448975,0.30819696718867573
803,-8.0,-8.0,0.0,0.0,-0.0,0.0
804,0.27782266702528535,0.5437181411789175,0.2443109738892751,0.8306724202083458,0.6504156764276264,0.5773891115897127
805,0.4892223296810675,0.4624192240655386,-0.08244795796024622,0.9409432759024128,0.6452386124930286,0.4360738247965393
806,0.17464607292198187,0.49170220668675285,0.3654362041180884,0.7731248293987995,0.761032244859052,0.4745784311509041
807,0.808002483868477,0.42328032568980845,0.39537074144918954,0.9706781488454101,0.4932549979737408,0.4539853787136323
808,-0.6834236400768122,0.9830893197212026,0.35363399579227933,-0.02897091003000191,0.9677724550179303,0.9733917961608773
809,0.7907930813954762,0.3021353893754196,0.2527222799107494,0.9729050752228224,0.49995011834038716,0.2873943489854858
810,0.22629031622745555,0.5466677183288111,-0.10034616037519865,0.7628287626730478,0.7111969525443721,0.44647909023169036
811,0.6955442226944493,0.37904447808451536,0.168236895183448,0.9692126622231204,0.5290290906060435,0.37450125656635574
812,0.2215279304415748,0.6319592513859759,0.23998488126403075,0.6429212964422654,0.8827379241072018,0.4362481421023526
813,0.4202976891991188,0.6780541605567231,0.3447113301883303,0.7801656155801592,0.68191482491704,0.5415722636070711
814,0.040537250538490416,0.5207614964291712,0.11616576889163727,0.29324750697771645,0.9604818715115307,0.4238927812394536
815,0.09989862174021236,0.5991461675536504,0.1620965294605838,0.4136278524627903,0.9082322689475673,0.4911339787681001
816,-8.0,-8.0,0.0,0.0,-0.0,0.0
817,-1.2041199826559248,1.2032700902169777,0.24999614401718148,-0.003937007874015745,0.9834102840919483,0.9964767156862744
818,-0.4551886342290871,0.818640214720826,0.2686901982574545,0.04833916346984548,0.8837936704625007,0.7268367731863595
819,0.11029534457705166,0.5068241364946903,0.13654574577808007,0.4366382229940674,0.9049786224844789,0.4300720628777155
820,0.03362552083426569,0.465548209744496,-0.12093440199617901,0.37527934615370534,0.9163418538746864,0.4213835969344807
821,0.3746251097905187,0.5495456487744992,0.03860253267603569,0.7926987748868292,0.7428810460921165,0.48891692415629506
822,0.34135159770167506,0.5090281341126768,-0.212871501919746,0.858343444484554,0.6172671798791718,0.5364958921413087
823,0.596023253765179,0.4289555396703983,0.3204671213544539,0.9404281789329025,0.6380388871203285,0.37394098042880625
824,-1.2041199826559248,1.2032700902169777,0.2499961440171815,-0.003937007874015748,0.9992914510983018,0.9964767156862744
825,0.12201432320539134,0.506103074667488,-0.10846868635115842,0.4581593428779598,0.8458393913912755,0.52045124044238
826,-0.005734563782789461,0.5319892854022912,0.1671572609364877,0.32736517040539737,0.8993579202717112,0.5607760426345354
827,0.053562160564356524,0.4647903722510082,-0.03226108842456725,0.36435171198203314,0.9407780339838888,0.45265977409380387
828,0.0077459732534654845,0.4351695015994958,-0.08018611347958511,0.23017842413592968,0.9522706009868807,0.4408721268704131
829,0.1579936050821184,0.45911752614753953,-0.26032165816194536,0.6141858008844083,0.8198282391465308,0.4671727188823868
830,0.2798330271247315,0.7982175930068194,0.33473851632609986,0.7327457089664455,0.6981396697409475,0.6431441858342511
831,0.06827951885054177,0.5882596788113649,-0.015399520035894164,0.41070392515100085,0.8736751410183121,0.47880204146856364
832,0.07136079348457663,0.45526366191169587,0.25502457211461005,0.3725079970970531,0.9355992867352728,0.4125652371362652
833,0.2889906383588555,0.566257566408094,-0.0012983398462369476,0.7275748379873512,0.7561175518566503,0.5586167955541119
834,0.10747092459292414,0.4558752635242193,-0.0023468199775612104,0.40243346135095176,0.9507852691861463,0.40796634255228736
835,-0.5761530479687329,0.8055467545155918,0.2821623847223767,0.5061123998627685,0.7957166855946777,0.9745607032751032
836,-0.9030899869919435,0.8996702747267908,0.353463251695732,-0.015936254980079712,0.9990233122240826,0.985739087301587
837,-1.2041199826559248,1.2032700902169777,0.2499961440171815,-0.003937007874015745,0.9779089429337907,0.9964767156862744
838,0.11258648566712552,0.5348335265629002,0.15422032589252885,0.5586885549632138,0.852737987841149,0.4783381553796009
839,-0.9655593552960936,0.9629996332280778,0.32897183015663634,-0.01190476190476197,0.9951095634373234,0.9893465909090916
840,-8.0,-8.0,0.0,0.0,-0.0,0.0
841,0.49413433536681306,0.36689972026773887,-0.10664652854040997,0.9061105655861363,0.6287461723609525,0.3932421085018255
842,-1.0536049848239342,1.0519018604779784,0.2972832371555216,-0.007905138339920986,0.9875745405321011,0.992925688976378
843,-0.013771636769393941,0.45569381363891576,0.058413483616675435,0.0981005789159113,0.9553265314612367,0.41538792804478214
844,-8.0,-8.0,0.0,0.0,-0.0,0.0
845,0.4214380431241675,0.40650796556356544,-0.19077176539486917,0.8773943575136925,0.6371784135934673,0.3882602799980513
846,0.4138351688607529,0.4466498145150451,-0.04688829947436893,0.8810209091421121,0.6310104621268295,0.44347175436569963
847,-1.2041199826559248,1.2032700902169777,0.24999614401718148,-0.0039370078740157246,0.9990362281527292,0.9964767156862746
848,-0.014938341156781738,0.5036923874870232,0.1025965820866968,0.21435055069516515,0.9638304459332958,0.42244558628518775
849,-8.0,-8.0,0.0,0.0,-0.0,0.0
850,0.06241103195131638,0.4511068736962587,0.13031894137649597,0.4006357065553364,0.8881056633080963,0.4528403974816322
851,0.19617953256976703,0.46443487038947506,-0.28662327208569477,0.6566488272713934,0.756622959751683,0.5045924455243249
852,0.19860786770787175,0.6549293979323103,-0.13973532061565724,0.7084357846169335,0.6994757501705383,0.5269353488359321
853,-1.2041199826559248,1.2032700902169777,0.24999614401718145,-0.003937007874015714,0.9993352964057468,0.9964767156862747
854,0.035962082320724766,0.4779100754248809,0.042794378321902624,0.21301601361531683,0.9657062948938218,0.43389911152620697
855,0.16736913860961844,0.5384446078384655,-0.0876714232469874,0.5651109988095643,0.7839401443674456,0.44743171250645963
856,0.020877393937293397,0.4287111243672277,0.11430310158197098,0.28473958096208013,0.9043499931411849,0.42558500816902267
857,-0.4383805241347972,0.9181002233713031,0.372711736001383,0.17614243650185335,0.9335468710596726,0.9243468173891382
858,-8.0,-8.0,0.0,0.0,-0.0,0.0
859,0.02226905753992284,0.5529128758934757,-0.11288619895676175,0.2185445299055808,0.9525372631046921,0.46822356173223484
860,0.25496231201255654,0.575311421342224,0.2424489063340537,0.5839158678445342,0.8395780124311988,0.5360673195418848
861,-1.0536049848239342,1.0519018604779784,0.2972832371555215,-0.007905138339920969,0.9987216480411002,0.992925688976378
862,0.0805666358097397,0.6509354649060882,-0.07029199973149279,0.4365180375026736,0.8337077477874408,0.5354560539356381
863,-8.0,-8.0,0.0,0.0,-0.0,0.0
864,0.39656445760866693,0.48025733918751656,0.20234986393433146,0.8645191602177356,0.5348428120917513,0.4468403396793593
865,0.08450621520221308,0.4777738130567413,0.16757336475822934,0.4387852051039718,0.8840102260067464,0.40106958533593984
866,-0.9655593552960936,0.9629996332280778,0.3289718301566361,-0.011904761904761932,0.9258275716639309,0.9893465909090912
867,-1.2041199826559248,1.2032700902169777,0.24999614401718148,-0.00393700787401571,0.9702969471442445,0.9964767156862747
868,-1.2041199826559248,1.2032700902169777,0.24999614401718148,-0.003937007874015731,0.999208258586394,0.9964767156862746
869,0.35553338833461345,0.5243423287179996,-0.15470946975490635,0.8085703945861228,0.6068961757901101,0.40873357474196814
870,0.0712745286136778,0.5023322063132187,0.2406613671439096,0.4680788018877233,0.865721463805556,0.5324578339553359
871,0.38327577256809775,0.5190567089757208,-0.0655631729355467,0.8976235313449515,0.6208819950615344,0.38642030498328916
872,0.06324193461231824,0.5013989857500354,0.2126249146826726,0.44791047747962603,0.9372136705225211,0.4378562049816737
873,0.061150595220347284,0.44010692329415857,0.03065800956240493,0.3722992487246301,0.9354506383934241,0.4454097219588558
874,0.01578420135721966,0.44280500070705336,0.05145805640786932,0.20182063751712115,0.915899525405568,0.433071763653561
875,0.009351986821084486,0.4804250846166386,0.18330622882699021,0.2170789576906651,0.941219847495567,0.4235471144090339
876,-1.2041199826559248,1.2032700902169777,0.24999614401718148,-0.003937007874015735,0.9994098487263107,0.9964767156862746
877,-0.10318816736501454,0.699072575909959,0.2664966141156721,0.4080203423055379,0.902196462171034,0.8165615575084016
878,0.2932808088553687,0.4246159034374223,-0.19935793207544164,0.7934936331559487,0.7608497748377862,0.45269730690837745
879,0.2914337178642499,0.5287268443467513,-0.3272620977578579,0.7936495500030428,0.5799716538233994,0.5749313375530308
880,-0.10217175615004971,0.7312816356086689,0.31586518725403034,0.4891327581040328,0.8677350842307049,0.7561016620176892
881,-0.045206576100125725,0.6886708508916726,0.36822522703850397,0.4085931358730987,0.9091366383103251,0.7283091712716354
882,0.09203595699526892,0.5745966447028099,0.2074717592729741,0.29803588286838917,0.9215960253393515,0.47261305917432883
883,-0.42596873227228116,0.9062664207967405,0.3787102658329942,0.36219628394473674,0.9118127773164773,0.9164640654648956
884,0.06301778807145351,0.4750646316006641,-0.030233398360665284,0.28615461171567136,0.934391992432651,0.4594025437351044
885,-0.5536049848239342,0.8532873617102414,0.43557198295573873,0.03894472361809045,0.956391033181618,0.9393048894912427
886,0.09303545688787065,0.529060927969932,-0.005220003268768186,0.4582516114384656,0.9457761445211597,0.39817699882857005
887,0.17065283489435068,0.5720456497249158,0.10975132644727638,0.5870401318460161,0.7603700950765265,0.5061464702141779
888,-0.9030899869919435,0.8996702747267908,0.353463251695732,-0.0159362549800797,0.972967672553644,0.9857390873015868
889,0.22166720525043299,0.6012773031950652,0.006640866013132588,0.6062840635334313,0.8477477650670219,0.44779794052090743
890,0.3493891691012119,0.5120419030607699,0.06099167236189412,0.8280770723561461,0.7250524959564996,0.5124274360360326
891,-0.17260189429513456,0.7686045791493695,0.21202705598827595,0.4347510956524309,0.8735315907542349,0.7922326965996878
892,0.011707568134710081,0.8075813420611699,0.3277988870913233,0.518051990240574,0.917999703613257,0.6735311610529285
893,-8.0,-8.0,0.0,0.0,-0.0,0.0
894,0.26641005070639,0.47132559077430947,-0.2093275833062401,0.7637637344410023,0.707747902671633,0.4197976012786982
895,0.3551097395737749,0.4825972878086116,-0.1325362523980979,0.8406388946156476,0.6238301090413878,0.5062007063803786
896,0.1130427500381762,0.6101461071486302,-0.09270691400122116,0.6027920528232935,0.7957453022339387,0.4725093647003809
897,-8.0,-8.0,0.0,0.0,-0.0,0.0
898,-0.2608746200696838,0.7388814600208283,0.4491571299624486,0.2556492713334203,0.9358157910624021,0.7374299609900064
899,0.34318408995460853,0.43600997157586313,-0.050495367823529716,0.7814005033336187,0.7503272143703107,0.43528442257341393
900,0.31506058574980883,0.5634477503142508,0.06291751561186847,0.8310104640110102,0.5783586664344282,0.4638478027153756
901,0.31180225930266237,0.40718187478830026,-0.060663380581483045,0.7840256242116321,0.7393470623588383,0.4517101580241579
902,0.39195592445252375,0.417893197789053,-0.18441912793659426,0.8665196089514612,0.6916950509717683,0.44341132356319124
903,-0.23941051979877842,0.7181546603227638,0.4384693976974753,0.26465291964287907,0.9337064327594111,0.6888864222624386
904,0.21802937286802865,0.7294852111261113,0.18902728906763633,0.6121676464404472,0.8069154578893238,0.5967433370435441
905,-0.2943480148849904,0.7736999805402357,0.42528109054242447,0.22451145342290446,0.9031010216982991,0.7382209912043303
906,0.363639673714565,0.44692097619355636,-0.269536138681093,0.8207541549396348,0.7667085218771973,0.4802033232662115
907,0.16653402882792862,0.5280967779830007,-0.2452689925812387,0.6529072491833305,0.8111353218850701,0.5437240988606793
908,0.05770929196369813,0.5515897907431598,0.2044301158454239,0.2915174563630531,0.8913178701560792,0.4409382115102175
909,0.02076658824423772,0.5044610055306178,-0.0013714440536666127,0.21258734773322452,0.9620925051358328,0.4378322643689564
910,-0.07697048994976428,0.6649719350729628,0.24793212767761702,0.39279643959617516,0.9069784738190265,0.6613735812496587
911,-8.0,-8.0,0.0,0.0,-0.0,0.0
912,0.2737729719750325,0.5275644077548037,-0.16278795415680292,0.7863918759764758,0.772192003011743,0.5256749446999751
913,0.1467014993995214,0.47433524471479616,-0.17966080901322565,0.5533639468327803,0.9046497599430983,0.4961117582041946
914,0.3342187636662212,0.4719248892096226,0.03218833003858631,0.8457944794441555,0.6061218440310406,0.38888207534662805
915,0.1299899530860981,0.4100296728408973,0.021402053427544296,0.606830052216238,0.8451002532417667,0.43085485041845345
916,0.11553686687802044,0.5044166157193526,0.22542277901257754,0.5048224003887836,0.8655131367100164,0.41649971147426174
917,0.08178412972913923,0.4580115375614565,0.14343012551845002,0.4088167088846126,0.942875492380777,0.4236395870985445
918,0.04264779322601127,0.6015607745033271,0.2500523480636929,0.549071777011942,0.8675546273221434,0.48408399294695803
919,0.238127443917559,0.47686391367436604,0.041767761907730155,0.7196121682974951,0.7548952913279325,0.4031463215522096
920,0.26914503746332047,0.5016822605257952,-0.34013996957539827,0.8012136492942984,0.736109693132323,0.4870962849406638
921,-0.29108258130551157,0.895222374411226,0.3781332167014933,0.22762624691508235,0.9555581053620593,0.910539128334284
922,-0.09819088478255457,0.560845574956137,0.1964398006175366,0.3891616901605909,0.8713698803491718,0.5684369157883351
923,0.2149576907950216,0.5358432782976803,-0.027565867697135336,0.6114436200009192,0.8182600419817309,0.4557426501246026
924,0.10571235702603995,0.544766464151919,0.12529611165887006,0.5254262297717723,0.8676835590226816,0.4203792698150852
925,0.13044070868947724,0.7313831431690825,0.2673298048081516,0.49103433674166175,0.8621708623177893,0.4528419658477555
926,-1.2041199826559248,1.2032700902169777,0.24999614401718145,-0.003937007874015715,0.9992392910725677,0.9964767156862747
927,0.11918654063244667,0.5101763771782815,0.26343085714696257,0.4891771874367278,0.9001620012770462,0.445063033436456
928,0.0957492826710245,0.6007534125651696,-0.12408433132827505,0.3649757188664611,0.8725515179619034,0.5157900108917547
929,-8.0,-8.0,0.0,0.0,-0.0,0.0
930,0.026670886010136508,0.6647756890290901,0.05823808827908348,0.4322236642446603,0.9081547301075081,0.6930003486229388
931,0.17342551149727078,0.4001329728407148,0.13922076944458084,0.5907469407926674,0.9227673511087998,0.37312247187910474
932,-0.6020599913279624,0.9016970392464679,0.40372261716414437,0.019372254057637244,0.934302426922231,0.9548477564102568
933,0.38213049513082037,0.3923656400602756,-0.058141814262276964,0.832303338861896,0.7107047204458135,0.4065402520820907
934,-0.000418562163545243,0.5442173374888575,0.19280358528811467,0.06880121516132989,0.9529732274747625,0.49479149925271226
935,0.1136859886379336,0.4805154648380903,0.07096368371541233,0.5154195772050484,0.8660933093366036,0.44682217429046106
936,0.11876303479011026,0.6114121584665788,-0.08411067936098042,0.5027195732138887,0.8566698866851366,0.4672783685764114
937,0.05387320442096122,0.48363348016823954,0.18743139602244824,0.19998953006271736,0.9600497869487192,0.48566756787692195
938,0.05298221213720628,0.5935925370792798,0.22492244453427343,0.43270185423702295,0.8988659334437249,0.5427368559910195
939,-0.224599286495378,0.708558255687348,0.4754261552076598,0.22144523982564188,0.9205867782497479,0.5909456086829371
940,-8.0,-8.0,0.0,0.0,-0.0,0.0
941,-0.9655593552960936,0.9629996332280778,0.3289718301566363,-0.01190476190476199,0.993552365124625,0.9893465909090915
942,0.3288785052836047,0.46371065169198916,-0.2400261948429414,0.8160408238901655,0.6011374314087372,0.5204695580710813
943,0.12516312969200294,0.44782742621232685,0.13510218540826033,0.5580424668055031,0.8765805387932694,0.3987761034538714
944,-8.0,-8.0,0.0,0.0,-0.0,0.0
945,-1.0536049848239342,1.0519018604779784,0.2972832371555216,-0.007905138339920991,0.9994262859775377,0.992925688976378
946,0.034531070853034765,0.6048730301657941,0.2667189433055965,0.20832741110217745,0.9580627961064364,0.456176332291123
947,0.38617774913058966,0.41817813340492926,-0.1817149619651499,0.8751237257442401,0.6382859108735773,0.436141779564321
948,0.10463114614233207,0.47652896064124034,0.05392147658505105,0.38205993645459074,0.9383118251362627,0.42933825202494724
949,0.3840063040963354,0.4200131827055257,-0.2204044829117471,0.8547868123697376,0.6868301571880803,0.4184938938016601
950,0.2214617966770239,0.6522958022492937,0.11731227694357506,0.6913700727709547,0.8049187070472106,0.5409940784108492
951,0.007793320528708281,0.4455809224510466,-0.020884034353841126,0.1838107000239406,0.9464625761012339,0.48403101609425714
952,0.05054462020414892,0.5511275274371826,0.15309983148356504,0.39557570874512366,0.8848708544363509,0.4125397775350899
953,0.1100486190774154,0.6741163122651116,0.2402326669321237,0.3885998015048619,0.9431765044698235,0.5022601903302991
954,0.17698360152173542,0.45930807913751287,0.12536101405385577,0.6239647471241756,0.8038643878720461,0.4086320478424892
955,-0.7815709626487963,0.7755506535407398,0.40631599507216143,0.13226028197710177,0.977363033438253,0.9747427208835343
956,0.12463350142118737,0.4965852019265936,-0.17872158849457523,0.5576754946125474,0.8925402425394557,0.4781450820754467
957,0.04300359248698882,0.5766746701909554,0.10414386785703546,0.19987335857840757,0.9067096239978534,0.43355280511659877
958,0.030043829518632544,0.5414568360727239,0.27124048719494187,0.16948749307082855,0.9385885267039421,0.4409243629834124
959,0.27275183026488775,0.4823133626067793,-0.18447040776150692,0.7124640897368045,0.7023406266433496,0.5446922884637296
960,0.3350744735299671,0.4652699704595951,0.09777868286839465,0.829139020559929,0.5554684731017152,0.40795297109622214
961,0.23716997897958444,0.5122177309568683,-0.06105634792020212,0.710680688057574,0.7903708572841506,0.4614724132481024
962,0.27122803411420815,0.44503416183349964,-0.23209140789838512,0.7662963854391496,0.7051737595251492,0.475376665523052
963,0.34133724683746697,0.46872718441930056,0.002802815364142721,0.8080464581568015,0.6534273719523829,0.3892690285931668
964,0.19455595471641987,0.4874868814651827,-0.2102372112144168,0.6589394518686384,0.7247857371446538,0.4686195394406307
965,-0.41908769941861235,1.0778839092392207,0.25671979042777426,0.5023798755278792,0.9653487267760419,0.99811354406053
966,-8.0,-8.0,0.0,0.0,-0.0,0.0
967,0.09862373051354004,0.4644237114280349,0.03718413203142472,0.3546986697537718,0.9526399328504715,0.396166926967487
968,0.05339513287500146,0.5134471167876797,0.13368096002212465,0.3253614045919546,0.9460935946037676,0.40638544732985976
969,-0.28629491034269056,0.7122922876592669,0.3095686187604113,0.2625932003782551,0.905766320739925,0.78457805563127
970,-1.2041199826559248,1.2032700902169777,0.24999614401718148,-0.0039370078740157445,0.992618927873336,0.9964767156862744
971,0.38030337970027306,0.4247560374905865,-0.28454810721044804,0.855535389200031,0.7128114363044383,0.441221571999964
972,0.02475295534964186,0.48892609052006886,0.2131891423128459,0.20586449461806952,0.9525309110367559,0.4411124088917672
973,0.08583296627193551,0.4985529370874955,0.06361396641472582,0.46781748970696874,0.8617970265818874,0.4854186995242849
974,-0.2311131606089309,0.693384521091397,0.3125103447538051,0.2787189430415148,0.8422677788796836,0.6930735984835471
975,-1.0536049848239342,1.0519018604779784,0.29728323715552174,-0.007905138339920964,0.9987815409711297,0.992925688976378
976,0.11113681178013868,0.5845896199932773,0.15524782818571362,0.4507954765363624,0.8905004437625197,0.4440558527609627
977,0.06541752904483565,0.4719534426564008,0.2911389845998618,0.34772264673024833,0.9317875923517986,0.48040083689785346
978,0.26877168624349546,0.4473263011453686,-0.19838217443207187,0.7699991727469265,0.6221427271648551,0.47910740578114686
979,0.0718883033232199,0.5386102159577194,0.24098186809826905,0.1704187053775972,0.94735616985857,0.4638947955232086
980,0.0566371217345951,0.4804472932715734,-0.00427160150814076,0.44384269940059357,0.832093409372117,0.43541421371554123
981,-0.31771631481796525,0.8313082624908139,0.2891931052463043,0.3358104242626784,0.9082787167577895,0.720916198300175
982,-8.0,-8.0,0.0,0.0,-0.0,0.0
983,-1.0536049848239342,1.0519018604779784,0.2972832371555215,-0.007905138339920945,0.9983443126235279,0.992925688976378
984,-0.44486301271698103,0.7419612181372591,0.45311383203029393,0.03786104605776749,0.9676926978704438,0.9151495093276334
985,-0.07321006268513597,0.5931994246380461,0.2833442672517553,0.30687848449195076,0.9401981514663198,0.5105895330552661
986,-0.08999440891423419,0.6034492430997589,0.2919400798454074,0.29848890155190705,0.9159078474934043,0.6503766813713312
987,-1.2041199826559248,1.2032700902169777,0.24999614401718145,-0.0039370078740157185,0.9993875337852801,0.9964767156862746
988,-0.280142465833938,0.5715355917986642,0.20822143581486183,0.2860464181049637,0.9138840603563697,0.6001931021363486
989,-8.0,-8.0,0.0,0.0,-0.0,0.0
990,0.0448137933903657,0.5992559144589831,0.18637517501441117,0.3674728231341148,0.9108396190961385,0.45980815859418345
991,0.08099561597811568,0.5967843091746611,0.21387649634558864,0.2681713691210685,0.8637026976592479,0.47101512601101686
992,-0.010239204223262962,0.48543232076160575,0.052893963690658054,0.07649272643802962,0.9681698657402223,0.454661127201032
993,0.2929034583459624,0.3802164137851943,-0.1530935496378739,0.7916967693235625,0.8074120503904321,0.3904559392165512
994,-0.9655593552960936,0.9629996332280778,0.3289718301566361,-0.011904761904761904,0.996738039019967,0.9893465909090909
995,0.007381047937834053,0.5040110485194323,0.06886887132208691,0.0671767855482461,0.9737553434795699,0.43845819792396956
996,0.0998461964311368,0.5979826473575285,-0.28477846264206286,0.5414886691170328,0.8174520436899259,0.5701930264699081
997,0.04925061400364747,0.4380178562079521,0.02973113987307405,0.31124629242309665,0.9604515444475762,0.44961136473228275
998,0.2619557861276059,0.4629159809487829,-0.2519032926321234,0.757888455399352,0.7567870600302642,0.4404745435628178
999,0.07516627661812678,0.4607708098058106,0.13693923555266074,0.5502304432888899,0.8139221504444539,0.4196278117781581
1000,-0.033895942690520195,0.5478955040695256,0.34780582001931,0.417180584746788,0.9058090148744959,0.48517375521566325
1001,0.08619730242775857,0.4644798780915571,0.20674797821083968,0.3894934018300556,0.9191641316458271,0.4218944523823205
1002,0.09960679329053668,0.49777516607121763,-0.22645084620121606,0.5364466784330483,0.7650765523433417,0.5118620572395605
1003,0.07729854204704421,0.4842921498966512,0.21439830264338966,0.3514534065026122,0.8854717859297722,0.4357442288520442
1004,0.06454326179069876,0.49510357486340395,0.0591091399049551,0.3861220022657739,0.89529528872611,0.4275874190974784
1005,-0.01711075801394045,0.8279467402625039,0.336621528987149,0.4580224886865059,0.8640148499769654,0.7719880775027599
1006,-1.2041199826559248,1.2032700902169777,0.24999614401718148,-0.0039370078740157246,0.9993135093026639,0.9964767156862746
1007,0.03707762789849164,0.6454975076210011,0.41065574791052645,0.41057389722750015,0.9264858060031967,0.6039737802490073
1008,0.28012775796967543,0.4164197644412174,-0.03277384028535139,0.7877960774742901,0.8203052019484268,0.3872804525566373
1009,0.023771359419724015,0.6240866882103706,0.3817306147937047,0.4517248493413754,0.8834890906522396,0.5077778924562194
1010,-0.5430103352889651,0.5244242837689085,0.5306161879726755,0.2216117216117215,0.9512340022547162,0.9197140957446805
1011,0.06923395179801838,0.44739723497633344,-0.029524280681792244,0.34674739315609515,0.8236020339740043,0.4542812517087987
1012,0.1304615179387788,0.5742184250044021,-0.2712554759567874,0.5958777054744567,0.705835180843694,0.5970010883037861
1013,-1.2041199826559248,1.2032700902169777,0.24999614401718145,-0.003937007874015719,0.9994098487263104,0.9964767156862746
1014,0.05509722602302521,0.6100202587379082,0.2679018004176565,0.08964874756576711,0.9359651845317091,0.5053509511814033
1015,0.024193067559824057,0.5102080385247817,0.20275114901109004,0.21612108755086773,0.9026611586651198,0.46331522966629735
1016,0.06762662056342408,0.6031543458741494,0.22055889478155824,0.4143051425437235,0.9227030500599948,0.4800304043139706
1017,0.0028291106111522613,0.4729412168686193,0.210655412412401,0.3327497584254667,0.926738010742023,0.4535875865368112
1018,-0.2821687978095341,0.623782130154543,0.3044883838819134,0.09693466864099536,0.9443771680009327,0.6439518982010065
1019,0.05913109492361234,0.5559407612973135,0.2288301786226665,0.5048089308432678,0.8999833033926041,0.4839369289393525
1020,0.04932073614954463,0.4807214344032067,0.10978050247066588,0.30588192635229466,0.9196349690178998,0.4380879938873347
1021,0.23877454331067124,0.49748742528640777,-0.07862036096803351,0.72516977247645,0.6837191478787042,0.466245267066473
1022,-0.015152463889248699,0.5632896460025888,0.40841450834521115,0.3607302661653258,0.9504615755047257,0.5836310629234417
1023,0.05734561905562253,0.572255404662961,0.14666712537329868,0.29981515302463496,0.9363627329899232,0.4760652485898694
1024,0.2492440483853968,0.49300556447155086,-0.10123950337677283,0.6853528300392181,0.7094573784242281,0.4046838485450271
1025,-0.06305171089902993,0.6679841950259603,0.3552322705017979,0.1716955249540743,0.9732701474291238,0.5569821691415502
1026,0.2704736378220084,0.47018870964081305,-0.01032159956687003,0.7477606707694444,0.6621943027678621,0.45135569452609464
1027,0.12074040259992283,0.4920560042093974,-0.28745311364697634,0.5471456058370537,0.7360167573703155,0.5425192335920559
1028,0.02827222770763593,0.4310249598681745,0.0933389556253518,0.19960460186899312,0.9620303049134791,0.45570111972425165
1029,0.07690691417016893,0.5353844615997367,-0.049329438370389576,0.418426673170825,0.8459651847583568,0.4656666055095871
1030,0.03277286895076017,0.4060498680385725,0.04183707824875485,0.3105623999158454,0.9702153663128503,0.4222264396307087
1031,-0.7525749891599529,0.7456808469171364,0.42000012286277116,-0.032388663967611364,0.9307104663184832,0.9710181451612903
1032,-8.0,-8.0,0.0,0.0,-0.0,0.0
1033,0.3072160947908574,0.37716015573168843,-0.107836563574264,0.8106001780559982,0.8067574246224374,0.36884687784864273
1034,-0.01919589981449836,0.4354885045161508,0.1816489757135489,0.1716110663952581,0.9383662289319677,0.4047710528577003
1035,-0.12725329602631047,0.8921297981179511,0.3279245633635238,0.45030880817736585,0.9056582422146899,0.7947155342042811
1036,-1.2041199826559248,1.2032700902169777,0.24999614401718148,-0.003937007874015707,0.846225613337743,0.9964767156862747
1037,-1.0536049848239342,1.0519018604779784,0.2972832371555216,-0.007905138339920952,0.9553950268843645,0.992925688976378
1038,-0.29108258130551157,0.5834926863295353,0.503426350216808,0.10689268702717855,0.9559442709852729,0.614884547340166
1039,-1.2041199826559248,1.2032700902169777,0.24999614401718148,-0.003937007874015735,0.9994235726409854,0.9964767156862746
1040,-0.0919886519581055,0.5365293490755788,0.3000746940473526,0.1593115192296432,0.9378412626263791,0.4981797627278975
1041,0.29064447124228276,0.4522273675368896,-0.19016631214285737,0.7510858855163315,0.6922271668750277,0.4857073405701413
1042,-1.0536049848239342,1.0519018604779784,0.2972832371555214,-0.007905138339920898,0.9295937928633026,0.9929256889763781
1043,-0.009605340397766463,0.5308165601391414,0.03936629496294791,0.18032175543632875,0.953996400928802,0.40258353747803066
1044,-0.22222606898314717,0.701483424250368,0.46520668795055736,0.03803017944535082,0.9456798632315819,0.6707127181855084
1045,0.06443456209625893,0.5182453494474608,0.2500835219534379,0.37235404473022515,0.9087346535558648,0.4361102678562194
1046,0.0474819775555522,0.4953370172689011,0.17030556386620221,0.3235837116583854,0.9122392698527703,0.4441734774561387
1047,0.056873678462899695,0.5026890730927164,0.12686627663708852,0.4057336386636771,0.9618396028254698,0.4386635306153642
1048,0.299316188952867,0.5063168006477905,0.07671629418336331,0.7886286717694805,0.6100894350734424,0.49013830572776274
1049,0.06691952145520733,0.6351426468691468,-0.2546645645008199,0.4021527473066197,0.8431188313517946,0.5203492382551416
1050,0.2136795606918833,0.5006239660031214,-0.23100997018064434,0.7460509720569268,0.7530642089265909,0.49520936938211185
1051,0.08799524832519887,0.45537339399144583,0.15634131654149494,0.33066827877858235,0.9193733209098415,0.3934888493410217
1052,-0.009967121431080545,0.6182622096161071,0.37535754966836843,0.4160830405655898,0.9308805155613807,0.5465695447901561
1053,0.07186508480956585,0.580957033582771,-0.09219388944722506,0.417024600822662,0.9081956061447728,0.43976472010748757
1054,0.05553088109578112,0.6690695175631922,0.19620453944788283,0.17231413417454444,0.9553360761843543,0.4464637712027298
1055,0.07384369426180497,0.5283131535472779,0.12169035522795689,0.4611940362645405,0.8982272435414556,0.4386344156382716
1056,-1.2041199826559248,1.2032700902169777,0.24999614401718148,-0.003937007874015742,0.9994098487263104,0.9964767156862744
1057,-0.0919249705750078,0.5551946146716704,0.30403280441538316,0.3165687740048991,0.9328305072802299,0.5693224659817632
1058,0.30303837484681534,0.44551755916170127,-0.17809995704325832,0.8122197105554622,0.594283117240229,0.443652048324746
1059,0.2559471405847098,0.4104852706634198,-0.1444905384562837,0.7377907654098744,0.8552838383788565,0.39053783893528365
1060,-0.2754894402817141,1.0009911968712617,0.2988475875180068,0.26840577829027323,0.9250964404800534,0.8615058383382902
1061,0.014080045888766076,0.725236744091407,0.269508979058827,0.35777214697203585,0.9268029371551101,0.47468905063550404
1062,-8.0,-8.0,0.0,0.0,-0.0,0.0
1063,0.07666122113135598,0.41025612840826065,-0.11035795506604203,0.3061865060914313,0.867562241158219,0.4093046142886439
1064,0.08041065033433097,0.4792509883931006,-0.16904878247031266,0.4591568116268832,0.9317904847132035,0.4589464302785192
1065,0.05851314924178542,0.6186880687978853,0.21612443418614583,0.4735467913647806,0.9245640333092872,0.43519518595756057
1066,-0.01322198956777005,0.5485094632803161,-0.05707898693035362,0.24605168942820227,0.8766864154439399,0.4654039339798007
1067,-0.7525749891599529,0.7456808469171364,0.42000012286277094,-0.032388663967611114,0.9317140398104675,0.9710181451612905
1068,-0.20306134334391687,0.4894091192811655,0.21668122840737758,0.24140840645613817,0.9400229869378679,0.5362951701548208
1069,-8.0,-8.0,0.0,0.0,-0.0,0.0
1070,-0.16480788692081913,0.5668905214635975,0.32746109322647105,0.2440159619315036,0.9232612049611428,0.4693467299982298
1071,-0.276334732062667,0.5672199234639778,0.24169433526018316,0.3343068792737547,0.9577873830747213,0.6248027664340214
1072,0.01818680211115412,0.7096428092856337,0.21400950047036998,0.16525682246837042,0.9532858743718399,0.46746100721912276
1073,-0.48054096698481513,0.7776778594178368,0.43084167263325324,0.1188401442307693,0.9401677983877262,0.9349425867743865
1074,0.012424043252631226,0.5064289206048815,0.07565130952479451,0.20542253822701598,0.8993143067225737,0.4607373025886812
1075,-0.09601212376437192,0.7297820960823965,0.32315676871281007,0.13690860058744633,0.948716239050074,0.5021250961232501
1076,-0.06379811876177274,0.763485863457591,0.32630541095658655,0.07440246473057566,0.9321270507614285,0.6038566430842359
1077,-0.25254133092436226,0.47474364633697536,0.2932571571524893,0.14622670007090952,0.922138671472734,0.4176600329256551
1078,0.19532467940916962,0.5045676020656069,-0.24095892182264986,0.707655380639617,0.7427651175282369,0.4349483991845028
1079,0.029138719288900796,0.4324253969778718,0.10843457880161744,0.36615690538833806,0.8946471037101242,0.40870125743486424
1080,-0.019812964273426874,0.6108713853525308,0.18657564226386922,0.13642824440559528,0.9618320969130313,0.46169303576512444
1081,0.03978550684923289,0.5796115346134344,0.20935047860260964,0.1776338609821186,0.9577056842623229,0.4572765515686132
1082,0.02768252624472663,0.49386020595288727,0.1541366530164972,0.22267508270205913,0.9506786448972236,0.47533354119166554
1083,-0.023581484529308278,0.5468373692583163,0.1903488208055621,0.20603970683962994,0.9387150446982816,0.4677486643218909
1084,-1.0536049848239342,1.0519018604779784,0.2972832371555216,-0.007905138339920946,0.9447761511167387,0.992925688976378
1085,-0.15135031714058267,0.6566084421739008,0.3609336480443165,0.32063476481312947,0.9302066273917688,0.6778473624110316
1086,-1.2041199826559248,1.2032700902169777,0.24999614401718148,-0.003937007874015735,0.9994235726409854,0.9964767156862746
1087,0.032625532933168944,0.4988798063328206,0.011437652633898801,0.22965380425257997,0.9162309734896702,0.4502114118117932
1088,0.08559118843302076,0.42419833649607713,0.13946288298469445,0.3391315677147815,0.9420916964303802,0.4499650111682439
1089,-0.815044357464103,0.8098943791441969,0.39104171852525976,-0.024096385542168603,0.9618531568930284,0.9784374999999997
1090,-0.32018981891277687,0.7821596567095381,0.3697819307368981,0.14820847455280453,0.8943096296263973,0.7483086041485406
1091,0.018666785931468824,0.5514731036599482,0.24687610315130376,0.3110961354961441,0.9589227247072067,0.47115743793105297
1092,0.29392377238888256,0.4174858899536303,-0.059985763708909255,0.7119939159943401,0.745971154598667,0.46793654092453174
1093,-8.0,-8.0,0.0,0.0,-0.0,0.0
1094,0.008334817961060545,0.4723811745257651,0.10344274240412651,0.24242221037135667,0.8483225421035996,0.3873742212990228
1095,0.02012774778327113,0.5172249569281723,0.22267342497531334,0.1507308595247569,0.9336441084835411,0.4606324722573992
1096,-0.2351700804669513,0.6458301087684007,0.38704718128254495,0.17512788852076772,0.9608059944005379,0.5604207684356202
1097,-1.2041199826559248,1.2032700902169777,0.24999614401718145,-0.00393700787401571,0.9993916773233044,0.9964767156862747
1098,0.1979546882408386,0.4771455965860469,-0.11013054076161473,0.7528356014307765,0.8373183749963062,0.48340875196589717
1099,-0.029397972464157908,0.6488417929678448,0.3067202415089395,0.2697100664209645,0.9094948647910092,0.6045706871423516
1100,-0.3680710536880661,0.6655297528361552,0.4978169518665794,0.15857919254658379,0.9525012619350635,0.6523743176987732
1101,0.19211458110931925,0.5571113042949138,0.063217026158595,0.7049985256833066,0.7382407716079007,0.415391985029416
1102,0.15401524226693836,0.45330600067850935,-0.21703367632852363,0.5860423029162437,0.8214766799323471,0.4502132590458298
1103,0.14502261409107875,0.45533855474572793,-0.051205604272561,0.5208532038340055,0.8925086380722033,0.45636096629193557
1104,0.009321172151520648,0.5945119940500664,0.27317705174215967,0.31816852624609815,0.9468125682262145,0.4576633148747002
1105,0.1999475079499783,0.541110992148393,-0.0878578802307008,0.6007466030260569,0.8060219643917648,0.473030122938935
1106,-0.342797785440997,0.7948204248224527,0.31073602175233156,0.4653851284246747,0.8350936091243952,0.8886753435448266
1107,0.02363403548589342,0.5693229591523163,0.2370412744404766,0.1900754799989172,0.9191431434310798,0.4520475809147773
1108,0.05120803486578695,0.4767607177060898,0.10901289005696067,0.3255906700082845,0.9042444878595985,0.41380403551474954
1109,0.1507866910140431,0.5302040521636895,-0.12064888573687114,0.6227113635597563,0.7819136481582011,0.4753707140549165
1110,0.22049844334471141,0.38286886846876866,-0.008961154337011569,0.6797998294339086,0.7237994535326969,0.42194318771518313
1111,0.009859431243932976,0.6190097606778162,0.3163951337109665,0.2656732845632384,0.8801090611630569,0.5233540533788583
1112,-0.11281118354011888,0.575228476998471,-0.04432880859614628,0.37749250643496945,0.9434328994572236,0.6775088016524725
1113,-1.2041199826559248,1.2032700902169777,0.24999614401718145,-0.003937007874015714,0.9985545211197737,0.9964767156862747
1114,0.22120583786926198,0.494495543111753,0.021218294210247037,0.6408316927010581,0.8256371791019264,0.47757501600544006
1115,0.23092516455815448,0.4111685073449922,-0.18934978174426573,0.6932133776379229,0.8278644529767089,0.4381499835664238
1116,0.014361822043337505,0.5815041214464952,-0.043738998824897846,0.30646907556888153,0.9136543482309295,0.4519747397380887
1117,-0.1999964923441006,0.9771710525316475,0.28646202585794156,0.23679185094947836,0.886063102438333,0.8327067691937741
1118,0.28807339061812176,0.4800907081800838,-0.08884826229649721,0.7780133842917608,0.6381044464220639,0.490183053607567
1119,0.10541707406469268,0.4975302793092607,-0.1587600204756964,0.44615507557174483,0.815043341018874,0.48021717992253043
1120,-8.0,-8.0,0.0,0.0,-0.0,0.0
1121,0.021952243764749368,0.5621468431658998,0.16006835028628538,0.23596484226889947,0.9539545829415811,0.4520031195941465
1122,-0.03421706937049473,0.5399376578083324,0.2939162621743961,0.1907626220253896,0.9299943897441928,0.4725816224960873
1123,0.14091711129893544,0.5326876284646905,-0.08854085524209011,0.5909009014100952,0.8720316422198754,0.5010732288863036
1124,0.28523201838633533,0.43698648417892144,0.017687260288673415,0.725009627556383,0.6725822785645951,0.4291029665018193
1125,-0.030932892215289467,0.621082708825832,0.23978266050681946,0.3791305274923695,0.8615067505231677,0.5303220823594123
1126,-1.2041199826559248,1.2032700902169777,0.24999614401718148,-0.003937007874015706,0.999161203642193,0.9964767156862747
1127,-0.008302215365633806,0.4595152061201335,0.13962870778920763,0.19214080985993026,0.9554885103584408,0.4218190180049003
1128,0.04839159968478805,0.4347801506658406,0.11603935604981162,0.2732321795182437,0.9524548759960504,0.46232149210233153
1129,0.04502794175864898,0.6075996754488342,-0.05766936221937254,0.44594299268095017,0.8570267645712989,0.5060209267131048
1130,-0.9030899869919435,0.8996702747267908,0.353463251695732,-0.015936254980079705,0.9743918408065485,0.985739087301587
1131,-0.01170540281095061,0.41955791098751405,0.005183063697797884,0.19694621951874874,0.9651804341568727,0.4396915944166858
1132,0.0914739994545688,0.6505630608653631,0.3267865567429353,0.46186462309235743,0.9316676577295713,0.5397641662847769
1133,-1.0536049848239342,1.0519018604779784,0.29728323715552163,-0.007905138339920976,0.9993702710870319,0.992925688976378
1134,-8.0,-8.0,0.0,0.0,-0.0,0.0
1135,0.17579381278062683,0.519341353425574,-0.01772576877222727,0.6344321921748205,0.7997084214312719,0.463510051496643
1136,-0.06089418389618847,0.652971466247037,0.2681275746326987,0.3393484243653494,0.9041951081638666,0.5742363683109675
1137,0.28882264029562515,0.4016397122865015,-0.16619890644331434,0.7906937661957825,0.7151939780582109,0.4418651724178118
1138,0.1515017514432161,0.5262873113324301,-0.11145622203878977,0.6054176310584168,0.8218279960284888,0.47210051647854556
1139,0.23642391636904686,0.48950529202822235,-0.08147063674661885,0.6959741556965768,0.676520848269737,0.4746592397399738
1140,-0.43208596048078696,0.9138931676921179,0.37192681382091314,0.21140524492825338,0.9330154296774755,0.882548843761547
1141,0.05407399862379676,0.46050072331657843,0.10936570754122255,0.2539067158788919,0.9657958223012452,0.44870850157427355
1142,-1.2041199826559248,1.2032700902169777,0.24999614401718145,-0.00393700787401571,0.9993748039126711,0.9964767156862747
1143,-0.5329086422448216,0.832631235109255,0.4494435349960079,0.07005758157389641,0.9603542602307464,0.931312117737003
1144,0.048270286039039934,0.6901154115006196,0.2489519504133917,0.24650554369721156,0.9540461350286997,0.46463784034662475
1145,-0.5368157610010923,1.0538490235690354,0.27122186068032517,-0.21996013870067485,0.9087603664884228,0.9988935272783355
1146,-0.2368707570341409,0.7131815281523107,0.449729585194252,0.037381489121172486,0.9469135261225315,0.7466050392670157
1147,0.08463061476510232,0.6238787370519006,0.26777521858225833,0.32828922128550686,0.9250743641703602,0.4953281937446783
1148,0.08090407178774456,0.48354080359807744,0.2236631090400996,0.4239582764961519,0.9501179307798583,0.4283446722243493
1149,0.10236404418307839,0.41787529471707313,0.019649063364650988,0.4004699094861901,0.8583188480502429,0.4694763675058363
1150,0.003961421199133944,0.4252824914674248,0.149233737182213,0.22156661957613535,0.9541122869256767,0.4166387363382408
1151,-0.05494664484002861,0.637032215170783,0.2735512309073504,0.2626157523126216,0.920797554521741,0.516364393570361
1152,-0.11161371115498582,0.5758775384613225,0.24396865120535446,0.3423544692087703,0.92576867570621,0.6105534026604165
1153,-0.4394076062728344,0.9043130525031021,0.293848780533853,0.2217616986677035,0.9371212982499685,0.9734936617827854
1154,0.12814658745948518,0.46268571084704324,-0.12117345029743833,0.5848830609098746,0.7947152941843251,0.5001395473629878
1155,0.2107267302186346,0.5094601971856619,-0.018087652247615438,0.659107622343553,0.8356069568869086,0.4553375901098983
1156,-0.09298507224827895,0.5640897071513146,0.23288641852212144,0.29076315873605446,0.9542613046067412,0.47330487453085335
1157,0.20363342459345357,0.5159034477692156,0.04290469453303082,0.6096654619899488,0.7572599541611306,0.4967887237514602
1158,0.054246296260255754,0.637859755422912,0.2266660190355983,0.2567364890122874,0.9601059854927826,0.4462722782315936
1159,0.03521672730562426,0.5673850289442268,0.2406370790520519,0.40065083938139195,0.9153785136070777,0.44318621862797475
1160,0.03826518181486211,0.4753165537178868,0.08677877438079978,0.2770510642637508,0.9308830188690121,0.4405357037565416
1161,0.07200702574324885,0.5425153018558305,0.160726183760184,0.30442850377702557,0.9398147078528725,0.45790232519415675
1162,0.11193559377617987,0.63422167652077,0.20901190217615126,0.4178984323092504,0.9431669135445182,0.4553707703156168
1163,0.1361530102484425,0.6044301214944805,0.05699121484624403,0.555088777876006,0.8509248781767375,0.47867949337495974
1164,-0.7525749891599529,0.7456808469171364,0.42000012286277116,0.09665991902834009,0.9606987046715182,0.9710181451612903
1165,0.1268731928380481,0.45405110832974765,-0.1322766744273107,0.5127098708329556,0.9198964841430353,0.4128743853594291
1166,-0.22006937967599655,0.8192196163600733,0.3239301953523204,0.24534708393020283,0.895453910966524,0.6842229292865847
1167,-0.10084273529097201,0.4570844736193737,0.22783538804520026,0.10916227928580777,0.9509377771459256,0.4342290104671732
1168,0.007202395240584214,0.582602740859747,0.21375961351452571,0.13932521153210953,0.9509759618655746,0.462985724211534
1169,-1.2041199826559248,1.2032700902169777,0.24999614401718145,-0.003937007874015721,0.9994264448308763,0.9964767156862746
1170,-0.24198033962498397,0.7253093514310289,0.47012925154221297,0.19177749026454155,0.9314815063910351,0.6101022791619479
1171,-8.0,-8.0,0.0,0.0,-0.0,0.0
1172,0.04188700577899865,0.49779872771912725,0.20336415054541201,0.29964369448039063,0.9576549655506493,0.4322655014807922
1173,-0.1098054578659666,0.6652526325797369,0.2791101664251675,0.31613428792836706,0.8697986040124515,0.6044843588917721
1174,0.028469110019273876,0.4720435683401424,0.07346610706375704,0.23887014022736333,0.932574407642781,0.4147301096999342
1175,0.02678632013442193,0.6230926759581656,0.3092322630153011,0.21592601917368717,0.945999181559566,0.5611403389270038
1176,-1.2041199826559248,1.2032700902169777,0.24999614401718148,-0.003937007874015707,0.9992274832368327,0.9964767156862747
1177,0.18073991450398982,0.5155357802721675,-0.02324019388834402,0.5973738197449392,0.7006028726438353,0.43827364206818775
1178,0.09655848769893326,0.4692912447270956,0.11482661293521643,0.3419530581793717,0.94892952938663,0.4393882255726921
1179,0.025664449299618648,0.5009267123788395,0.23065519934716694,0.16495147358781695,0.9443053034085692,0.42676433808340947
1180,0.17843065310958386,0.5295733358669708,0.029816279917035355,0.581732502434408,0.8603128889023622,0.5530690375334945
1181,0.0910351080379666,0.5147583256018728,-0.07928057216752055,0.44793288816661875,0.8419017132923545,0.4493845595555798
1182,0.2039769232078335,0.4856321345357011,-0.1789700184980167,0.7404086125828511,0.6205961066635375,0.46783690087222013
1183,-8.0,-8.0,0.0,0.0,-0.0,0.0
1184,0.17649285093042327,0.5332146331173748,0.02196247836666492,0.6059760421547883,0.7557181450804036,0.4726385081038587
1185,0.10579643315664111,0.48899859003720564,-0.07665503755198166,0.44509421868203847,0.9142520459028007,0.4189500792268645
1186,0.0503086800731515,0.5443442709412237,0.17042878491009078,0.27037453137450124,0.8937458341828058,0.4739244376675273
1187,0.010035341519887506,0.4298763263003145,0.009599592532226251,0.3027823823197525,0.9098085673635247,0.41497492051544227
1188,-0.9030899869919435,0.8996702747267908,0.353463251695732,-0.01593625498007965,0.9354641529806355,0.9857390873015872
1189,-0.6310559648168058,0.6188436651510967,0.481895687437192,0.17894380034143328,0.970630677950222,0.9480242768595042
1190,-1.0536049848239342,1.0519018604779784,0.2972832371555217,-0.007905138339920972,0.9993129800859987,0.992925688976378
1191,0.06686179820942034,0.5468851300659422,0.25528683729190044,0.37507318988311517,0.885235718294517,0.4733478610074165
1192,0.028864675566440595,0.4984980098532241,0.23521147412808446,0.32465855287308104,0.8964896661318873,0.4649635214903407
1193,0.06536771090905223,0.5743727567647149,0.18282505620594738,0.3202903696791804,0.9457793273133724,0.46015300947101173
1194,0.012362234415795573,0.555181568358561,0.12380141312688347,0.07707683346884715,0.9560306870401872,0.4630996364832651
1195,-0.09708710523023986,0.6921450796035913,0.3180342098432486,0.2755536559323112,0.9335724683083849,0.5782838535567081
1196,-1.2041199826559248,1.2032700902169777,0.24999614401718148,-0.003937007874015727,0.9991342488545404,0.9964767156862746
1197,-8.0,-8.0,0.0,0.0,-0.0,0.0
1198,0.15747298036434806,0.4963997963188725,0.03966661946688201,0.5789441202371218,0.7982158649910945,0.48503971993933986
1199,-0.03865860086918974,0.6070827423508981,0.3353935637973158,0.15790939749084237,0.9366594004089875,0.5578026073049783
1200,-0.008085677209593717,0.531935600211511,0.1452473472899389,0.20790554600021696,0.9194966744413937,0.43978026299080025
1201,-0.5232560646471284,0.8230028044864024,0.45593914029411403,-0.034292035398230204,0.9510927049299567,0.9272607054341842
1202,0.027995205080701364,0.4815917501889697,0.06593368660600998,0.36224865794890615,0.954277357573522,0.4476618980723037
1203,0.03819133182147672,0.5129029624331538,0.20044388314907644,0.29978909997705444,0.959162069805343,0.474304269204462
1204,-1.2041199826559248,1.2032700902169777,0.24999614401718148,-0.003937007874015747,0.4254691905646361,0.9964767156862744
1205,-0.2472130564640664,0.7281568278001346,0.47473323722309985,0.011740567650746672,0.9359860734042572,0.66176856421602
1206,0.13788232677549836,0.5378798615715252,-0.07465404122377409,0.46711077018114844,0.8515601406326346,0.48633588326918725
1207,0.04619020224409661,0.43498189650655306,0.0977676955292944,0.3634653625291996,0.9416611817910138,0.3960853308763501
1208,0.007127071655314574,0.559821933424842,0.2211750423492,0.1601089614235457,0.9687808895389676,0.4825700368292505
1209,0.17522882625196304,0.5177100368156,0.0392153557303191,0.6131757292632507,0.8244072385510104,0.4530611485750058
1210,0.1599705718052252,0.5774247077939467,0.025171409056025076,0.49045888916982944,0.802566339167813,0.47976588366419287
1211,-0.5536049848239342,0.8519848933578581,0.40247102341056956,-0.05073272459737173,0.9626147817186845,0.9527138157894736
1212,-8.0,-8.0,0.0,0.0,-0.0,0.0
1213,0.1983089375703252,0.5028188629648155,0.06144347957921387,0.6249915110382555,0.7557319906142989,0.44417118297951885
1214,-0.33313179419660055,0.9330992843100192,0.26412280678185834,0.19525304351732992,0.926892108139009,0.9490321245351518
1215,0.16142651030029867,0.4881406905199909,0.01407377589188589,0.5796347075214483,0.7299908968401967,0.4531545201096252
1216,0.013086125551902649,0.47228062310697183,-0.023966805072822995,0.3761124745377716,0.8829317029718657,0.4775618892500052
1217,0.0387210003483344,0.6307481183712954,0.1983402288795031,0.14818277929952978,0.9278811786281033,0.45749023314928927
1218,0.28935319617869487,0.470171421245726,0.04165354809793007,0.7419603064680971,0.7207134062025781,0.4231802886639631
1219,0.16865284107218298,0.5010247659974154,0.018553806109759256,0.6124452457170585,0.7252111702851027,0.49414182165027604
1220,-8.0,-8.0,0.0,0.0,-0.0,0.0
1221,0.005244393682360925,0.4531640207931797,0.1008772919436255,0.07419723042276238,0.948500116221668,0.4296188676913758
1222,-0.012914870087991612,0.5095152126287446,0.1319855279826111,0.07435994679840176,0.9666682181960135,0.4169454752023181
1223,0.0016216592714767082,0.5358968484389066,0.19538580192247293,0.37148706164731515,0.946724184130202,0.4426468810047124
1224,0.00875693509921387,0.4984549598298463,0.1507010742163722,0.09086754592623668,0.9599094282837692,0.4498783481768777
1225,0.2134771785605811,0.47510815674195955,0.013412110807293523,0.6387924887055175,0.8404017826576118,0.42413520178322195
1226,-0.21372890573872605,0.6806159281281167,0.33832303343921916,0.2475952876207458,0.8797999499227992,0.7440081248098206
1227,-0.7041199826559248,0.6954675535516895,0.44381286160017597,-0.0408163265306124,0.9636938206910443,0.9634781504065044
1228,0.030553529005772448,0.5638614510345088,0.21875234987043302,0.03874444538003105,0.965841221440297,0.47011122138680256
1229,-0.17017256494065824,0.9866411128847261,0.29196134859825673,0.31888462500947146,0.8956482963045931,0.8696098699101489
1230,-0.5140143618001218,0.9901858659448157,0.34084467420537146,0.25136449488884727,0.9340093224144345,0.9703944603227975
1231,-0.052489303979326656,0.5463594896170959,0.3161479432904759,0.17888049855314558,0.9549535165872368,0.47569126652463034
1232,0.1827003459826058,0.4898848063819459,-0.0009837802169295284,0.6416871558656423,0.8120789880304221,0.4058590013138373
1233,-0.21525818001150093,0.8250888760133017,0.42387879695561326,0.1149247975318162,0.9371443209237506,0.7307231183118192
1234,-0.08040280678784752,0.7421042653860923,0.3253554248591159,0.3576986046670392,0.9107257689623027,0.6411362650242024
1235,-0.09376201608766911,0.622352172530226,0.2711971246122267,0.19103541719239245,0.9481304814265306,0.5308756299197881
1236,0.13628587737662373,0.4542693466833452,-0.0636568936917584,0.6225021212672529,0.8563866229256069,0.42267987532093615
1237,0.054728181180036466,0.5371297642775994,0.25322713382375145,0.3384469127063202,0.9622175191384409,0.47997236365166657
1238,0.021762362387933214,0.5450909619240689,0.209221075574389,0.1413761131139196,0.9524551588633705,0.45603058435037197
1239,0.0358505537961971,0.49451247629670153,-0.007173198216235195,0.3072516561425328,0.9136550829560629,0.4472527941119579
1240,0.002366669742797262,0.5746763355210517,0.39297335468986333,0.19651263140548939,0.9311712601704583,0.5222244523922885
1241,-8.0,-8.0,0.0,0.0,-0.0,0.0
1242,0.11334710124548325,0.46142071389882555,-0.10714944101253086,0.4117622929234822,0.9073356098350066,0.4728791709914957
1243,0.01986957613936939,0.5379282744027751,0.1651124976562867,0.4097626109805561,0.8860223449072403,0.4695741727444007
1244,-8.0,-8.0,0.0,0.0,-0.0,0.0
1245,-0.5647431821795103,0.8631442024739523,0.39556321787088083,0.06168831168831172,0.9556355056103951,0.9564241350506572
1246,0.00044078360190201536,0.5284681775921286,0.061129000461992204,0.16388565785414147,0.9580772817832802,0.41610969372912515
1247,0.059628513909212526,0.5753730731129623,-0.024474668149061757,0.3951004990496631,0.8436758278406803,0.5423632722783557
1248,-0.04593076573653133,0.45632985244347557,0.10570088930916084,0.26512686286128423,0.9095338774515253,0.4136893385215555
1249,-1.2041199826559248,1.2032700902169777,0.24999614401718148,-0.003937007874015704,0.9991303099354943,0.9964767156862747
1250,-1.2041199826559248,1.2032700902169777,0.24999614401718145,-0.003937007874015719,0.9992992498936033,0.9964767156862746
1251,-0.6834236400768122,0.9830893197212026,0.3536339957922792,-0.02973568281938325,0.9832628007537811,0.9733917961608777
1252,-0.5357998905292323,0.9287963450016415,0.19380634527469393,0.2405535365461874,0.8669838774415458,0.9993716401486157
1253,0.06920789065276162,0.49083384025470106,-0.19165981076685779,0.478171439464397,0.9135339870360233,0.44100047802833114
1254,0.043419130767352106,0.430546784696098,0.07712414873998141,0.28340637987732376,0.943397641249829,0.4440060222501549
1255,-0.008480177723267548,0.4194672438483898,0.04649391438566341,0.3232103730284735,0.9529400331144743,0.3913685624887981
1256,0.33455845170602067,0.4119725747253563,0.12983148323961963,0.8255391635536882,0.6067613510532015,0.3780745163117312
1257,0.04243286371827954,0.4898810235442279,0.1579727496591429,0.3015542892070719,0.956368804092652,0.46590331632806214
1258,-0.00973310887766882,0.5596271417315762,0.2981555586230261,0.15196009992070372,0.9356718772017848,0.43693239335842576
1259,0.10365505335409739,0.499255770531862,0.011344627744996309,0.4459398914276823,0.8622985234224625,0.4514897128079005
1260,-0.0025793043484456245,0.42493249733351346,0.10549573252867492,0.23412838240297393,0.9222654620791544,0.40219730339653065
1261,0.009490106553299928,0.45114466604195014,0.1241066144041091,0.2700876051916493,0.9521871578734712,0.4252185799826776
1262,-1.2041199826559248,1.2032700902169777,0.24999614401718148,-0.003937007874015738,0.9993496790955629,0.9964767156862746
1263,-0.2878655263028066,0.7711952752868375,0.4486539345326413,0.11143755124350913,0.9603261305212661,0.6383722116430903
1264,-0.022355591536838967,0.5070429283770023,0.31857066702555314,0.23060621030629308,0.9075996342829089,0.4567903349704083
1265,-0.3997110036602774,0.7703372692852783,0.34401343857469446,0.2856482800985761,0.9025407441479005,0.8019204356450393
1266,-0.4557565080437624,0.7759230597294904,0.2851920542860201,0.2813568029475189,0.8927651753476038,0.827892046872507
1267,-0.7269987279362623,0.7192272219101704,0.4324221133471054,0.0785907859078592,0.9583503259759137,0.9672634109311741
1268,-0.02474905442804985,0.43931399500150753,0.1370217805990953,0.06596763738020656,0.9610518780720554,0.4456337639796043
1269,0.03842262086601783,0.5925594147660262,0.05201756457058087,0.39169456864717056,0.869882159924142,0.45195545035711904
1270,-1.2041199826559248,1.2032700902169777,0.24999614401718148,-0.003937007874015706,0.999208258586394,0.9964767156862747
1271,0.07345388804422798,0.4374020458935784,-0.06662018897923742,0.4754687656732029,0.9053433785328743,0.43082596126420364
1272,-0.16696687762669787,0.45908996893380055,0.2081422303703851,0.1835720146320949,0.9584954225974953,0.46498830621098747
1273,-0.11535038714106288,0.547584449192589,0.3318136006185201,0.07984356127794927,0.9670836728869895,0.4916907147056971
1274,-0.4584391357387885,0.755540569262441,0.44464430504232766,0.01923076923076927,0.9543989791405414,0.9231947151552455
1275,-0.02832784701432687,0.5439137190282789,0.22983531403703314,0.18322400940036887,0.9302863166266264,0.5091148071836105
1276,-0.03681712037979029,0.6956486108533325,0.25682209938979744,0.28583091742088257,0.9337081319806576,0.5372961540687806
1277,-0.9030899869919435,0.8996702747267908,0.35346325169573195,-0.015936254980079778,0.9298178649371368,0.985739087301587
1278,-0.05108205576178878,0.9945143023609073,0.2602597294039694,0.15562752242638742,0.9699630717564214,0.6639914896982606
1279,0.07294309492949892,0.399130410599434,-0.008701912585729592,0.37130846726918715,0.9158135078757423,0.3878591341167322
1280,-0.3733734536338967,1.0216438315759753,0.2586404842720404,0.13710519689454329,0.950636827675038,0.8662238263742236
1281,0.16007522999117604,0.4635970655971832,0.004427577709692623,0.6358956199005641,0.7899211730901531,0.4311907743121031
1282,0.010699527254765136,0.7900659208601702,0.2151004079676645,0.2311145450283269,0.9365757010506565,0.4891155026065468
1283,-0.01769380599788842,0.561773444008989,0.20398842251401533,0.030813683336668115,0.9605255001668164,0.4662431948972639
1284,-0.5647431821795103,0.8644096497323351,0.428158174386883,0.048507462686567276,0.9560839360151947,0.9432462431693989
1285,0.15228927401923498,0.3982160961692333,0.081118470565833,0.4753341911435161,0.8814274918095641,0.3931680246947742
1286,-1.2041199826559248,1.2032700902169777,0.24999614401718148,-0.003937007874015743,0.9994165715723284,0.9964767156862744
1287,-0.14143022665479504,0.4350054795549165,0.22712777922568012,0.3411528763036575,0.941419767619281,0.49083837047501433
1288,0.31712229563464894,0.43041900251689186,0.15536974377951376,0.8174982295509143,0.6513456376590862,0.4123601669410486
1289,0.05506402708472973,0.49716260813279595,0.09260298977502475,0.32785011743708964,0.8725229466345223,0.4556769139796416
1290,0.028251637989348374,0.5550996072183527,0.19148591352825087,0.33671533073437665,0.9372400227083157,0.4516869940670783
1291,-0.017478211184839512,0.399773572063785,0.09517001013871325,0.2606975235585852,0.9574334423919186,0.3965761906629057
1292,-0.815044357464103,0.8098943791441969,0.3910417185252597,-0.02409638554216863,0.9688220985211378,0.9784375
1293,0.19542699122485027,0.41721108286034836,0.0234247779067984,0.6177306873715094,0.8762496403988516,0.3983152701010401
1294,0.10360996564718902,0.4130757628431637,-0.10323186260578349,0.5451200714470801,0.8444607340446847,0.4052442425806795
1295,0.07161951830565468,0.579997163891853,0.24120924038073713,0.41053224142350503,0.9371848692672741,0.4686517620442801
1296,-0.8546349804879153,1.1546450070597547,0.2684878373307798,-0.007109004739336537,0.9949521186874729,0.9936381294256494
1297,0.19913006583742482,0.4297611556882155,-0.16424788426093492,0.6484575282921156,0.7935653063256926,0.43529397689114485
1298,-0.04248024228218071,0.5896323267885399,0.22462536534770353,0.35166672757577844,0.8863860974730574,0.5855933903817208
1299,-0.9030899869919435,0.8996702747267908,0.353463251695732,-0.015936254980079702,0.974779705300333,0.985739087301587
1300,0.10798071529776176,0.5640470077081962,-0.28033626285500796,0.4964415962540935,0.8164239303911216,0.5080018974503011
1301,-0.13757830791637612,0.6474255506945413,0.33138510547951494,0.24591680360889137,0.9332329051338673,0.6262605885609158
1302,-8.0,-8.0,0.0,0.0,-0.0,0.0
1303,-8.0,-8.0,0.0,0.0,-0.0,0.0
1304,0.0797854015921977,0.46068431720217873,-0.027848112691433915,0.3715927179653475,0.8598506495350664,0.46307204657114176
1305,-0.7767093472424004,1.0421754963809597,0.24853384771140682,0.2973808352488235,0.9921343709842123,0.9997232781766093
1306,-0.9655593552960936,0.9629996332280778,0.3289718301566362,-0.011904761904761942,0.9328020727974766,0.9893465909090912
1307,-0.19261174979091658,0.5802839457765194,0.3881036113982479,-0.08466163753932494,0.9489870858694666,0.5184957280395767
1308,0.04119118751198886,0.4941631217108229,0.08754272781936434,0.33640103626272294,0.8595584000752734,0.4202038843701739
1309,-0.5232560646471284,0.8216021869863425,0.4217001344760333,0.16606104651162837,0.9343132635979639,0.9413179052831553
1310,0.0373489463388362,0.4760347666866588,-0.1330243902356763,0.27768648238390015,0.8932282205771633,0.4328838621290336
1311,-0.013034274053923463,0.5184507086149259,0.15157236071496757,0.10212810510004741,0.9523773848949217,0.43787388549776673
1312,-7.811633388508376e-05,0.5143349542295357,0.17859692170442315,0.21283993555182,0.9671471716175711,0.42986429016031785
1313,0.02114975312663584,0.5826143405450378,0.22857940879150487,0.18718419701617914,0.9282212387972784,0.4572021849351348
1314,0.06074997950417566,0.6791489421660047,0.0872042649226822,0.38691859026501146,0.7999788808477725,0.5047922407587281
1315,-0.034878371196807055,0.44158096601667934,0.18078833860425433,0.03406110465614693,0.9613796515149798,0.41218785621040505
1316,0.027111123756959277,0.5141583658656603,0.14134763240109832,0.26129816263359074,0.897658637225761,0.4540795920781261
1317,-0.017590736278998743,0.6476282150661078,0.2946796828015659,0.26483506030466253,0.9513963785816998,0.5040017594461035
1318,-0.36250418712502763,0.6949805348137168,0.3233963194438592,0.02609102542356649,0.8748146872971017,0.6566704025416107
1319,-0.25341306856888385,0.6633066295200469,0.3658777908101564,0.13936186959563646,0.9399348532006581,0.5300120709091576
1320,-0.1576984736469353,0.6320493045321602,0.3537632197001736,0.14055200213478186,0.9599773306656855,0.5001254193662019
1321,-1.0536049848239342,1.0519018604779784,0.2972832371555217,-0.00790513833992095,0.9767876463701992,0.992925688976378
1322,0.13175978390860416,0.5204254769138076,0.006552849345933912,0.5228542578904455,0.8475830526172845,0.45776403950577627
1323,-0.03146125895316938,0.4737301767054757,0.16620358168202579,0.22799305725929636,0.9452283733706267,0.49115824265457864
1324,0.1033186802157199,0.5694917804094284,0.0770334454031226,0.4698919295420901,0.8510768115362665,0.5148733850784005
1325,-0.815044357464103,0.8098943791441969,0.39104171852526,-0.024096385542168555,0.9744473296779887,0.9784375
1326,0.010723165603542674,0.5690551541571409,0.13038561014300704,0.23624770072819706,0.938501649610507,0.45350669620696094
1327,-0.049848275730480285,0.4385649093935537,0.14585120228654183,0.2702972345852635,0.9263166677671492,0.45903902482007686
1328,0.10208626733751025,0.4661305569526615,0.053855474320784344,0.37452848997096577,0.863723088834517,0.46107761001910524
1329,-0.0015923684535941907,0.4889928950872306,0.11928906901294162,0.18781707315585616,0.9483116501408421,0.43636948696140065
1330,-0.6016157898374884,0.8900999921250741,0.3037873526746758,0.39709533598716124,0.8801222987952373,0.972143269797063
1331,0.10828316550051854,0.40744315572000916,-0.037834726558965255,0.5240413631729467,0.8874931938707559,0.39389403406719814
1332,0.10503648286554934,0.45501351745215546,0.006440904893803747,0.4834632862415148,0.8771000548502251,0.403616328095618
1333,-0.21604404763565294,0.6224463360313363,0.2354481155794256,0.2867177194451499,0.8854255705112739,0.5163199875616504
1334,0.06994120341063834,0.4875283391958998,-0.030087161573896428,0.35442285825541825,0.8567801958929457,0.49593700104955324
1335,0.020030941091977165,0.41816069120085214,0.10553272591939647,0.30797201698044285,0.9561468640789804,0.39849974197534443
1336,-0.4026024344855214,0.8783669986395441,0.32009298601117075,0.3696632509270948,0.8259245046493009,0.9429541390425052
1337,-0.0875139511653456,0.5497607319611646,0.3182454950810785,0.046433147212730855,0.9498017334170396,0.5020311096225313
1338,0.038464146901301836,0.4408745811509301,0.05903948509097676,0.18381517096295272,0.9575289787649894,0.41007725416749924
1339,-1.0536049848239342,1.0519018604779784,0.2972832371555216,-0.007905138339920997,0.9993678746703292,0.992925688976378
1340,-0.14573299611332627,0.6506019086232117,0.36281981352186304,0.10954759270391275,0.9565236878761298,0.5860168063241513
1341,0.03308306987121822,0.5587632247233798,0.1527304524169333,0.20105810616061873,0.9257119122977228,0.4624752272283367
1342,0.026426704087490833,0.562113926260794,0.13355817476797355,0.19303842214270658,0.9044093313729747,0.4391464317580231
1343,-1.2041199826559248,1.2032700902169777,0.2499961440171815,-0.003937007874015748,0.9992694624545881,0.9964767156862744
1344,-0.005074121510176629,0.5091593501711604,0.018772936042252206,0.23466853559617618,0.9542922696069908,0.46910344174667756
1345,-1.0536049848239342,1.0519018604779784,0.29728323715552174,-0.007905138339920969,0.9991025910685781,0.992925688976378
1346,-0.06943320307504054,0.6147600457223185,0.37187395899682063,0.20330565578451462,0.9495070534940906,0.5312844979909714
1347,-1.2041199826559248,1.2032700902169777,0.24999614401718148,-0.003937007874015731,0.9990585879233147,0.9964767156862746
1348,-0.005159168944637782,0.5013701605557627,0.16605848472925092,0.28202641978634274,0.9371393176816656,0.4163625671315739
1349,-0.39888689786542514,0.7794703199656826,0.3227064136579329,0.17049854485533944,0.9179033835924639,0.9162179565796258
1350,-1.2041199826559248,1.2032700902169777,0.24999614401718148,-0.0039370078740157384,0.9994181206978844,0.9964767156862746
1351,-0.06621240269958877,0.5871510136827596,0.3393616348993956,0.28027765122327764,0.9135522325393158,0.5817194716031981
1352,0.15678265068632313,0.5669264401350513,-0.03200299958377364,0.6206178663357936,0.7773771053781777,0.44619822021344663
1353,0.03911005992240917,0.6209074269521148,0.23858505728131607,0.34199044039403353,0.9323258763921995,0.5486102891975805
1354,0.007000052058504969,0.45693498875708644,0.21471682202854703,0.35141641452955025,0.8968448224658203,0.4497236791167038
1355,0.03558278915522453,0.48522102083627233,0.07502443647291825,0.33072839187138336,0.8737047164799181,0.44257496370694915
1356,0.03578249770020615,0.505934990129859,0.15425523048938808,0.28188483449941215,0.9548152808053283,0.44681865434652923
1357,-0.18879178418737783,0.7914341870980142,0.31664197548267864,0.27071208195324487,0.9045956002287024,0.7578163340124366
1358,0.047247303964360374,0.5600106131167722,0.1467748131707254,0.20820695906816733,0.9577052757447966,0.4937361039177381
1359,0.1713478401505729,0.4701248274989772,-0.18068957278885855,0.6545838145883971,0.849225209048797,0.45840142762404196
1360,0.06452339229668702,0.5505805220439779,-0.015129720015127673,0.3612738219199951,0.876312801995371,0.4461407008311428
1361,0.21341911950355869,0.4889022152442102,-0.14370456248804223,0.7222052928601118,0.8052299926393661,0.4998600165754576
1362,0.04947494918708099,0.5112753347400838,0.22289939077435666,0.3099299094103692,0.9371601464515892,0.47281426343449173
1363,-0.33530705033842245,0.626922740759405,0.17608440263771824,0.3611256320860866,0.9607634044386641,0.7903736557099404
1364,-8.0,-8.0,0.0,0.0,-0.0,0.0
1365,-0.025726157749110915,0.6700915894481788,0.19352204231335488,0.1066138876210775,0.9506432638395889,0.46415335096178967
1366,-1.2041199826559248,1.2032700902169777,0.24999614401718148,-0.003937007874015735,0.9994250253710372,0.9964767156862746
1367,0.208993919949091,0.4904445004522425,-0.23213205605452264,0.633910609310128,0.7103228996648673,0.5261073707694589
1368,0.053338286625524506,0.42957658534359094,0.004656758023367735,0.3051796550455558,0.8246755058713665,0.4372200190682229
1369,-0.1313361022756606,0.5583299910774034,0.3443581899470692,0.2005225156539739,0.9441647448109018,0.509189796410179
1370,-0.06174084639217786,0.6330427284623369,0.3621054204624807,0.24887099517947545,0.9377222299947395,0.553017568027781
1371,0.11883861273868285,0.4758549077635429,0.01523221054725562,0.46469369029773994,0.7934807101893157,0.480420086833559
1372,-0.056687821395085845,0.6293176623314869,0.34211118919252254,0.260984864421897,0.9185958595076449,0.538018038047866
1373,-0.027442511238011884,0.5077771769583518,0.2267469186042282,0.20223173064178748,0.9530868753419824,0.4965403253360826
1374,0.23360040695632606,0.39759956938153435,-0.26686492157712777,0.7183233031793018,0.8395751426062449,0.4515589738059467
1375,0.005291785612781782,0.470820326220179,0.10002575408638932,0.16502583941772514,0.9535687201857519,0.38832037958789684
1376,0.10745705863878129,0.5227151367851152,-0.19871888141578076,0.42665587496320145,0.8350842063941927,0.522274320465405
1377,-1.0536049848239342,1.0519018604779784,0.2972832371555217,-0.007905138339920945,0.9649201746959218,0.992925688976378
1378,-0.2220157796242385,0.5099327341681393,0.1965561669201064,0.25758677312932954,0.9384994073066538,0.6116634263086324
1379,0.12557287502968947,0.5668068868053631,0.0006321072023390245,0.5284796998509076,0.8508610697770316,0.47154646228068636
1380,-1.2041199826559248,1.2032700902169777,0.24999614401718145,-0.003937007874015712,0.9993970638080031,0.9964767156862747
1381,-0.08916927419683127,0.6052868813965793,0.3196884497568446,0.1339961497825383,0.9545955175039333,0.4708299722625975
1382,0.0967894805438223,0.44003920603788166,-0.08205305548587392,0.513519118537549,0.7638323690321728,0.47260922489566193
1383,0.12688508679764487,0.5139413644850239,0.02853750119147866,0.4050379991047532,0.8744596731929455,0.4820139104029069
1384,-0.1265154989042495,0.48336380923476396,0.20821274472934062,0.12780210996650102,0.9574076996533881,0.4412357728268828
1385,0.09904899749177934,0.43389931991135944,-0.017249324164662603,0.45511778801630964,0.8327251099190114,0.43402974320964605
1386,0.1863877046849741,0.516802550961291,-0.19177745255418283,0.6463012486730736,0.8110712481202433,0.47714746144861137
1387,0.09061276789799312,0.5634154994081119,-0.1911073436526483,0.5162918848079827,0.8135539215171537,0.5404213811512933
1388,0.03134819916349148,0.6070784980541792,0.11365365244789034,0.35931666626284875,0.9028986898374464,0.4732902725755377
1389,-0.0019872534803429915,0.5430760009575418,0.05329603993053634,0.10214106480511777,0.9670289205845753,0.4498649241224631
1390,-0.3830258456032557,0.7647157646245532,0.34142944384078555,0.3265172581293795,0.8997597948201358,0.72008085034837
1391,-1.2041199826559248,1.2032700902169777,0.24999614401718148,-0.003937007874015731,0.999208258586394,0.9964767156862746
1392,0.17439826823072122,0.4280523489507574,-0.25378513525688207,0.5854089040274112,0.7717309867078671,0.4869586071895499
1393,0.0021409993476540564,0.4105393108851318,0.12397253491355495,0.27331987549113507,0.8720461611367172,0.4068881898994518
1394,-1.2041199826559248,1.2032700902169777,0.24999614401718148,-0.0039370078740157445,0.9904033034956645,0.9964767156862744
1395,-0.15354376226810115,0.5073902296164403,0.35868899881957717,0.01631815077538977,0.9685025392395153,0.5014843099493459
1396,0.0654468447659322,0.3889734759816032,0.01616190122662769,0.2613861189611636,0.866356406701753,0.4361845793673591
1397,0.0687149797590458,0.5342621571403494,0.14387476668388555,0.3898412017404446,0.925367040371083,0.42662228989971773
1398,-0.048496653134651145,0.6453523055409677,0.2907738538559277,0.06743765303153137,0.9454893359024074,0.4983722165524974
1399,0.19373861037139034,0.43033320462272684,-0.20043461425521628,0.6687074881563999,0.7846410550473738,0.4535708730673302
1400,-0.032204167679262284,0.6283757688381524,0.31586418667964683,0.1685535644670081,0.9488877438529381,0.4700059896476316
1401,0.12344325244429356,0.5693043441814615,-0.22568110685985968,0.577719316337433,0.7970892405505032,0.5371728038755935
1402,0.019020261137849815,0.5514870608764068,0.06376037807598241,0.2629944229179513,0.9117933304912484,0.43660214412828585
1403,0.009646558949787495,0.5961032420607517,0.13423960022470136,0.12516342714267778,0.9591858039983757,0.4342228540646381
1404,-0.25686598980438446,0.8577252360560691,0.3412112213313712,0.22473910506896552,0.9140651094565765,0.7800138967808199
1405,-8.0,-8.0,0.0,0.0,-0.0,0.0
1406,0.04679615712293378,0.4743744108778855,0.06330333459227439,0.3688177495729877,0.9238017804002302,0.4510020492447217
1407,0.03233307523153282,0.47727345024319345,0.26760709842337566,0.21613565313028485,0.9138861930709805,0.44955610566332366
1408,0.056209188617876514,0.4415137487827771,0.10604567704534304,0.25312364321825576,0.9571551830897372,0.4167169184855602
1409,-0.5536049848239342,0.8532873617102414,0.43557198295573873,0.04373268587332975,0.9660854316551823,0.9393048894912427
1410,0.05533703802159377,0.5184764405480858,0.1087694181433569,0.22592359269421594,0.9366085261766859,0.4752878361862744
1411,-0.5888955219667878,0.8885391542946242,0.41226088431947583,0.13138686131386884,0.9626034898292806,0.9510180669978194
1412,-8.0,-8.0,0.0,0.0,-0.0,0.0
1413,-0.09134486807903619,0.4924638045183467,0.2971415777527886,-0.02035071764628456,0.947841028067725,0.4312588308766055
1414,0.09327941893883943,0.5068349882439571,-0.14453214661743646,0.4177167963498402,0.8388328666035721,0.4609429384108861
1415,0.029773920732330886,0.6854082360034712,0.23400304645110248,0.2183198297597893,0.9340263326238782,0.4888158024251904
1416,0.08512195453925298,0.5339230163675966,-0.11783938612625616,0.4324530281308905,0.8766481437072844,0.48693068961405556
1417,-1.2041199826559248,1.2032700902169777,0.24999614401718148,-0.003937007874015731,0.9990720545619032,0.9964767156862746
1418,0.10510650016101025,0.5906798717125751,0.09850878367572058,0.383755718042916,0.9180688865641139,0.4490702895224529
1419,-0.9655593552960936,0.9629996332280778,0.3289718301566361,-0.011904761904761908,0.9741606801223989,0.9893465909090909
1420,0.1631166366070625,0.47089928444830376,-0.267521724587939,0.5923154581071973,0.6922627605652912,0.5093718415269972
1421,0.13475615905616006,0.4520235122989515,-0.21856584011723837,0.5391480877221049,0.7790954310211521,0.49920711811420815
1422,-1.0536049848239342,1.0519018604779784,0.2972832371555217,-0.00790513833992094,0.9434888683922152,0.992925688976378
1423,0.13122498855340822,0.4523239950417056,-0.19568138264047627,0.5988576630974418,0.8714777535673883,0.47022029107889224
1424,-0.12880801090474986,0.7233662635133333,0.10500097286280981,0.49712940008385936,0.9233481687238276,0.7138438360948216
1425,-0.025809288296728843,0.4888347949588714,0.1308830167867125,0.1942765614353406,0.9571823464445439,0.42635348144550445
1426,-8.0,-8.0,0.0,0.0,-0.0,0.0
1427,-1.2041199826559248,1.2032700902169777,0.24999614401718148,-0.003937007874015715,0.9993140430879556,0.9964767156862746
1428,-0.815044357464103,0.8098943791441969,0.3910417185252597,-0.024096385542168714,0.9729110505279268,0.9784375
1429,0.04082550566017256,0.539354110121648,0.15182546539839056,0.19895976327104115,0.9620907963881611,0.43311148176479153
1430,-0.31822221889672836,0.8799916150513126,0.313566379019398,0.35561862972379155,0.8860796800842086,0.83503779602755
1431,0.029545487606068333,0.4215524591867232,0.09375440298622521,0.2494674213664318,0.8930098861040636,0.40379433610249604
1432,-0.4085876791426752,1.0126033108887893,0.31789006338374853,-0.029099405267629608,0.9619777460059241,0.9497331107879428
1433,-1.0536049848239342,1.0519018604779784,0.29728323715552146,-0.007905138339920896,0.9269292224069355,0.9929256889763781
1434,0.13068226040137235,0.5013227083825823,-0.288924456659225,0.6315096328797953,0.8304329995372007,0.5201910544218463
1435,-0.7269987279362623,1.0267181050116716,0.3291317133489501,-0.021816562778272434,0.9818048846304498,0.980477411308204
1436,0.12622423403864838,0.4549517691205358,-0.1422497195305044,0.4954163363120321,0.9169203624067388,0.43820408391695664
1437,-0.29108258130551157,0.5834926863295353,0.5034263502168079,0.10689268702717832,0.9595913445713073,0.614884547340166
1438,-0.09285537387968665,0.5959691903089903,0.31255993738822047,0.055890871650842784,0.9475950337697363,0.46702291598680773
1439,-0.17396580247543522,0.6415429222266978,0.2645164975305077,0.3596459533151403,0.8981874485569551,0.6115213230128551
1440,-0.004205733903258051,0.5990676525809221,0.19909513985171243,0.17080080438555958,0.9590536923839486,0.5058432724499399
1441,0.11850969952227411,0.47918035736101205,-0.222533378468644,0.5491428606642158,0.8779240311585161,0.4680589067265165
1442,-0.6834236400768122,0.6738866996031537,0.4543414455150835,-0.04289615710541964,0.9638251022840174,0.9596619897959188
1443,-8.0,-8.0,0.0,0.0,-0.0,0.0
1444,-1.2041199826559248,1.2032700902169777,0.2499961440171815,-0.003937007874015748,0.8915591718303318,0.9964767156862744
1445,0.09903828750309318,0.44989997056810255,-0.21536966193713397,0.4727530216749153,0.7822899936467935,0.43347912998345917
1446,-0.10588986896894939,0.700916783830041,0.2634294515586616,0.16225725933791163,0.9154223485815116,0.5427529760864662
1447,0.08872272589324631,0.55264401693427,-0.046668078999937475,0.36745082600965717,0.8578859258845583,0.47517339635821826
1448,0.010039756076280517,0.5814468933318209,0.29797121705657625,0.2476016157871113,0.9427344166928072,0.5083036340224761
1449,-0.1371329249720858,0.7743127499014302,0.3338176115878688,0.1709080983644548,0.9221445190972551,0.725726554303289
1450,-1.2041199826559248,1.2032700902169777,0.24999614401718145,-0.003937007874015715,0.9993238938379388,0.9964767156862747
1451,-0.9655593552960936,0.9629996332280778,0.3289718301566362,-0.011904761904761934,0.9806691219492129,0.9893465909090912
1452,0.10585467267297632,0.467170700406669,0.16998073775799732,0.46201320653330497,0.9458729619121252,0.40687096396394723
1453,0.08404802007302849,0.5123404203490987,-0.004119201063960831,0.3893073658669643,0.882499336100368,0.4474021362159277
1454,-0.2944192699925491,0.7662136512290311,0.26731522204895725,0.39342906379261006,0.8778576116497884,0.6126382264820064
1455,0.048971540297100435,0.6235286336997428,0.24618077739028502,0.28047478248907654,0.9554492345448012,0.4385065445696511
1456,0.17001091260305817,0.40504679686614065,-0.05525154080640443,0.5620626504121083,0.8698835060454709,0.39205343648047175
1457,0.1318017617684491,0.4312406479721444,-0.036641194017771585,0.513257970375957,0.7658439997681171,0.4535681164663879
1458,0.1457039177213364,0.5118980895635216,-0.14046916644997928,0.5352525731570037,0.8072492859766173,0.44974455139229047
1459,-0.6160743531280841,0.9157083533713966,0.3947482942165085,0.0932713347921224,0.965860168492371,0.9586390799509672
1460,0.15036897166753907,0.48574806898184447,-0.2555304480091722,0.5658607786680561,0.7164041656412732,0.5002209149264226
1461,0.10977698049928077,0.46669135069620554,-0.08334880444909813,0.5039240320083879,0.8483157571200076,0.4775700513403417
1462,-0.19589934443500343,0.7515480627604332,0.274025711530424,0.2674432461496725,0.9123382863205326,0.6807743128690947
1463,-0.12961366120410067,0.5944830549724865,0.3417120640031601,0.34703923891929417,0.8601616397606897,0.5999223634297188
1464,0.09186208476090882,0.447034449197479,0.07433076937806389,0.38877910354371337,0.9208238090699521,0.4395544087320571
1465,0.1634244518540016,0.44095466576931075,-0.2553710910551346,0.6140958415674188,0.8486226357365347,0.4797900350324139
1466,-8.0,-8.0,0.0,0.0,-0.0,0.0
1467,0.10465662728790207,0.543754697786181,-0.1728645133529316,0.473630653849838,0.8521255094303268,0.513654669269707
1468,-0.7041199826559248,0.6954675535516895,0.44381286160017613,0.18033392693348646,0.9637475718172829,0.9634781504065043
1469,-0.011991709984891994,0.42252834241854814,-0.0010644521891587666,0.19880761196448984,0.9271991242166375,0.42337948750519244
1470,0.14382037599186748,0.530178912018146,-0.28821022330306373,0.4903974566730243,0.8018063431430011,0.5028608276302369
1471,-0.19015038155220051,0.8406476714309602,0.2839621428790243,0.37861645155057244,0.9217875569834364,0.7250714272299119
1472,-0.24638099187052048,0.5369311996420775,0.28917568102826563,0.4190723692242432,0.8951442111475241,0.49008148690459385
1473,-0.9655593552960936,0.9629996332280778,0.3289718301566362,-0.011904761904761883,0.9385674023005243,0.9893465909090913
1474,-0.49847010754900245,0.8639943715950898,0.30063957134450986,0.2841777074142185,0.8937225366966821,0.9722124037515865
1475,0.19065626979489197,0.4907187642797387,-0.22814503699725172,0.5924366508325252,0.684861893141493,0.5570971504684884
1476,0.04297502654553624,0.44195507345105634,0.14038188630316095,0.15671423747165616,0.9601451600063713,0.4381312049812493
1477,0.21595881364601932,0.4736305740426376,-0.24857628908934973,0.6058871409446193,0.7197192894063886,0.5515838485947813
1478,0.09370179446981249,0.5625125376167549,-0.20472753222215676,0.5016624738380783,0.8326231739680912,0.5279866111404092
1479,0.025184086331331547,0.5126805692714917,0.2568137775444427,-0.015260113565874922,0.9697920825749597,0.5179146163530747
1480,-0.07867723935972433,0.5425034832599701,0.2379518253022627,0.39927821428127375,0.902157100604512,0.535741200233409
1481,-1.0536049848239342,1.0519018604779784,0.29728323715552174,-0.007905138339920965,0.9993683263013318,0.992925688976378
1482,0.009588109196074208,0.598361341929456,0.31456995232652285,0.21373110052900587,0.9418523743321294,0.5076873344769267
1483,0.12767466769118044,0.4125085038548111,-0.26985284132654,0.5246694141529284,0.7888596171105997,0.4916215751427715
1484,-0.13096622735199437,0.6726820591528022,0.3806923543435599,0.17257873308466373,0.9522141823908603,0.5554100188711025
1485,-8.0,-8.0,0.0,0.0,-0.0,0.0
1486,-8.0,-8.0,0.0,0.0,-0.0,0.0
1487,-8.0,-8.0,0.0,0.0,-0.0,0.0
1488,-0.9030899869919435,0.8996702747267908,0.353463251695732,-0.01593625498007969,0.9881115607946054,0.9857390873015872
1489,-0.0034812381844817174,0.5559675919517114,0.05596130565057519,0.19829558367636568,0.9437571088219395,0.46818705109621805
1490,0.08615109587908282,0.5452483966437547,-0.1840819290598967,0.5048828015368781,0.7673661620908968,0.5599032903536936
1491,-0.36012750706237784,0.8382525100310118,0.3583791713752051,0.18256375426137006,0.9440186093095557,0.738645208140051
1492,0.07782386923896484,0.4345492376448816,-0.1862481649605355,0.3283119929998148,0.8325053870747238,0.4947335863338825
1493,0.08586038114331464,0.46106963508822635,0.017612363250566504,0.36580192813730844,0.8830160267117863,0.40825626651533686
1494,0.00293904071522628,0.5750618700239537,0.2806872020396624,0.2651950031548793,0.9156019009971592,0.4636929572496796
1495,-0.3201680503365559,0.8211434437088154,0.29564962533679645,0.2467906297361311,0.863026811639879,0.7549786516582808
1496,-1.0536049848239342,1.0519018604779784,0.29728323715552174,-0.00790513833992095,0.8839144360859655,0.9929256889763778
1497,0.04015329122156137,0.7390372230779536,0.2114423924683958,0.23503593120420538,0.9078070658040577,0.47447148539954054
1498,0.09347120438745664,0.58127217799703,-0.0775150451719989,0.4496984135517445,0.8663656354629937,0.43234117206399963
1499,0.15998724839610265,0.4766046512550609,-0.25223703969609235,0.650999234831419,0.8247871301887584,0.44801997581880454
1500,0.09599746031912719,0.5249189393896946,-0.10037762810179114,0.4275355281916862,0.8208168050242647,0.47391260668566826
1501,0.17271125428820777,0.429537672373418,-0.008919701808437522,0.5858137393868694,0.8635894706125683,0.4086085228962472
1502,0.01799194380447742,0.4652993171422617,0.07670153186757939,0.15320989752202288,0.9313581612171518,0.4067393556473607
1503,0.1445792344787929,0.5679482930362534,-0.059122950937085805,0.5404078938386675,0.8616065939720892,0.40224539136139736
1504,0.04038331677272253,0.5281176814812975,0.13109789196469934,0.3085056453266984,0.8805957564798993,0.4171455089922138
1505,-0.005267868295129719,0.46213216388332046,0.07687960105475924,0.20894365153882852,0.9585420331406469,0.4072289896233119
1506,-0.9655593552960936,0.9629996332280778,0.3289718301566361,-0.011904761904761937,0.9930687759517486,0.9893465909090912
1507,-0.537709149417898,0.7761500205240887,0.43157053670360895,-0.05919378719811428,0.9621875422205699,0.8527644021716831
1508,-0.06040553540233866,0.7145149141509385,0.367211467302541,0.15568104457603246,0.945981366763236,0.5454330752762024
1509,0.048349274310805955,0.5037707467770376,0.14527234042826848,0.3684117612165601,0.8422022133487246,0.4322426026942051
1510,0.1443762308231825,0.4183855913920699,-0.0002453605742041557,0.559522690874761,0.8880073835301266,0.36656788959564185
1511,0.12800464079230567,0.47267381875413944,-0.22568487846211568,0.593339224998949,0.7407949063836256,0.483531735242974
1512,-8.0,-8.0,0.0,0.0,-0.0,0.0
1513,0.16578534813730794,0.401180098345838,-0.2997040603672055,0.6714048785822674,0.8227660672366736,0.5030489472539134
1514,0.1386919363861927,0.4401667688078708,-0.1849981372121417,0.525950513772805,0.7464566403362084,0.5271670598406193
1515,-0.40552458430371163,0.5379565322099213,0.4365061163402113,0.15429924024890027,0.9648411549382466,0.6117258945818429
1516,-0.06000459863844818,0.6929571256031667,0.34222850607902683,0.20462343292430138,0.932317335425821,0.4985465882505159
1517,0.04641263925235058,0.49060568036836694,0.21920356520655532,0.4936221478456484,0.8570569473858309,0.417960114958783
1518,-0.4914271469346303,0.7910486751560615,0.4333241692698625,0.23501738535955333,0.9670827569100796,0.7809377204088874
1519,-0.005471116694690659,0.5061222689841177,0.2214944462733282,0.15858573378164748,0.9537527187041012,0.4443573781078338
1520,-8.0,-8.0,0.0,0.0,-0.0,0.0
1521,0.08369300209215616,0.5223066869052547,-0.21218083439963104,0.38469917711451795,0.8553937282721699,0.49869047078523254
1522,-0.2317829487592539,0.602096950063342,0.3444854367646843,0.05085759140035818,0.9711152653638697,0.46892683313875333
1523,0.13362505995562424,0.5039290291995605,-0.24401820722274598,0.6002996278375715,0.7337938334500647,0.5232342304273133
1524,-0.7041199826559248,0.6954675535516895,0.44381286160017613,-0.04081632653061233,0.9705098512855974,0.9634781504065043
1525,0.10375990461376138,0.49925535894717177,0.0527800608558165,0.427091560368661,0.92350393080842,0.4708326738758222
1526,-1.2041199826559248,1.2032700902169777,0.2499961440171815,-0.003937007874015727,0.9991342488545404,0.9964767156862746
1527,-1.0536049848239342,1.0519018604779784,0.2972832371555217,-0.007905138339920936,0.927261482927236,0.992925688976378
1528,0.11020065626521434,0.4596792185083135,0.16820830983651644,0.49345347211868656,0.8020005993947499,0.3877314429077066
1529,0.17562841389083286,0.5683867044637713,0.4287505005107889,0.6428755855539119,0.6945224903031815,0.562727105881253
1530,-0.43724166166984585,0.7240666010719183,0.3891344350870281,0.19091889674982004,0.9438911574393142,0.7126021656668654
1531,0.20865489638799745,0.4993150085699017,0.39512346892223305,0.6807913939790395,0.7872876642112322,0.4871010879477343
1532,-0.3122264548230838,0.7636417784784799,0.34993844665796425,0.0679570288966363,0.9069775030104583,0.7319779434251946
1533,-1.2041199826559248,1.2032700902169777,0.2499961440171815,-0.003937007874015727,0.9991342488545404,0.9964767156862746
1534,-0.07619305091913638,0.6398966235745033,0.38436458966079107,0.4501391916885418,0.8117661987289033,0.557616060844343
1535,0.17944008011944623,0.4724967798035826,-0.15612872970060265,0.5920120426095867,0.6528142681420477,0.4781561273132077
1536,-0.008438274272634163,0.7618983492972101,0.25992147700550017,0.08460606250468969,0.9590657688973031,0.5196272680842692
1537,-0.05925368016569368,0.672816529745171,0.3135312708216726,0.19121947981734055,0.922287129593919,0.5461640637178816
1538,-1.2041199826559248,1.2032700902169777,0.24999614401718148,-0.003937007874015707,0.9993135093026637,0.9964767156862747
1539,-1.2041199826559248,1.2032700902169777,0.2499961440171815,-0.003937007874015748,0.9992914510983018,0.9964767156862744
1540,0.028131696468471933,0.47965771408680746,0.27500362510708093,0.25226587782098653,0.9366219262953872,0.4730213340067131
1541,-8.0,-8.0,0.0,0.0,-0.0,0.0
1542,-0.25792932037856403,0.7290143283860763,0.27698192569574887,0.32244853966248105,0.9399584731740754,0.6976213667944479
1543,0.0015056698643026972,0.62539669168587,0.3876195062472236,0.34444950095218946,0.8039186688437745,0.5777233008430841
1544,-0.7525749891599529,0.7456808469171364,0.42000012286277116,-0.032388663967611295,0.9754375320099696,0.9710181451612905
1545,0.31227994470120607,0.48715000133019076,-0.1377246891345091,0.7677269621539783,0.7060404703316864,0.36971283655798715
1546,-0.0334623995668222,0.5816464320087169,0.19816173848227414,0.1406306562576971,0.9568782901402026,0.48361821143600875
1547,-0.19546557652739224,0.6700205699364862,0.42125291232851614,0.24758934243842737,0.9553690362301843,0.6053989998053831
1548,0.19438818683258588,0.4152110841572938,-0.01591719071950409,0.7341522259331873,0.585888542999192,0.3835107166029086
1549,0.10068111260875043,0.5152439398000254,0.2557978734470695,0.5074024143012972,0.9076519886931854,0.42178390341492794
1550,-8.0,-8.0,0.0,0.0,-0.0,0.0
1551,0.17790134979047925,0.5727872921404346,-0.3362767665872304,0.7072003836137395,0.6734836917840928,0.5582376340818295
1552,0.2828972778067451,0.4727516178732754,-0.20017466081999918,0.7914844368045172,0.5666057728418219,0.42393370465723607
1553,0.12955450032437674,0.6141053429342277,0.37955427555985033,0.599177976373388,0.7484911328705716,0.5353608799985747
1554,-0.30357333903918576,0.7749680117100862,0.2045184571030085,0.5708631602002787,0.9150530708422064,0.7749192019451827
1555,-0.9655593552960936,0.9629996332280778,0.3289718301566362,-0.011904761904761946,0.9697805867869002,0.9893465909090913
1556,-0.306311028572688,0.7793506443199385,0.3266617092487057,0.33233037197657,0.9252155734269961,0.609628223446612
1557,-1.2041199826559248,1.2032700902169777,0.24999614401718148,-0.003937007874015733,0.9993916773233044,0.9964767156862746
1558,0.18425222542511624,0.3772902506603541,-0.1621125161077836,0.635553162886279,0.7895582376636386,0.392942804013584
1559,0.05691268936108053,0.5358255593418618,0.3465813626978791,0.5578525163514276,0.7779231542774389,0.4962946709691468
1560,0.22620221949970262,0.49465393454782364,0.09006983387257032,0.6641884976920223,0.638282583747335,0.40725172335858045
1561,0.10270476337542364,0.543523203738398,0.2191009731345151,0.44780916028160334,0.9040189296718539,0.45693571794709653
1562,-8.0,-8.0,0.0,0.0,-0.0,0.0
1563,-8.0,-8.0,0.0,0.0,-0.0,0.0
1564,0.0794288407661278,0.503349597457958,0.35875950238965365,0.518977135291143,0.7413514024779785,0.4723562557680237
1565,0.26784178694822053,0.40660454808863417,-0.09806946700862401,0.7663513275498294,0.8600544095859438,0.4323086806668103
1566,0.2997299102947224,0.5153279964556817,-0.05295282055498986,0.8217637040314333,0.7368062952294901,0.36283348474495725
1567,0.15695501348199659,0.38908236925976214,0.05599456153708446,0.6162765034519202,0.8449274499831239,0.3844114534588754
1568,0.03743361025688872,0.47910529258044743,0.19601903976653487,0.1685373525598544,0.9590344687800897,0.38924988361114116
1569,-8.0,-8.0,0.0,0.0,-0.0,0.0
1570,-1.2041199826559248,1.2032700902169777,0.24999614401718148,-0.003937007874015707,0.9992914510983018,0.9964767156862747
1571,0.22716949538733228,0.570106932083682,0.33055321354390726,0.6638528452453858,0.8645631686813451,0.5102438552766966
1572,-0.40308998699194354,0.7002893338382701,0.478516890508182,0.26691729323308283,0.9331760107684366,0.7821891512549539
1573,0.22445091705652007,0.38923655280055897,0.014470801740972344,0.7043765949311405,0.59257375555419,0.3740857124755366
1574,-0.43490789555390835,1.1007179648263359,0.2664853417629177,0.22830597684507262,0.8247831528924388,0.9973308383566581
1575,-0.7041199826559248,1.0038082459403321,0.341772685406542,0.17940466613033,0.9945299154637972,0.9769631410256411
1576,0.1017821596535554,0.5824711100994218,0.3350611210284435,0.4588174372030137,0.8893692077398484,0.4874769029235469
1577,0.2606575618770301,0.4271683987274458,-0.32473722881750766,0.7600395671045735,0.553488071304518,0.4918132261984055
1578,0.12777942008983967,0.5085632871572157,0.13778161121133664,0.6008529901224235,0.8180480158317703,0.41062108180021395
1579,0.010502384195285003,0.684667089010514,0.29787927873131187,0.1453810383910634,0.9687385499025373,0.49250283575269693
1580,-0.23769011824096153,0.7978007213282693,0.3294893232370071,0.2624185148057137,0.8387354803049465,0.7909851849879651
1581,0.22195047445423288,0.5678027623294049,0.2705888621547154,0.6890256745207513,0.8591203497798804,0.4234959426878933
1582,0.11771247700427083,0.5379223733997816,0.3773225082248186,0.5906623959767958,0.7590313974280889,0.4979543935469215
1583,0.12022347136226808,0.4510360382255032,0.29537241513057433,0.51109221537869,0.9123373472358404,0.4360631623212892
1584,-8.0,-8.0,0.0,0.0,-0.0,0.0
1585,-0.8546349804879153,0.8503518585725097,0.37368663414062925,-0.02,0.9581966831641618,0.9821028386454185
1586,0.3242657186400436,0.36816213087295385,-0.4044727402800117,0.822504168028905,0.6991088440947951,0.4422856640573567
1587,0.2730838159813337,0.4035603255800806,0.08447833277025549,0.7687236019979367,0.6382108226261717,0.35619941063762733
1588,0.20484465717457875,0.5011613517122471,-0.3278762713004829,0.7452418859888693,0.5520885592187714,0.5629514247896187
1589,0.14870736714370658,0.4026348188075673,0.03201699452485828,0.6476484056139767,0.8892251869309191,0.37023494441346927
1590,-0.9655593552960936,0.9629996332280778,0.3289718301566361,-0.011904761904761908,0.9611794013577188,0.9893465909090909
1591,0.310406551045388,0.42943335731749055,-0.3282220242701815,0.8219531729533233,0.7009827702741365,0.5246047010956264
1592,0.32338766878100705,0.5036119092203344,0.08141354889791286,0.7934036735598547,0.7232499262505788,0.4167000070035313
1593,0.30410350499308336,0.5615765802393683,-0.23753148188374806,0.7641062438181006,0.6977814524564379,0.37950042853276644
1594,0.3078284418090713,0.4596559267284458,-0.28128680154085967,0.8079805621891181,0.6994450799763989,0.5089990774865487
1595,0.23647972656407804,0.5695092496607675,-0.29545452195706307,0.7293986848225021,0.672702747233226,0.5405211823556066
1596,-0.7041199826559248,0.6954675535516895,0.4438128616001761,0.06326530612244911,0.9538978689798444,0.9634781504065044
1597,-0.14033895940722232,0.6219928901646621,0.3697024699040359,0.3951490235015232,0.8873607776565667,0.5373594432194438
1598,-0.6645293596321123,0.6541042901455523,0.4641355933848257,-0.049382716049382956,0.9545427393567774,0.9558145491803276
1599,-0.16057691931261722,0.7562053678071874,0.24846488318017346,0.5483222191659324,0.8867275041144835,0.7729962663000632
1600,-0.297663304334497,0.7799891453719203,0.44618967136658716,0.24439113870466958,0.932969136469209,0.6709636605449821
1601,0.20764497962535397,0.4828514995361419,-0.10426087508470618,0.7084617270816831,0.6711150812762796,0.50016559624341
1602,0.20750708702207754,0.4348732753122582,-0.30430223287765484,0.6759455472555458,0.6620646179499581,0.4289344609645567
1603,-0.33393863790880285,0.8148410808583525,0.43009193763496634,0.33895009721322106,0.9607211732851769,0.7518934238648278
1604,-0.11520241618440034,0.7010020666560973,0.42082259158921703,0.3742400436055879,0.855477869857474,0.6837130630171506
1605,-0.8546349804879153,0.8503518585725097,0.3736866341406291,-0.02000000000000004,0.9757253848836039,0.9821028386454185
1606,-0.06028699303861706,0.6587760079703021,0.3820851549334275,0.3831981424087488,0.8362048703791184,0.6066222173114785
1607,0.10534660432169007,0.5209319208112039,0.32323135398658254,0.6127909236825344,0.6786938291230605,0.4464953123232862
1608,-0.17485435912266667,0.6416235220823002,0.23912586485825763,0.5386146598730052,0.7898562498437827,0.6181453643427315
1609,0.19822155347235584,0.6168858612423358,-0.298597373698595,0.746618247156056,0.5844080204032639,0.5830990523638204
1610,0.12262031002282228,0.54944683067542,0.3563810630521163,0.5986284072231328,0.6957558321680004,0.4528494043882909
1611,0.20230871214194363,0.42123100932967705,-0.1312055445626613,0.6729576134367102,0.7721991498131562,0.36809059192440563
1612,0.08492375977710241,0.5774264163215778,0.24862567598092553,0.40100769077747167,0.9060859001188414,0.46836816125160863
1613,-0.815044357464103,0.8098943791441969,0.3910417185252597,0.14658634538152607,0.9596583398624068,0.9784375
1614,0.09563663296228335,0.5719471020398921,0.3544426783123356,0.5144946812404867,0.7891657184133274,0.5019223153060225
1615,0.23365595878253442,0.48276990655522534,0.09456783582777316,0.7001462595903192,0.8110802834687711,0.3650448163847472
1616,0.21772663035624004,0.5763298877292135,-0.3572741640985812,0.7153121563150039,0.7342694453816051,0.6083950329092468
1617,0.25211894571325155,0.44212847714818554,-0.16365730442948448,0.7375425582847629,0.5739375834815229,0.5003386505248582
1618,0.19779478935972758,0.42610478756768805,0.02666693137567555,0.6530394420088308,0.7370350899163578,0.3873042936470941
1619,0.09456862368660397,0.44637507935948795,0.21065115574128293,0.4517734401826299,0.9244099592277941,0.39627155378844164
1620,-0.2608746200696838,0.8669556038936258,0.3904069202854623,0.21805792163543392,0.8749315057200635,0.8220537152993725
1621,0.1959619107674206,0.40402259261651585,0.04983346113409309,0.6504616950783803,0.8095878666208381,0.35599509536286
1622,-0.6471483065025064,0.6358314606457377,0.4732942547866938,0.027336300063572863,0.9645596777196841,0.9519354423868314
1623,-8.0,-8.0,0.0,0.0,-0.0,0.0
1624,0.07490743270920976,0.5324741973829856,0.27476921989689634,0.24337426304235682,0.9010990491589058,0.49275748116314655
1625,0.04778468528858275,0.4882998388109705,0.24214610252155006,0.2858472362721151,0.94071925442876,0.4195943357923311
1626,-0.6045204659041808,1.133767310568363,0.24786494520999217,0.38406018189727076,0.8849432070445397,0.9999819321717195
1627,-1.2041199826559248,1.2032700902169777,0.24999614401718148,-0.003937007874015747,0.5700007045817573,0.9964767156862744
1628,-0.7815709626487963,0.7755506535407398,0.40631599507216143,-0.028225806451612916,0.9713104418916062,0.9747427208835344
1629,-8.0,-8.0,0.0,0.0,-0.0,0.0
1630,0.2588399027103864,0.5929933814462504,-0.11924743275637746,0.7756454624601776,0.6326628425572894,0.4804564969374856
1631,0.2083370402074591,0.5043735961220891,-0.33622585922188436,0.7502329304443193,0.5462159201744657,0.5427148009935657
1632,-0.054251163110858036,0.7469841392388026,0.33716845717790406,0.45324231556682154,0.8703924101992271,0.6116072835792506
1633,-8.0,-8.0,0.0,0.0,-0.0,0.0
1634,0.05822724352495784,0.5919345671424895,0.25572291988578477,0.2846701558843964,0.9579033210803474,0.48522435261438757
1635,0.3720256127074723,0.37018880904568235,-0.27994658920651183,0.8641723290880956,0.6536806702673813,0.44177359345037653
1636,0.2897353967375668,0.5290141816021714,-0.3608552814961885,0.8246886997469831,0.6578824151377419,0.5402251208716541
1637,0.24742731753132932,0.3896774615239655,0.010915356198861245,0.712807505200706,0.8095611081330841,0.43530062101026346
1638,0.1842696571113506,0.5114383303402756,-0.29030890713609825,0.6606214351486918,0.7434306666968226,0.5790003633471927
1639,0.07992485524443639,0.5967820918995289,0.2264730823376726,0.3230261862299997,0.9224414546183912,0.41052170636906427
1640,0.18052661029434383,0.6561189914673178,-0.3961190985473457,0.7238493675646006,0.7024313353477141,0.6909043617032427
1641,-0.0019630457389276314,0.7537020111643487,0.26927908116602095,0.49171238307839926,0.8676733391838841,0.8046842689654792
1642,-0.03640551737203186,0.5236499660713274,0.3482599722948671,0.5793899377807179,0.7936949433599622,0.5650137095591461
1643,0.011174199600221525,0.547731367326646,0.22073627760632525,0.1566269541732702,0.9675446838826561,0.47777457941534474
1644,0.20105437286709954,0.471028194790478,-0.22097694967906312,0.7669895771378002,0.6568504163774199,0.5362292115678445
1645,-0.07596048454914461,1.1051584212333956,0.25757552846203025,0.0629079686509735,0.9441976137159722,0.9854083778725523
1646,-0.37351889562568014,0.8343090283974447,0.26087136190922844,0.6158032345577938,0.8464600181607654,0.9973491539349936
1647,-8.0,-8.0,0.0,0.0,-0.0,0.0
1648,-0.47292098370644675,0.9512995807948905,0.35596350055113973,0.11993097497842956,0.9600998092613814,0.9432606419160819
1649,0.013867880171007702,0.6760866556017943,0.23533846285493096,0.5248257668086819,0.8581534055462174,0.6079846402271812
1650,-0.6020599913279624,0.9005615363782236,0.37315035165494276,0.09298780487804897,0.9466317117116546,0.9672634109311744
1651,0.06840821922251067,0.7181696137469817,0.3859060567767883,0.4662108649560004,0.768336129361862,0.5691013580360836
1652,0.15420831428190868,0.49127074585270336,0.1862946142198004,0.553858939573597,0.7641712585744719,0.42688815684497594
1653,0.23375750833670886,0.5485444945914957,-0.383370259151267,0.7438561917487039,0.6836795414162748,0.5724155196426883
1654,0.2845021818715252,0.43079719599677085,-0.28572334560895757,0.8218008545270051,0.7163177747497971,0.49105543638431004
1655,0.2179415217486541,0.46785609128729155,-0.08330551036373675,0.6785640561527234,0.8081137964473454,0.4320467890464748
1656,0.1600826040648783,0.45778563713566334,-0.2748127396983677,0.6882997762082951,0.6752158225946836,0.47870427814748134
1657,0.15689639380431308,0.44056573877832855,-0.3322182098442461,0.678777775914878,0.6125338131498216,0.48729066207478194
1658,0.20336593986042426,0.6344184679598263,-0.14796478692200238,0.6279598049056434,0.8130510133467854,0.5018500252819923
1659,0.16334582821624022,0.5309145664522431,0.10369548529933602,0.6413049854818228,0.6729168604049164,0.4494823256488894
1660,0.03589096231712396,0.5352365372238689,0.3640993288676604,0.6225977664691601,0.6567899163792058,0.5029222659013303
1661,0.11185041239922835,0.49774342394231785,0.3962902865126271,0.4974150209901227,0.6834222628307897,0.5104538935655567
1662,-0.03427500090972773,0.622879818690293,0.3947836105131301,0.35023778237554065,0.8469788460830927,0.5382671885933329
1663,-8.0,-8.0,0.0,0.0,-0.0,0.0
1664,-8.0,-8.0,0.0,0.0,-0.0,0.0
1665,-0.8546349804879153,0.8503518585725097,0.3736866341406291,-0.020000000000000073,0.9212168357581729,0.9821028386454183
1666,0.22166485538465955,0.407508544317888,-0.1167091747407607,0.7055029818427088,0.6656577499084427,0.44094949637938147
1667,0.2665758979319782,0.4922700523996374,-0.19493824885932798,0.7531563186404684,0.5485646418319637,0.5805663683217327
1668,0.2614039887448908,0.5034327070934557,-0.21770432245432184,0.7560152728175772,0.5378760902018219,0.45269137651456715
1669,-1.0536049848239342,1.0519018604779784,0.29728323715552196,-0.007905138339920922,0.927078823582593,0.9929256889763778
1670,-0.37274106681513774,0.8498217623653104,0.3871259273268878,0.19944598337950128,0.9382951901651961,0.9256533881941891
1671,0.032941916386640104,0.7078631321148623,0.3732022355651042,0.5930350536161684,0.7723532573940498,0.6563807517426821
1672,0.15060847241542774,0.6228748525738241,-0.2661055355895203,0.6531574797169131,0.7475316159874533,0.6252250329857131
1673,0.26849102839525196,0.481732026249588,-0.2684653250598667,0.7954708536936641,0.6809507967933008,0.5191341066838436
1674,-0.6235179538849847,1.0077836714740662,0.2765529512805009,0.5280328150984488,0.999146441566211,0.9998841268611193
1675,-1.0536049848239342,1.0519018604779784,0.29728323715552174,-0.007905138339920967,0.9994156316852726,0.992925688976378
1676,-0.5430103352889651,0.8413743301178914,0.40912160345340365,0.04362416107382551,0.9514209785943087,0.9489584357184979
1677,0.03830105658645976,0.6500703070849707,0.28635035440633905,0.6578228190655954,0.7847522018754658,0.6989779495064801
1678,0.23764686165208018,0.5801551411160426,-0.1844179059174355,0.741816555802912,0.7063311022596183,0.47002883633231507
1679,0.2501754759243987,0.5832832207677736,-0.4138617507643996,0.8115413623472917,0.5763153193122186,0.6875547538165827
1680,0.23266203229471782,0.5713729085984626,0.26322008511802425,0.70392121364155,0.642277195055231,0.46467679260370526
1681,0.3370067873677065,0.4455840308189155,-0.405915425952104,0.852252358131554,0.6644392602479651,0.5427007489715957
1682,-0.7815709626487963,0.7755506535407398,0.40631599507216143,-0.02822580645161304,0.952119778619286,0.9747427208835345
1683,-0.051665569525565884,0.7438266110177182,0.2938476126291844,0.4942202905552391,0.8699834676126993,0.7432509252684956
1684,0.07338611278785447,0.4764227661879769,0.09867351811910686,0.2210923518068346,0.9440054228516914,0.4160376989221978
1685,-1.2041199826559248,1.2032700902169777,0.2499961440171815,-0.003937007874015746,0.9596362417824866,0.9964767156862744
1686,-0.6310559648168058,0.9306907830502538,0.38529979333848435,-0.042031523642731994,0.951614385188105,0.9623909883720931
1687,0.26445306078378533,0.7281913482751338,0.37158140424559893,0.6559344482578207,0.7249277219826175,0.6256042623626995
1688,0.20319733494257627,0.4604276269739696,0.1269936480297838,0.716130447772403,0.6475238556956682,0.39926539009942086
1689,0.23231398637300119,0.5262960533902438,-0.30157464061921846,0.7485589609510914,0.691058399870775,0.5695161722482286
1690,0.2641879189561063,0.5147591912702315,0.3310135975192934,0.7427343472804903,0.7296814587974061,0.472114151517128
1691,-0.008652429104235198,0.7984228252747995,0.41615047267676,0.3976128522932171,0.8331640144731426,0.7708766186702741
1692,-0.006908673180414567,0.45403294842166136,0.00969064894580365,0.236144273146301,0.9529056040687836,0.5007304672115853
1693,-0.815044357464103,0.8098943791441969,0.3910417185252596,-0.024096385542168655,0.9685987135179788,0.9784375000000001
1694,0.24848958071673566,0.5517668168218541,0.26101690427562463,0.7376812539478124,0.726910144586703,0.47473212043937474
1695,0.31093340362481836,0.4797497542604221,-0.3881909397009645,0.8329865317508115,0.7996169540425214,0.59221158756795
1696,0.29043406502298197,0.6026523069039937,-0.31390475936804585,0.8030583100765656,0.7134277291257964,0.47605474437385337
1697,0.2856455902492046,0.38435226377440335,-0.3222565145053659,0.8100945178434973,0.6139624507858886,0.39462596749293893
1698,-1.0536049848239342,1.0519018604779784,0.29728323715552174,-0.007905138339920962,0.9993388950499066,0.9929256889763778
1699,0.29945429972491266,0.4575254658559614,-0.28371290063877197,0.843963236967731,0.45443340101804514,0.5347794556238018
1700,0.3149401922045207,0.4914043977298217,-0.24142010750945872,0.8201713201233247,0.5246196013598768,0.541334323919555
1701,-0.8546349804879153,0.8503518585725097,0.3736866341406291,-0.020000000000000035,0.9597088600381437,0.9821028386454183
1702,0.32861093750889314,0.4723805729068738,-0.046052928083995866,0.8683055111072335,0.6144937540817462,0.5536443637459333
1703,0.2440848637957392,0.4633502720522754,-0.1500530877119089,0.8085812562995394,0.49265273825168393,0.5604720812229657
1704,-0.08332409569728162,0.6391412577416007,0.21457319986070494,0.4574779656445454,0.8923973669830929,0.6519815318101556
1705,-1.2041199826559248,1.2032700902169777,0.24999614401718148,-0.003937007874015723,0.9993748039126711,0.9964767156862746
1706,-0.5764837301042718,0.8761372331451357,0.4203963551053776,-0.00023073373327180564,0.9581132413397019,0.9471507352941178
1707,0.08519962232811139,0.6353874404336376,0.441845884344027,0.3828094714087129,0.8492344844838744,0.5847400714417618
1708,0.20960932842252378,0.5081372706451462,-0.05949714908268373,0.5837869390872316,0.7949649178025827,0.482670331269197
1709,0.08827093139004911,0.5150906585410296,0.26343869051738966,0.2846237678204562,0.9309140598836022,0.4561033823308417
1710,0.058651569786865344,0.5477393699210923,0.14637329793645218,0.34512323016936886,0.9200719469172886,0.4421976245193166
1711,0.0859334985712225,0.6392846437300909,0.18110195601598414,0.45319063384428576,0.8786884911861238,0.6739853381569204
1712,-0.9030899869919435,0.8996702747267908,0.35346325169573195,-0.01593625498007972,0.9539551369836021,0.9857390873015874
1713,0.12006002283454105,0.6083010989266737,0.42901574230667694,0.16052730806044602,0.9268378565942984,0.5056796792821222
1714,0.12029248329828307,0.6433275484132174,0.3499641268823724,0.4641737613996312,0.772019653681012,0.5079981799026739
1715,0.25650454992542693,0.569485425962298,-0.33890158890494754,0.8386202023535205,0.5867649747718532,0.6253241661333419
1716,-1.2041199826559248,1.2032700902169777,0.24999614401718148,-0.003937007874015715,0.9993140430879556,0.9964767156862746
1717,-8.0,-8.0,0.0,0.0,-0.0,0.0
1718,-0.41422818434751973,0.8951251995782329,0.3843237563680875,0.12969283276450502,0.9634279046860744,0.8862036984594471
1719,-0.019405484927786466,0.608754682877838,0.24709384272635565,0.436916780640892,0.9107821688421278,0.5432059312501991
1720,-8.0,-8.0,0.0,0.0,-0.0,0.0
1721,0.17533596354306194,0.7651610980247231,0.3991195395852831,0.3200017724512868,0.8839191347328211,0.6399945709530768
1722,0.23665164924254609,0.5878211367261499,0.28957939741302996,0.6625669821733908,0.6586275097292402,0.5384375712496758
1723,0.19547128920345738,0.6693985361428794,-0.26974584041959676,0.7243264693242708,0.6102910486262374,0.6610473056936312
1724,0.040213719031944546,0.5025795569639934,0.1755939254556835,0.2616763726584019,0.9581542423204307,0.44024545227678463
1725,0.014755298754269194,0.7792439691706343,0.4105444081177832,0.3662458491255478,0.8881556487510798,0.7187053248280855
1726,0.09472761030683137,0.7340198727420782,0.3841501260291549,0.24453130477146473,0.8514583102596195,0.546921948259922
1727,-0.34998676134590606,0.9209493801693794,0.30871373384945283,0.6914905904247559,0.6582149484402307,0.9929252778556816
1728,0.1482368774170101,0.6881366732991431,0.333773229972976,0.6680115155409239,0.8521460123690265,0.5114570243629429
1729,0.23134405336226913,0.5941109316358784,-0.4011121321114113,0.8013956914271126,0.6041725058954908,0.7569720706269826
1730,0.26427814440090425,0.5699920478803538,-0.3951836324709108,0.7840438053188769,0.6625231712810782,0.6865656114756957
1731,0.06161947586520277,0.666718631279281,0.42199431928302344,0.42152275627392577,0.8890307563149796,0.5556850512648862
1732,-0.7815709626487963,0.7755506535407398,0.4063159950721613,-0.028225806451612837,0.9470695028850525,0.9747427208835345
1733,0.12488571567263143,0.7528490527808046,0.4146357641583325,0.2744734362841258,0.9201070094177365,0.6356467151151889
1734,0.3035831283234204,0.5223363385772205,-0.3801618339885509,0.8442730716079876,0.5914767838585706,0.6464062170433255
1735,0.10011943151469484,0.394480484172919,0.009509775572472077,0.32823498516370303,0.9294167019806194,0.42381707866302976
1736,-1.2041199826559248,1.2032700902169777,0.24999614401718148,-0.0039370078740157445,0.9942844740633958,0.9964767156862744
1737,0.19793056099116305,0.6899257757198891,-0.23067806206927616,0.7379165883009248,0.6801981635528066,0.7117562242698982
1738,0.23550654893943285,0.4103409323478271,0.060351793131442844,0.7350448603752883,0.791615530119074,0.39852883768378433
1739,0.36543807267234935,0.47170177289554244,-0.44338722315701146,0.8906237851897455,0.7044784392300825,0.5916734777154606
1740,0.25291680744346495,0.5854760112357615,-0.3799654250732058,0.8243879477127005,0.685544692500203,0.746902605768859
1741,0.37277910195924235,0.5299561016812402,0.01633379581922015,0.896186204886451,0.5869360751560846,0.4549675111166844
1742,0.21774901430826152,0.6289993164908874,-0.30908142835428726,0.7332714553853693,0.6801970830350803,0.5776027374205882
1743,0.17801357856386307,0.6943889970498188,0.21956925391246537,0.5963597054869589,0.8564008364288648,0.5666285626050365
1744,0.1960141998849498,0.6219683538879067,-0.3506254390881718,0.6491221490134562,0.6993047990287754,0.6141522668085513
1745,-8.0,-8.0,0.0,0.0,-0.0,0.0
1746,0.17569104833133162,0.6379512813840583,-0.26017443086489,0.6260071128969097,0.7177709969340302,0.5768066038648002
1747,0.4085928111228924,0.6699606125898879,0.2825574711785299,0.7639579093059709,0.7357289537584337,0.4905227540921414
1748,-1.2041199826559248,1.2032700902169777,0.24999614401718145,-0.003937007874015714,0.9993496790955629,0.9964767156862747
1749,-0.35463498048791536,0.8357101681935462,0.4182006168360008,0.12037856005660696,0.94749794806996,0.774802417224375
1750,0.3538181763446117,0.6791026174467172,0.3886715246751967,0.6651699632335037,0.7324522318254808,0.6073349514965467
1751,0.24099584659688167,0.5296816714003738,-0.2582869230698171,0.7317413048848377,0.6524349778747173,0.5507001566555297
1752,0.27241675071679644,0.43583207932394796,0.19515749952866146,0.806642755926801,0.7879367772340378,0.34987945483884114
1753,0.3169266475309169,0.49335546282462656,-0.380987325183844,0.862541039547091,0.4614636007526514,0.5492541438373546
1754,-8.0,-8.0,0.0,0.0,-0.0,0.0
1755,-0.9030899869919435,0.8996702747267908,0.353463251695732,-0.015936254980079678,0.9731085316253336,0.985739087301587
1756,0.14241741789864523,0.5841796772691165,0.2657629454870704,0.4910732206731864,0.9362358833251458,0.5173889665474327
1757,-0.08384535851462491,0.8879681274112037,0.34526839257027636,0.22139633572936981,0.9453010233648581,0.6588589914312182
1758,0.5398927485597311,0.5204102202620013,0.4759486370732245,0.8628516521407633,0.6859042018573906,0.5872836590157926
1759,0.36738741747112275,1.0003222566620904,0.28204975274025496,0.2907251817032398,0.9039368592897754,0.7078964816124469
1760,0.16235184533740216,0.5235165005104507,0.14663980152667078,0.5718460471036605,0.8182194274083006,0.46616899303412945
1761,-0.030810074542509024,0.6004118025635913,0.28723947633611613,0.39357898232929023,0.7951698788887478,0.7005073244404447
1762,0.14111391054511427,0.6307861558326112,0.26809463784929966,0.46154363935709397,0.8801039620306618,0.46066006418177563
1763,0.25567621720981104,0.5339834363322757,-0.17925993037944143,0.6803138251827052,0.7057965846788343,0.5473716161193759
1764,0.22773654148544462,0.6746025995375231,-0.12730454110238518,0.7911344757373266,0.6289186260492103,0.666188996945131
1765,0.3115587880869023,0.4404710009017967,0.17416499341110014,0.6513756217896434,0.8400914365620396,0.4355605451539778
1766,-0.7525749891599529,0.7456808469171364,0.4200001228627711,0.10744463771842488,0.9762246952502937,0.9710181451612905
1767,0.2138033576543556,0.6582239171336007,0.2934868424686303,0.5448565022983792,0.8177625068493909,0.5319068118841129
1768,0.25650040287234394,0.5738021619630227,0.31161439710244576,0.6268513629874152,0.7898575001541919,0.4715558604087017
1769,0.2645962509930987,0.5046474997029955,-0.32542785494734205,0.816562342555325,0.4993250088797642,0.5366146961129191
1770,0.3483859267943618,0.41918154374394406,-0.2057702774280624,0.8776835674090226,0.6091089472222414,0.4717331250015228
1771,0.2011246913121028,0.6265127573570125,-0.05118737324645023,0.6254491135362963,0.7549561007999473,0.4826640963482405
1772,0.049798765526620624,0.5713049739765355,0.1507760305095066,0.1773437761245488,0.9412788154258118,0.45532531297458706
1773,0.23872634559375266,0.5838195079205925,-0.3329859069255371,0.8342249579791863,0.5651747130420329,0.7072454690544658
1774,0.2854658908297007,0.5650217081725336,-0.3183119994357464,0.7999862481989529,0.5762101966264516,0.6228257066178626
1775,0.07506442302845867,0.47216128296523663,0.13363777584355593,0.29534645893137834,0.9714717201421188,0.4580864524234873
1776,-1.0536049848239342,1.0519018604779784,0.29728323715552174,-0.007905138339920962,0.9993221727382109,0.9929256889763778
1777,0.24261869492263416,0.5511721420216357,-0.058362529237043555,0.7420372211547731,0.6450564545112624,0.5726320653664357
1778,0.23269983219975823,0.5827836941047956,-0.32238497377480635,0.8135157549112157,0.6029158248521822,0.7122227645243363
1779,-0.4884381005764311,0.7867964369087176,0.4442511071356136,0.03713027061044671,0.9513939788968935,0.92554074298919
1780,-0.9655593552960936,0.9629996332280778,0.3289718301566364,0.3253968253968251,0.9993632480349292,0.9893465909090916
1781,-0.34198204785553027,0.6354847757758368,0.48622967326447153,-0.03430792631401058,0.9640737255364452,0.7412069119626482
1782,0.33888979359563814,0.512872671249731,-0.1295032941463963,0.8714271139666148,0.6166966824628819,0.5274243639308063
1783,0.22517265886184745,0.6451881631733571,-0.18165628813481294,0.7831681541663275,0.6793184098563256,0.707838992505702
1784,0.24858781627106508,0.6345234199232648,-0.3580259260222851,0.8070317515296827,0.5914198636592073,0.7476738868083574
1785,-8.0,-8.0,0.0,0.0,-0.0,0.0
1786,0.24168152845604318,0.48418809772494276,-0.2327596308983772,0.7992127581388899,0.5514235991059455,0.4905030610998842
1787,0.16893995770254183,0.5102476084972889,0.22385844022823595,0.5856073041943115,0.8736271742054955,0.39403806161560667
1788,0.33921924783365565,0.4650606478753381,0.10842597622532865,0.8336633259153968,0.5028647322538695,0.3500228315832836
1789,0.22215681949545132,0.6715518732180847,0.34239047483020213,0.5933001919632325,0.7277624006531734,0.5348930886488621
1790,0.11646149805266345,0.4252759968232015,0.041050382019403225,0.42488064748369775,0.9193481119065555,0.44439116299421216
1791,0.2212301648896222,0.6418322090374331,-0.3421082461823165,0.7949060012727553,0.6499485857347121,0.6877721393028816
1792,0.35311797848425486,0.546683023459175,-0.3897754407569828,0.89845891909084,0.5034306636818352,0.6020239913204672
1793,0.4214911278448555,0.3784445678100085,-0.36704061211949895,0.9175105381516763,0.48239474306764335,0.37024216130259485
1794,0.043188778770817504,0.4829721235299112,0.14180527676805665,0.39034408274969956,0.9531221759224838,0.458767603404236
1795,0.19091094831378838,0.5911014740050112,-0.05419301487337758,0.5490744562713428,0.8160716258538738,0.5991183894332608
1796,-1.2041199826559248,1.2032700902169777,0.24999614401718148,-0.003937007874015744,0.9965039194447951,0.9964767156862744
1797,-0.004283121915405721,0.7370982207521501,0.3987285565613961,0.246510004653327,0.956443398756576,0.5699001078508479
1798,-1.2041199826559248,1.2032700902169777,0.24999614401718148,-0.003937007874015707,0.8915591718303322,0.9964767156862747
1799,0.29154785832156266,0.4651004066892076,0.009974087545905987,0.581934901826522,0.9272204308773121,0.5061979367647844
1800,0.18834607659294966,0.478961252140033,-0.21372842483792195,0.7513873542306919,0.5691699674564953,0.5651462559353092
1801,0.32696670418848983,0.4267746655157678,0.22148787785435364,0.8285374363131016,0.6740166376934549,0.3968246387023856
1802,0.2682096034931585,0.580855808787033,-0.42144138270744436,0.7924938381183511,0.5441231608159516,0.7440632704086152
1803,0.3354638513268693,0.47958342332507936,-0.3060366756367918,0.9022221743640326,0.5692137347613616,0.43861240848967087
1804,0.12454498115080394,0.5070300434560477,0.21810898547012136,0.40819720535678594,0.8804396999028958,0.5158033716093051
1805,-0.34198204785553027,1.1213298902167619,0.26677312804071707,-0.03373106929784297,0.9803590066795886,0.9698170992991545
1806,0.3434096546949053,0.5413490728206881,-0.2764229883090692,0.8679804527475475,0.7007291684530722,0.6032740910228281
1807,0.3298403850054549,0.4410032684307895,-0.40164728036047875,0.8885242525716902,0.5333568620855261,0.45147188364113366
1808,0.34894372382510846,0.5318643076564455,0.4603309789379367,0.8309437041868258,0.8694160218955242,0.6233180593418314
1809,-0.4884381005764311,0.7883072310395406,0.4793392337742472,0.10383386581469643,0.9660304619634487,0.9106849948306028
1810,0.13422682215650852,0.8206411204994866,0.3386999108761552,0.13450994726123983,0.9517138356395596,0.5238737407400201
1811,0.10939832121110177,0.7653826646248398,0.27131545030941223,0.3307620670131626,0.9295988285575734,0.575717023129328
1812,0.23718864455135716,0.6955436125571365,-0.30795881555511656,0.7973254092616652,0.6733080419064623,0.6942312619975896
1813,-0.6645293596321123,0.9641793146007505,0.36479768385805184,-0.03378378378378387,0.9462787988325496,0.9697699360699865
1814,0.22221122555189374,0.671294605139586,0.34488938757229237,0.5559164400707478,0.7949866857267462,0.5752801228946688
1815,0.15495122671088254,0.47907515741691065,0.02117614569357807,0.5621168009794191,0.841024128754643,0.49255868448582363
1816,0.24361240304533166,0.6791280269373114,-0.37716815000079285,0.8000811552360763,0.5647283588831707,0.6885506448298762
1817,0.07253469315757705,0.5684177954830304,0.14635128409098966,0.3203048978039135,0.9615908333963878,0.42987466073109826
1818,-8.0,-8.0,0.0,0.0,-0.0,0.0
1819,-0.9655593552960936,0.9629996332280778,0.3289718301566363,-0.01190476190476198,0.9722063109563887,0.9893465909090915
1820,0.33355996740731925,0.5611469010189026,-0.3543556351332611,0.8681632807131593,0.5020747090197881,0.6157180040089243
1821,0.3748175966613977,0.5907141470281223,-0.016250098238232865,0.8794729382237895,0.5979789536618108,0.5162960681629795
1822,0.06754878723942621,0.544556302183104,0.15150096722812814,0.29351760651443487,0.95042826641331,0.49816053553870593
1823,0.3605528867141552,0.46444024854633464,0.07045459151207484,0.6535832066074352,0.7983896228069917,0.4377803843157086
1824,0.29571995313594235,0.6482544572247656,0.2563710284263098,0.7086741251454921,0.8440832754201494,0.539628837020012
1825,0.23960564905022497,0.4432986805825708,0.20515797195108837,0.7254511570663114,0.8341756937553688,0.39669535567130265
1826,0.3134044321029537,0.6502050020434563,-0.12716604152239466,0.8485091068252014,0.5478590979585264,0.607401689318028
1827,-1.2041199826559248,1.2032700902169777,0.24999614401718148,-0.003937007874015735,0.9993461254784711,0.9964767156862746
1828,0.2518701658288023,0.4694378112210234,-0.2650132252601993,0.7783853269731628,0.6295561755717262,0.45375420144762635
1829,0.09783170511063197,0.44997413178324086,0.10027656826856192,0.3951922179755174,0.928400063397403,0.44523235959617
1830,-0.09104911898362833,0.8184442328185779,0.2749652670191471,0.5036335309355793,0.8429324366178992,0.8811476106435233
1831,0.0672927308236652,0.6589729526102079,0.42309427129371785,0.19900035541937527,0.9467583852554105,0.5829518820569152
1832,0.5690017776665239,0.5327147523563738,0.34508372431593554,0.7638628068374068,0.5372542168390395,0.43823707344715734
1833,-0.28157096264879633,0.7637627725111862,0.4225957257474369,0.2808927558297372,0.9332925404135284,0.6505405494216616
1834,0.14494627783318922,0.38353321041850563,-0.08270941414905462,0.6103347623254134,0.8258990555644091,0.3794653403974973
1835,0.19223459525818304,0.5177623591552116,0.32098161397461006,0.6812848705811538,0.8708870194962665,0.509001963204915
1836,0.10595677831690252,0.6625135233376007,0.23243930900538165,0.3870936403235918,0.8876686013139673,0.5307331447958522
1837,0.27028215157157054,0.4874040037341779,-0.3904365425132381,0.8282535766422863,0.593673805913842,0.5323744403976662
1838,0.0450352942388755,0.7513988742658634,0.4432237309835529,0.40141364740126395,0.8715009163968513,0.681424828560479
1839,0.17630687477438534,0.7017598602400416,-0.2798144828198395,0.7159060480682726,0.6933818174153914,0.5685459191243966
1840,0.2969077195700496,0.5734953283769971,0.39943739857962857,0.6117365636083935,0.867526096131228,0.5704712897259706
1841,-8.0,-8.0,0.0,0.0,-0.0,0.0
1842,-0.5329086422448216,0.8312614918274479,0.4155275112266907,0.03518728717366628,0.952854560555043,0.9451594291635268
1843,0.012365294052798641,0.4852703230868234,0.021601945962093434,0.3892188625764195,0.8509838830157762,0.45847273915057424
1844,0.34149317332372314,0.648099437819819,0.34630136939408973,0.7157192313606017,0.8217943196444708,0.4913892504089355
1845,0.32986808926413186,0.5427749789984871,-0.4185593978293878,0.8048618595605326,0.7623955217526672,0.6115461382213087
1846,0.238418256753808,0.5250008165830777,-0.33803227991999685,0.7548702654482989,0.5580866978789509,0.5730057180879591
1847,0.1718674968733794,0.41185433792355847,0.11606782924580931,0.7008582031200228,0.7517873715133886,0.37426939814121885
1848,0.3451797678392245,0.5421972379344667,0.3011400518222271,0.6903446107137281,0.6964299473925797,0.5239235427461414
1849,0.2221468792079055,0.6536664723727661,-0.3923273959340273,0.7750190496098605,0.6083941550524544,0.7191439346540371
1850,0.3898267026587462,0.5477134826748848,0.43999932495053784,0.717467927699486,0.8200711228258892,0.5831830944198477
1851,0.08397587708499353,0.5655974005570757,0.23757451247815026,0.5042300621624796,0.9360477862852061,0.4765797115879466
1852,0.03609167480422285,0.49460309534368996,0.13294589854518546,0.2765316829752799,0.9549642108550602,0.42386507507042637
1853,0.2967807224867572,0.5453384648367261,0.19504857961266783,0.7230105584130514,0.7808933288124562,0.38546539745538216
1854,0.10815741007857788,0.48319479845479935,-0.26528738474532826,0.5764757189920416,0.736709950687767,0.5116029948001545
1855,0.18174648888041248,1.0471756314439,0.3062886925464366,0.7577714050448836,0.3779758632893452,0.9867538369813067
1856,0.1868805396169464,0.6615752265313106,-0.22801812534815738,0.7084150937726795,0.5416055712073653,0.6358660331292506
1857,-0.05995793418305462,0.6878353145260373,0.21272728261739618,0.34293183520926324,0.8770827649643799,0.8080370679694514
1858,0.3714116440209503,0.6542902719801499,0.4579970776932046,0.5712684941887431,0.72586176119217,0.6592501802113369
1859,0.018781059849294637,0.4158557072071391,-0.019355492557645057,0.17921343448628854,0.9437609562107244,0.45666724940015185
1860,0.13295133211408938,0.4981368912097598,-0.2849270207800887,0.6391079432416038,0.7137165479668379,0.5146206746636736
1861,0.014033592390759565,0.5453293548957263,-0.10659895287642282,0.22300367053578873,0.9522830111745971,0.41837971014830305
1862,-0.2784908082963871,0.5685181399010577,0.5059762403926867,0.11643566945606691,0.9626983625723567,0.660069568718683
1863,0.015674359188905074,0.8616310458994553,0.31069765771438024,0.6177218906007523,0.7936351026869256,0.9338249255430262
1864,0.2473065732916386,0.5784075962247804,0.1292108844331826,0.7404426634015014,0.7174745059075408,0.6309115643260942
1865,0.3590155523127531,0.5662316046779344,-0.46940156265138966,0.8761481168777484,0.7491807834055451,0.6677078800969954
1866,0.2539698027729273,0.5368249593254807,-0.18606614243588288,0.7641151359763247,0.6841044739052098,0.46812484803963367
1867,0.16104834332354154,0.567024630724379,0.24402487833032674,0.5411351075247005,0.7635106764471211,0.4884791983242945
1868,0.2672497461054336,0.46530670838356475,-0.3441020785998306,0.8039811884442897,0.6377965119622584,0.5137368634478028
1869,0.24343548740414803,0.6586850954358422,-0.257034895291998,0.7639461989654406,0.6504581127080603,0.7251289618310534
1870,0.022656418264557193,0.7091750235083727,0.1984340897625683,0.1381089941821489,0.9264388585553357,0.5219314222388887
1871,-0.05779138042017455,0.6574210940808954,0.17810956266749284,0.5229366070347236,0.7933542346901367,0.8337944021477204
1872,0.17204821611829077,0.7146941846174429,-0.19912817856474455,0.7576924283636831,0.7164746037687055,0.756579996126079
1873,-0.06704105802408487,0.6809633197497001,0.468941790188821,0.17359887901667295,0.9474702469056417,0.6577617650285214
1874,0.17932650657343843,0.48537335757925654,-0.06225279266100775,0.6135455600088705,0.8835908108019455,0.4282890224390557
1875,0.02635570662719935,0.41347100128907827,0.06890459367021973,0.17404627040810616,0.9502381858643197,0.4335159292392202
1876,0.22273928647171443,0.6715436385285517,-0.13420480126736506,0.6854726578137729,0.6910468491818418,0.5555097825748357
1877,-0.4884381005764311,0.7867964369087176,0.44425110713561355,0.0006399879089506419,0.9413628788556367,0.92554074298919
1878,0.10666824510693848,0.5201347371750027,-0.25164297150271925,0.6605164609549143,0.6532744976176106,0.5147291148348482
1879,0.23763956483365212,0.4451102605685882,-0.14807696107895388,0.7972021856537507,0.6831710251425223,0.42135597558649895
1880,0.12017494755855747,0.6445568582881472,0.26689700511696907,0.45212786157399515,0.9422389383288612,0.558506399438557
1881,0.0391564823284067,0.49546388782891415,0.017535116366517584,0.3076865397855046,0.8340572831735082,0.4662468311333182
1882,0.08995075766976607,0.541190440505872,-0.15826920447385376,0.5006373843965849,0.7908617441567513,0.46778300757484204
1883,-0.46555935529609355,0.9428359082079428,0.3632871782782848,0.19103448275862076,0.9586244239067511,0.9506353021978021
1884,0.1387558953730397,0.5344059047306753,-0.25773516418977965,0.600326868924381,0.6954334212559494,0.4939163457774679
1885,-0.7041199826559248,0.6954675535516895,0.443812861600176,-0.04081632653061231,0.9533592291497324,0.9634781504065042
1886,0.64388018768495,0.3631532371180117,0.20400801879257352,0.7934387750330221,0.7381815218360267,0.33037094199311756
1887,0.1556791358107663,0.5120747957090556,-0.2874684738788365,0.6816742296683274,0.815130361396895,0.5105199523367432
1888,-0.13418043945530655,0.6137218229007829,0.4697566944844613,0.24695459579180493,0.9540542665221792,0.6099109831790804
1889,0.6328504757772562,0.5560679072000249,0.47064765886151577,0.888482458615414,0.6038544352000867,0.6704122710280019
1890,0.2886729713281204,0.538888655171566,-0.046542136690740234,0.8057603705656476,0.5517618061731945,0.5639374436673406
1891,0.1884668280037671,0.4600177358477422,-0.11852181604323815,0.7430985122072641,0.5768448286945651,0.4922149483890025
1892,0.39861996509872194,0.6357143404386045,0.38274216733899125,0.7614263907202634,0.798135997754294,0.5340196975848546
1893,-8.0,-8.0,0.0,0.0,-0.0,0.0
1894,-0.2445809364678878,0.7258391840107759,0.475052488729943,0.01945261253110139,0.9457040789545547,0.6530950111161142
1895,0.5536844919613153,0.7078414683486991,0.3727686345222983,0.5954123241278769,0.8426979035985763,0.5456008601114078
1896,0.3539900184075047,0.5861411681049106,0.16802313153122406,0.7132415300175008,0.8483003879395495,0.5472828585220892
1897,0.32335427469385636,0.556180865166111,-0.35251002222783173,0.8410089722666425,0.7363120263278603,0.5556144454120043
1898,0.2612200929951417,0.5884823547739554,-0.09851438248677366,0.8433238727641581,0.6235439742174197,0.7002794453035847
1899,0.2575606788935564,0.5158003362711551,-0.3262221948363001,0.8214958729628187,0.5172757416697409,0.5558910160363569
1900,0.2822179334671662,0.6900485928341503,-0.23495602059956328,0.8411651318198881,0.6416556220350621,0.7029863629872442
1901,0.1929012453286322,0.8765800853730643,0.3384269661001243,0.7768793565438578,0.7131777490543791,0.9655475663207403
1902,0.2314355614625626,0.6753566778069489,-0.05953425255867753,0.7989500371474837,0.6771986974373083,0.7039954991182503
1903,0.3766427994588463,0.6039384122025411,0.3619224355627619,0.6930437214649092,0.8235308666383074,0.49486068911000874
1904,0.6083303184463202,0.473333837508807,0.3737427342927153,0.5179776196995931,0.9165996879832716,0.43374102393901304
1905,0.16757194561409328,0.6250426233034879,0.14020629881642327,0.527824235312088,0.8404781931807697,0.608269038940421
1906,0.2968586709457093,0.5030731656673584,-0.0306762992013727,0.8401265975051414,0.6667206036717651,0.5278076979238179
1907,0.6688667976378059,0.7068400058540465,0.4414032266656484,0.865875768193644,0.48802676142607965,0.6706703067720292
1908,0.40415799706006733,0.47577549037954586,-0.07600537940202565,0.8826479644682356,0.7152971173257728,0.38985608820301204
1909,0.13760927194162262,0.5273651935438982,-0.3526494608408006,0.6915959021095216,0.6186821627355692,0.571165368798975
1910,0.2557930883964981,0.5214802552092744,-0.38293353962103965,0.8459010665856227,0.5190942875838089,0.5872010894693933
1911,-8.0,-8.0,0.0,0.0,-0.0,0.0
1912,0.31359497694228533,0.6568308672242956,-0.2359666252176083,0.8167038900505678,0.6389893632123711,0.7033834474359976
1913,-0.5232560646471284,0.8230028044864024,0.45593914029411403,0.012721238938053176,0.9432900252567537,0.9272607054341842
1914,-1.2041199826559248,1.2032700902169777,0.24999614401718148,-0.003937007874015724,0.9993351277543774,0.9964767156862746
1915,0.41886979796038004,0.5215203272445084,-0.33684777810450045,0.888446301765516,0.797170908001581,0.5783298442998881
1916,0.5338857514638768,0.6236835709498983,0.436965426885574,0.7071061903093058,0.8409959238804644,0.5928410500890536
1917,-0.17481923202061495,1.0215163754230145,0.2861976483493715,0.594620710749939,0.9963282053467732,0.9999713473721211
1918,-0.7525749891599529,1.0523365286478543,0.31561339053595,-0.016919811747837805,0.9927201306150694,0.9839245775347916
1919,0.39590568050785585,0.5737981164585311,-0.01626295903948677,0.8233023290397476,0.7254179645148346,0.5600570777283609
1920,0.2804278189149512,0.6316170328244499,-0.10296383949023515,0.8185666846981362,0.5172467239100219,0.7045120721372322
1921,0.35196362758609573,0.6289312654419718,-0.1438155335504016,0.846741929218269,0.6439611093362898,0.5568660952783949
1922,0.25902653307382795,0.5377232026905667,-0.3853273134675861,0.8484553986286516,0.5114883068872511,0.6320690788677445
1923,-0.5430103352889651,0.8427114505990115,0.44266041932529193,0.029835802963556295,0.9503126985509392,0.935326832003988
1924,0.17151150352158445,0.5160410331038219,0.24315236838801557,0.6185008021989665,0.8248369657185298,0.4631375852275181
1925,0.40892207533198716,0.8888318422038364,0.33547486785396885,0.3715611638862359,0.9624273049198472,0.6993794115855898
1926,0.4419872885507132,0.6301752218906799,0.21755566009573796,0.8167735067992268,0.7864999429158301,0.5971246426184575
1927,0.42092157157505883,0.6384990090901466,0.4011404771329969,0.7345232767229272,0.8244089594597686,0.5810228666590737
1928,-1.2041199826559248,1.2032700902169777,0.24999614401718148,-0.003937007874015735,0.9994250253710372,0.9964767156862746
1929,-0.6645293596321123,0.9641793146007505,0.36479768385805195,0.31081081081081074,0.9222900790333871,0.9697699360699865
1930,-0.02515255915569788,0.6346000749536446,0.4755349037676929,0.11968449931412901,0.9568033911967639,0.6384302219796215
1931,0.6005186093760745,0.3753214167674705,-0.09615157746041661,0.7319551931063778,0.8397972760587511,0.4359031349887521
1932,0.6159183225685139,0.5745725092171113,0.41970497410733976,0.8808437689436939,0.6315461486620199,0.6651935087517078
1933,0.26442402598463915,0.6317133513218087,-0.14031700820941892,0.7906237283821262,0.5725434476897637,0.5998601676268114
1934,0.03669872044293345,0.45000947707890343,0.021263114313421386,0.41091137003355666,0.9308893085282539,0.4134487704375894
1935,0.290057514901437,0.6318792839168305,0.2911635105635915,0.6657626871282543,0.8268422100381498,0.49863119364783676
1936,-1.2041199826559248,1.2032700902169777,0.24999614401718148,-0.00393700787401571,0.9702969471442445,0.9964767156862747
1937,0.4089524721110842,0.5755012897337933,-0.13867098640885142,0.8364425025585014,0.6133915688701952,0.5627628842111199
1938,0.284897527442153,0.6765653743639046,-0.1588827157436942,0.8460926101759104,0.668533226491522,0.6449166452209251
1939,0.04274871327049156,0.4442109904825956,-0.021875984743852803,0.32016822861997934,0.9150792301043754,0.41079471251280386
1940,-1.2041199826559248,1.2032700902169777,0.24999614401718148,-0.0039370078740157315,0.9992041302114255,0.9964767156862746
1941,0.3756993265699568,0.5945337939280492,-0.15677732698405847,0.8869528266794532,0.6134700909210291,0.6298058177538286
1942,0.23829997239546202,0.5041576177157043,-0.09719029703693396,0.7915298375760742,0.5841185031904612,0.6201022632406495
1943,0.29763848970075646,0.67821199592255,-0.12773548579929958,0.8228741391427418,0.7012928866554478,0.6938566973905045
1944,0.10315693046065241,0.46440473082269107,-0.05629137373251755,0.5611042146158091,0.8861811776841553,0.43621787588963473
1945,-0.08610991416787143,0.6227077973545088,0.08632407457387814,0.5401422690655081,0.8235744413716981,0.7505751507797037
1946,0.2899141647726881,0.6732885402919847,-0.1479702973241667,0.8349063792534247,0.6742702384150343,0.6620498031490551
1947,0.2914521032619231,0.6484093084597197,-0.43610226959969345,0.7830842648398156,0.6227397879615637,0.7810370343514403
1948,0.35835430428232146,0.5169009523799531,-0.2789691269325205,0.8853519349609403,0.6481051955979202,0.5950220679065273
1949,0.1478776247940897,0.5133829050915365,-0.22361070308041306,0.6382068541199574,0.8253541694447892,0.5170724803109001
1950,0.05521140721639907,0.453565639647504,0.0043643775280898,0.3924416530915173,0.909817616299439,0.41274991530598054
1951,0.3403554537097559,0.6220915953751913,-0.02352773527253394,0.861644987274173,0.639158637784244,0.543911922345244
1952,0.3445094729518898,0.5743857412816966,-0.21120015459360364,0.8635738811035374,0.6471887002708835,0.6175946907523617
1953,0.25607161813888035,0.5243818112608364,-0.18131245929678946,0.6925571129630091,0.7586475572395149,0.6534518857518474
1954,0.04425534833481207,0.46231871343789566,0.20040878563446562,0.40460514742652953,0.8842421978998817,0.4265552729782677
1955,0.19201863637129846,0.5752487173728859,0.2711348515181155,0.5593023070924669,0.8860669603774739,0.5068066617534452
1956,-1.2041199826559248,1.2032700902169777,0.2499961440171815,-0.003937007874015745,0.9702969471442441,0.9964767156862744
1957,0.36774237114725034,0.5748709940818906,-0.15371016975773838,0.8736032277957374,0.6901902468583972,0.5490562751705806
1958,0.020758803982274865,0.5333117678705597,0.09136617104686087,0.24783664482372342,0.9517550555559238,0.46950717697813255
1959,0.3227025576778601,0.6242123477966967,-0.4007122018809546,0.8207183442749859,0.5696057656852572,0.6699960215804157
1960,-8.0,-8.0,0.0,0.0,-0.0,0.0
1961,0.3367608399835252,0.5690693758546788,-0.41545838641252153,0.8545896405955182,0.7083902401738511,0.6242435615423474
1962,0.05061300647193548,0.5784263510447714,-0.1164162851629453,0.3814517304710067,0.9460225007321029,0.5301255703880875
1963,0.20729083999562753,0.8874049681652025,0.3323179232310353,0.30512213587857534,0.951271792148071,0.6733923074934123
1964,0.1863676639207375,0.5830411367749186,0.016225458832976006,0.5983002409525201,0.8757432975729577,0.6101501316096525
1965,0.31805670472866704,0.6184277290249809,-0.3647213748639874,0.8415894340871762,0.6496792345003607,0.6365758055058328
1966,0.0027146660816753684,0.4506934034860605,0.0808721652031331,0.26235518777781763,0.935723110628979,0.4048853411023886
1967,0.22051544325509634,0.6631315099765743,-0.26504661125486334,0.7567899205560678,0.7024758775242813,0.5936250369107556
1968,0.27770466428960394,0.5218188943093595,0.07301426542139872,0.656169713589077,0.7514129950124812,0.5063069207695817
1969,0.03613681434090001,0.45874268724463496,0.010683849787730534,0.37883830648826855,0.8263195519192238,0.3924617322354465
1970,0.006147153910331017,0.44595669475716254,0.1345694987066791,0.10795588607631118,0.9461856184743734,0.4510050918145135
1971,-8.0,-8.0,0.0,0.0,-0.0,0.0
1972,0.11573375987075772,0.5257895521283557,0.11372187134130139,0.5382394841449021,0.7463193191783257,0.4263815678610376
1973,-0.5232560646471284,0.8230028044864024,0.455939140294114,0.24778761061946905,0.956646396995548,0.9272607054341839
1974,0.3229949722757739,0.8062079917039866,0.41642768043180395,0.7531717718280582,0.6645488158413504,0.7669070204935453
1975,0.3104344516555086,0.6370116404954896,-0.2855353189153051,0.8405927610618511,0.6467948475588852,0.5432533823284899
1976,0.23981273173903334,0.6621292424030445,-0.3287941370270631,0.8076318094433296,0.6824825568656608,0.683089276354035
1977,0.41300510816621144,0.6637259942501176,0.3975373960561451,0.6638992570668426,0.8154175961886023,0.5314856088072408
1978,-8.0,-8.0,0.0,0.0,-0.0,0.0
1979,0.32444939314164817,0.5134388628105491,-0.16913088028143927,0.8196865389511752,0.770073661737249,0.5148451036270526
1980,0.23929701101117776,0.45547649927246564,-0.06351175065167988,0.6980436048652692,0.7442264319533202,0.5257545761721093
1981,-0.21987850837895723,0.8274696582456146,0.4127372861021783,0.47436878821696404,0.9156640179374033,0.7638563519463022
1982,0.13859009345083753,0.5014463142268097,-0.27445461926030046,0.6257354422403737,0.7446154147553614,0.49956708213518836
1983,-1.2041199826559248,1.2032700902169777,0.24999614401718148,-0.003937007874015739,0.9993657056959737,0.9964767156862744
1984,0.4273072180171506,0.6015576884063794,0.41762613498977535,0.6763495458051727,0.8515100337208898,0.557562099918964
1985,-8.0,-8.0,0.0,0.0,-0.0,0.0
1986,0.11662785422011099,0.48265521627933755,-0.25677812575217174,0.583253111321289,0.7140361938443043,0.5248329054228104
1987,0.031287459694626325,0.4732889324719038,0.03539237777675935,0.128030601823946,0.9509225686212452,0.44119713598603555
1988,0.2109002484634453,0.5545765238099506,0.2800729002353344,0.6858479387637479,0.7647745884169354,0.5557170799818446
1989,0.33959660494825,0.4471178092815789,-0.038310565975284455,0.8065586398031974,0.5859305890723978,0.45903955043038147
1990,0.1479618411619972,0.7314844628197342,0.28464229734049423,0.4408233047769713,0.9578933986245223,0.6335853107818517
1991,0.2308735370382205,0.6987313008826108,-0.39441597722193555,0.7948141945681393,0.6435570584408782,0.71045323864884
1992,0.35909902388780185,0.596557988196681,0.3909247488489617,0.7306996653913811,0.7791564943136549,0.5267755120690537
1993,-0.9655593552960936,0.9629996332280778,0.3289718301566361,-0.011904761904761928,0.9927140524700085,0.9893465909090912
1994,0.27569099693887017,0.4922164314086938,-0.20198168584220422,0.7938161953507653,0.7757443516138022,0.4934843789916355
1995,0.29131933451502556,0.6325714490043784,-0.17436890471895486,0.7832117655020371,0.7064603373787424,0.5799820125171194
1996,0.33627088384498005,0.6550578066625223,0.3936078199778966,0.7422911881484116,0.6005829361138905,0.6269073113324665
1997,0.027279418353647878,1.0503383261719907,0.3071762370631448,0.6718233405768853,0.6420814914662488,0.9879564377788835
1998,-8.0,-8.0,0.0,0.0,-0.0,0.0
1999,0.12076247054570104,0.4870656427278366,-0.02183097226022834,0.6119741358596081,0.7324970385885095,0.45666367097594207
2000,-0.004812399919516849,0.49309557476349525,0.09570679513372304,-0.027424544887938017,0.9612458289515982,0.44129723160329276
2001,0.25438795046413465,0.5103680052624632,0.27080877738385595,0.7200146107278458,0.6347439886596422,0.5521084133935678
2002,0.09396428066901719,0.4280056875420414,0.15523578191669138,0.45670649311249095,0.9007190316247375,0.45184136844505657
2003,-0.4200191206224273,0.8964146573721462,0.36259120620818097,0.22692566808892853,0.9187428150243556,0.9468552569048416
2004,0.4539288387083095,0.9625525895348436,0.28525659596466835,0.710367870113046,0.70523361674677,0.7151550379027467
2005,0.2818053396558566,0.42732724819163487,0.08894746703954562,0.7923372995133594,0.6939703830983446,0.5000418554968954
2006,0.29569018905411787,0.5988432923288652,-0.4339645725541409,0.8210626720548365,0.5044332880809933,0.7366037359392144
2007,0.26951056476250757,0.6503225975713491,-0.25590515929491064,0.8116640730956378,0.6056237376578198,0.6046395215585564
2008,0.3181521628820358,0.6156542682691076,-0.22387156737098463,0.836601931328061,0.5559669275004893,0.6321177007287528
2009,0.2612079554057606,0.5968204342961004,-0.28167928738632847,0.7426161249554986,0.6495290300130646,0.5231533776597489
2010,0.25890404800380584,0.43117469225760036,-0.21933463515862744,0.7580173870922314,0.5872093986309889,0.46939226233391246
2011,-0.5888955219667878,0.8873566133330748,0.38091903219360346,0.2042726836293807,0.9413565820718764,0.9637016644752568
2012,0.302945565437585,0.6431407712529823,-0.17037888799775397,0.8237481397036327,0.6745117550501363,0.5746166788219034
2013,-0.14548433482804263,0.8523101585055475,0.39263095405763804,0.4282385625833837,0.8307883060832254,0.772951219144834
2014,0.32044196839731626,0.5791211588550205,-0.44716951482686723,0.8568924500350693,0.5952657303538651,0.6392631504361816
2015,0.27878535088800044,0.6279913773166413,-0.40404117338681833,0.7953033166106169,0.5989932441722063,0.6682833966065731
2016,0.1891482720467009,0.4876108225915608,-0.1080924756119053,0.6919921215000822,0.8347605357387403,0.44206957325807716
2017,0.20451014411981033,0.5008405104119884,-0.15155599646828005,0.744384723021763,0.7919733882055241,0.4018122945921277
2018,-1.0536049848239342,1.0519018604779784,0.2972832371555216,-0.007905138339920927,0.9276030606406088,0.992925688976378
2019,0.010924556928381951,0.6236016216402945,0.24888226280406264,0.25475898661099455,0.9290089821080361,0.5025718440083659
2020,0.18018033620742516,0.43035659843878094,-0.22502501285792975,0.6540604001743401,0.819011633385603,0.4713269737129663
2021,-0.03993428138833226,0.4799333795985211,0.2744765315679048,0.07151893057739644,0.9420146199101,0.49667823474966527
2022,-0.5764837301042718,0.8761372331451357,0.4203963551053778,-0.000230733733271831,0.9187418987692157,0.9471507352941174
2023,0.1691307494729609,0.5477250191807791,0.3864001068639993,0.5852750380329568,0.8940121251723611,0.5575017633097125
2024,-0.6310559648168058,0.6188436651510967,0.481895687437192,0.093064611736811,0.9681583284714433,0.9480242768595042
2025,0.2472246836248905,0.42705820015090645,-0.33437927108172116,0.7569923366428557,0.7612397468168796,0.47666431312999835
2026,0.17089057899590562,0.408007607031603,-0.09725615345324547,0.5996229345427311,0.8111595855420428,0.4095638497576552
2027,0.03843980585703572,0.6162399167134321,0.22779772597837683,0.23554427972430683,0.9528672845700284,0.4493516057842882
2028,-1.2041199826559248,1.2032700902169777,0.24999614401718148,-0.0039370078740157246,0.9991748798680457,0.9964767156862746
2029,0.014575108511832633,0.45311527795195844,0.24786992896721965,0.23429572090950357,0.9471288319110874,0.44585191880723424
2030,0.11950989074163527,0.48172865897829137,-0.20254911266617326,0.5838773167763384,0.6914852296137838,0.4657495008405461
2031,0.19009807371073734,0.49762966618566273,0.1420807399331998,0.622782992960635,0.8091876313420366,0.4108438204255586
2032,0.15540959542052044,0.5022536146425243,-0.2297792311383575,0.607848959492642,0.7489677283268408,0.5087563752529524
2033,-0.012659948784350162,0.4571397120318541,0.17770995870418516,0.12866804901305476,0.9478143693723482,0.4206008277375831
2034,0.22098648450836028,0.4277611227128181,-0.28972743817644064,0.7303931566057944,0.8263350449769055,0.47615993383245214
2035,0.044772402769842394,0.7020648639698859,0.25458572848881156,0.27991143764475757,0.9229660761541406,0.42389945860630474
2036,-0.057427856727135865,0.6309561707244732,0.25022927831605385,0.06888510278374058,0.9646946109517692,0.5086127479988325
2037,0.18361714521254888,0.5185125969353044,-0.32471964437273443,0.6802330412682706,0.670734854538167,0.533448353631329
2038,0.12139605380638185,0.4996218365228423,0.04742010896487698,0.5568921991245652,0.778169708865913,0.48350317862352155
2039,0.11129094184352423,0.41616863008587607,-0.11617223795983866,0.4063701383862511,0.7166003050951417,0.45511813635407106
2040,0.2716918598412491,0.41911831593527754,-0.23129104858533384,0.7065375270494778,0.7624410734632128,0.45683751184727706
2041,-0.22603269672680354,0.6298568184145126,0.2504957670257077,0.20949431402387683,0.9404817761587738,0.6494465656338405
2042,0.1802146512736951,0.5223152685121368,-0.1835293439227535,0.6804578469068677,0.661507662423641,0.4226374935384535
2043,0.1054672066873036,0.5612027371037007,0.2838245628885923,0.45189673107595063,0.8771397390545932,0.46865621333673724
2044,-0.0065914872133605125,0.5410622338163277,0.18189467386293426,0.14643050801404225,0.9652534257504836,0.41750792314418317
2045,-0.4322792083300513,0.9635305453133173,0.2849675574001508,0.2099353215173273,0.9193438182126671,0.9645179833876215
2046,-1.2041199826559248,1.2032700902169777,0.24999614401718148,-0.003937007874015714,0.9991289921562173,0.9964767156862747
2047,-8.0,-8.0,0.0,0.0,-0.0,0.0
2048,-0.26547210904985885,0.5949922619951907,0.35925131250620124,0.3170835018437729,0.9381298109911723,0.5638273899554783
2049,-0.04978242357823243,0.6499792902413863,0.36075493267572784,0.33462106222999877,0.8681750741818425,0.5333076381760136
2050,0.1398175116773613,0.4488530528868751,-0.1129974764972733,0.5697769002826846,0.7177016726801169,0.4461908529702229
2051,0.11116796156800476,0.47345284999078385,0.11693142143258833,0.4901626691445495,0.8881406974544628,0.46551310560334214
2052,0.051285653431446546,0.4507864394595085,-0.0100218952535132,0.28366234039936294,0.8835576764020721,0.424639769238727
2053,0.08320066637508426,0.4936063061809142,0.15583408035005286,0.43785475395489193,0.8908797033031797,0.44326118817531207
2054,0.06377909467208408,0.6958157115382236,0.24339303723928293,0.37402881888179085,0.9236348890628079,0.43909364199789436
2055,0.09390621819961241,0.44758209039002017,0.1925381772954981,0.40135246686544845,0.8687553917898703,0.3567790308004385
2056,-0.035407713263094255,0.6032999264844282,0.295314615015134,0.20284180939798627,0.9428146165886798,0.5050026598535068
2057,-0.9655593552960936,0.9629996332280778,0.3289718301566362,-0.011904761904761961,0.9723604388431599,0.9893465909090913
2058,0.07463401833702701,0.5277747519863039,0.11437619083660622,0.3293934320078571,0.8513274329419931,0.41889755067353507
2059,-0.1665569618235037,0.44669454197380787,0.011929013907331748,0.5228806230803412,0.9295149269364742,0.5606372666281358
2060,0.10496722647751562,0.5647524322693894,0.10668551349362512,0.4626550659795856,0.880383479837951,0.3941285636681788
2061,0.05824775435795507,0.4666708919346593,0.043902239629423086,0.4287034041735241,0.8553804827788377,0.4045145865280441
2062,-0.12513198472502232,0.5963090481941937,0.31274211058067486,0.22634042231448986,0.943082202538643,0.4456068644778647
2063,-0.007655746533194123,0.49043014574798516,0.1395942088017238,0.22359838215169928,0.8982969119826096,0.45996931913282585
2064,-0.4884381005764311,0.7846931195612601,0.4153509298208903,0.25735744941753436,0.9482765278913554,0.9504906216608152
2065,-0.2534621075249233,0.8514793514574491,0.2635529023426352,0.35741790121805106,0.9333027321624389,0.7448145029092752
2066,-0.6834236400768122,0.6738866996031537,0.45434144551508315,-0.045081967213114485,0.9197136085818838,0.9596619897959188
2067,-0.05546378975645038,0.5955883163280056,0.31004029762655927,0.1954781089977654,0.9375806738307875,0.4966262234069483
2068,-0.7269987279362623,0.7192272219101704,0.43242211334710523,-0.036585365853658486,0.9307680298855415,0.967263410931174
2069,-0.5430103352889651,0.8413743301178914,0.4091216034534036,0.09395973154362434,0.9403940770941026,0.9489584357184982
2070,-0.09682009756358315,0.4432974128025545,0.2465293203609576,0.093277760868573,0.9461980028509256,0.42809584582408094
2071,0.11055477359449295,0.43564052445520346,0.20881807494812243,0.5485801871078203,0.8355396212446564,0.4114783204470587
2072,-0.7041199826559248,0.6954675535516895,0.443812861600176,0.06326530612244956,0.9633319899434017,0.9634781504065044
2073,-0.5140143618001218,0.9901858659448157,0.3408446742053715,0.1821404456448347,0.8907212750127167,0.9703944603227972
2074,-0.32058215641991766,0.6167912931336685,0.24082637628005238,0.20108850363721087,0.9521163226880557,0.591399214293912
2075,-1.0536049848239342,1.0519018604779784,0.29728323715552174,-0.007905138339920969,0.9993482414166894,0.992925688976378
2076,-0.013383351406118243,0.43623406458317004,0.07673311520910518,0.318623514197376,0.9181690821394911,0.3991697701796966
2077,0.006006860307375593,0.4845032043213178,0.14717307485320777,0.26789245326117295,0.961621198117645,0.4386334673316166
2078,-8.0,-8.0,0.0,0.0,-0.0,0.0
2079,-0.44486301271698103,0.7449911598098122,0.5078648552782612,0.007915213308290743,0.9618899914586329,0.781034000601042
2080,0.057783893463859586,0.6614442781227432,0.24499630692156912,0.22502208396898896,0.8749973960189442,0.5209542305726287
2081,-0.13025334617880258,0.5646147822698078,0.366520841563105,0.2688123768264437,0.9129420356919252,0.4755267558235929
2082,-1.2041199826559248,1.2032700902169777,0.24999614401718148,-0.003937007874015721,0.9992041302114255,0.9964767156862746
2083,-0.021751308536161397,0.6988373667230405,0.007297734205834139,0.323964076392436,0.9595641230410323,0.7006031341349389
2084,-1.0536049848239342,1.0519018604779784,0.29728323715552174,-0.007905138339920952,0.9826678693863974,0.9929256889763778
2085,-1.2041199826559248,1.2032700902169777,0.24999614401718148,-0.003937007874015704,0.01402315438726521,0.9964767156862747
2086,-0.297663304334497,0.7818510686494313,0.4416398119490569,0.014598540145985193,0.9698375879104016,0.6251274351805685
2087,-0.09350686736819126,0.5267957530628409,0.2529823730499308,0.21883742128402245,0.9497602530774991,0.46027187243890294
2088,-0.46555935529609355,0.9417404031086801,0.36674568882381753,0.16461916461916537,0.8304657467945337,0.9604277120717785
2089,-0.09146534179299334,0.7203939234320299,0.4102063157477699,0.2534797507877326,0.9400431276912382,0.5484441640010663
2090,0.025566194112963916,0.4625667775000394,0.2512476706633467,0.270565022093635,0.9203190995899083,0.4626089350437575
2091,-0.014393464369738774,0.49957855170566884,0.19859754371808838,0.1604311807045434,0.9426679653154373,0.4284602946196442
2092,-0.09875222911286877,0.611916271326802,0.29743185448873505,0.16352528620356852,0.9660321438574836,0.46863229353512503
2093,-8.0,-8.0,0.0,0.0,-0.0,0.0
2094,-0.04613480992746589,0.6694971049163414,0.42291727860223627,0.0506922547393421,0.9512669843181462,0.6030464574912514
2095,-1.0536049848239342,1.0519018604779784,0.2972832371555218,0.4960474308300396,0.3199675129139974,0.9929256889763778
2096,0.021365120607825226,0.833297049692201,0.33538356785088436,0.0928118694667195,0.9678727435269628,0.6183555404060673
2097,-0.012006987394476958,0.5121292678637874,0.1301285259302222,0.15483022403753116,0.9247244442198571,0.40040480234067194
2098,-8.0,-8.0,0.0,0.0,-0.0,0.0
2099,-1.2041199826559248,1.2032700902169777,0.24999614401718148,-0.0039370078740157384,0.9993140430879556,0.9964767156862744
2100,0.031539314068568185,0.5647139417626598,0.2619090288511505,0.21455203117848887,0.9529166656025166,0.45435254740091857
2101,0.18524692196409748,0.6666554220298865,-0.18460435735571754,0.47737191383827265,0.9209840557545091,0.705604566797354
2102,-8.0,-8.0,0.0,0.0,-0.0,0.0
2103,0.18286720082043065,0.6198085047070245,-0.20190931726507735,0.5804436708006657,0.9492070251979481,0.7033010319056504
2104,0.05659788796152009,0.5884628278617581,0.26195665104777494,0.3813226733322977,0.8821969839399044,0.49876405224920073
2105,-8.0,-8.0,0.0,0.0,-0.0,0.0
2106,-0.46555935529609355,0.7639632005565891,0.4591377953449912,0.012761686263263603,0.955177486229366,0.913286157909766
2107,0.15883583349159933,0.5770542822765639,0.40326154131393027,0.1256673472691941,0.9529106463747826,0.5440030526992288
2108,-1.2041199826559248,1.2032700902169777,0.24999614401718148,-0.00393700787401575,0.014023154387264623,0.9964767156862744
2109,0.20338301976742806,0.4731348389875372,-0.09942475470106409,0.5622170376993861,0.9073557529993355,0.536369816453946
2110,0.021307234512440983,0.4977488886967255,0.179212050321671,0.2106240159090459,0.9424878994035559,0.4437829841323484
2111,-8.0,-8.0,0.0,0.0,-0.0,0.0
2112,-0.0820515362967769,0.5049246031171079,0.3454262684004629,0.12311735631065913,0.9646301047322191,0.4754183301686219
2113,0.014599733207914186,0.49577556394848366,0.1450575207693054,0.20739040402296036,0.9464895045097387,0.4005895713889854
2114,0.09472761030683137,0.7255464862641163,0.3967541974261053,0.25805092041489064,0.9469521213377045,0.5713587425478507
2115,0.24336984535293313,0.5173328577490002,0.43674044149195484,0.6338368107126947,0.6641683804198893,0.5357769841059283
2116,0.010308963099873747,0.4906216009136796,0.24605685620963808,0.19662053861939957,0.9557824022991493,0.4387973602652023
2117,-0.01951690836288772,0.5658738622855232,0.3129813982283003,0.36897455315219374,0.9020484757637285,0.47080613790027454
2118,-1.2041199826559248,1.2032700902169777,0.24999614401718145,-0.0039370078740157115,0.9994098487263107,0.9964767156862747
2119,-0.06868369616454806,1.0650171918656108,0.25348901529678247,-0.013618643918186483,0.9285771294666658,0.79039912181868
2120,-0.19352533312095577,0.6788756689469744,0.4816865119396248,0.11925549266046254,0.9395653580742396,0.5607447884349198
2121,0.09928077777731034,0.6404577725725612,0.34890802232610896,0.383559788237276,0.8821739603751726,0.5266331170182841
2122,0.061590019202250504,0.4199175781264949,0.07324524790671537,0.330377468404669,0.782720575909462,0.4303708401887938
2123,-0.04710010900926363,0.41432923632784335,0.13978143396036352,0.16417912479438557,0.9451586690526559,0.4074738376814538
2124,-0.6471483065025064,0.6358314606457377,0.47329425478669374,-0.05371900826446285,0.9642437934231962,0.9519354423868316
2125,-0.4584391357387885,0.7584709308547657,0.4991443240507347,-0.01075877689694218,0.9664554834228131,0.8376904950669486
2126,0.05354070949314574,0.7577858466842757,0.24344506428536475,0.16435751728184472,0.906528583870703,0.5176797411847898
2127,-0.13117525009902437,0.5406928465405882,0.3441500063858369,0.05467978677539023,0.9575923059389924,0.4754241629650635
2128,-0.029371324642078693,0.5163403499801248,0.2420105289345025,0.10607935669051129,0.9630879816479179,0.3958005420373509
2129,-0.09232329265633947,0.45894580483740677,0.18880295050557377,0.294056284884192,0.9234166858253985,0.40896952250980856
2130,-1.2041199826559248,1.2032700902169777,0.24999614401718148,-0.003937007874015743,0.9994264448308763,0.9964767156862744
2131,-0.027255518612000932,0.5198167191083589,0.28336579867538964,0.16456647428128932,0.952062441754904,0.4764676352188543
2132,-0.04824305212804762,0.6667179250879063,0.4384450328405057,0.1936812456820958,0.9452754788184852,0.6290593451861834
2133,0.06595377651169833,0.5047561720656791,0.22910353434014144,0.33537127661301636,0.9114182777284421,0.3990475005423999
2134,-0.0028117659760249865,0.40402965542699704,0.21914066028945614,0.21092228358373805,0.9402378065598773,0.38405533803347
2135,-0.14461969098539249,0.5775416109705868,0.26475210063134735,-0.04879308130845228,0.948576851000714,0.4614220972722487
2136,-8.0,-8.0,0.0,0.0,-0.0,0.0
2137,-0.6645293596321123,0.9641793146007505,0.36479768385805195,-0.03378378378378385,0.9607694358893655,0.9697699360699865
2138,-0.18342364007681225,0.6605505674269463,0.4740081025629693,0.129805615550756,0.9286159483440395,0.6760815240756664
2139,-0.05864459885530934,0.5621611412393752,0.285931168186043,0.3308861972454934,0.8736474953931991,0.45997385253996964
2140,0.0593925984066718,0.7214228870934704,0.2598456007703016,0.25808190089807936,0.952064802647697,0.5163986438422254
2141,-0.4022440347045796,0.6980193011116349,0.3118349759049381,0.2722306721256323,0.9237399057259613,0.8961717237276957
2142,-0.10189868681422806,0.6367452052108448,0.3484434286761793,0.1175261226451872,0.9625859785101923,0.5034925978811076
2143,-0.29108258130551157,0.7692618938457817,0.4313329812476116,0.17031872509960147,0.936652616074158,0.7699916746545915
2144,-0.10938506686499075,0.5628441139117109,0.3634066225698331,0.134588857743258,0.9492249570709639,0.4906856367521367
2145,-0.5051499783199059,0.8034947994105751,0.43338596175552857,0.14675548071565497,0.9053114335542327,0.9335104988253066
2146,-8.0,-8.0,0.0,0.0,-0.0,0.0
2147,-0.7815709626487963,0.7755506535407398,0.40631599507216143,-0.028225806451612906,0.9503414513785494,0.9747427208835343
2148,-0.09240892148708899,0.5281002976795726,0.3927945979653189,0.11322633260012319,0.9535701860303202,0.4839603292675907
2149,-0.7525749891599529,0.7456808469171364,0.42000012286277133,0.22570850202428955,0.9707276012879175,0.9710181451612906
2150,-0.11522977991461232,0.5874359841837025,0.38188861639099025,0.199728942996088,0.9414520916524977,0.48924914388706453
2151,-0.00030602150508303477,0.5269403836413039,0.26136609372519426,0.18824797714238634,0.9533434109204806,0.46137939988024107
2152,-0.18540673368561295,0.7946369284081497,0.42391265127275307,0.2967755621552817,0.8985931719846596,0.7173065400777059
2153,-0.060219117690811765,0.6786835802157584,0.4349618736405045,0.3127257571547654,0.8960276683232129,0.6263429352629254
2154,-0.09620431803419667,0.6626814289540139,0.31942871446171117,0.08613960124686924,0.9678127487224222,0.500900623499749
2155,0.1226667660162739,0.4348353098694328,0.22696554425221374,0.5580227234515212,0.9343117812952958,0.40172330242731563
2156,0.11161804543593301,0.5169638227756659,0.2567024730288145,0.6078644811477598,0.8816697495935935,0.4519256715861948
2157,0.17660079657743902,0.6586832268611315,0.21536163441696068,0.5340763141229038,0.7756917409310449,0.538502616178083
2158,0.18109470237285072,0.7325005070883202,-0.27127926783983575,0.7702963351544301,0.6771039797726613,0.676661927710255
2159,0.36015304026618533,0.5179189389351609,0.4147092866615042,0.7275758916939177,0.7873163060438326,0.5047058164765167
2160,0.24067926079888655,0.6383265248549547,-0.3925944462987039,0.7784934628000814,0.5387188846454313,0.6806980697706897
2161,-0.3634993639681312,0.6594937760683526,0.4882792389955803,0.23882559110101945,0.9474704101378619,0.7008327095808382
2162,0.49350583328300573,0.7834426530515076,0.37535783480527235,0.754276822126454,0.6391602755544593,0.694075896798515
2163,-0.5329086422448216,0.832631235109255,0.44944353499600803,0.11900191938579655,0.926668573625336,0.931312117737003
2164,0.2937132212053015,0.5316179466247144,-0.3811312631960076,0.8334311145974872,0.6303441185753644,0.6241387017030495
2165,0.09427632355282457,0.5074523872749981,-0.29952461677251985,0.5709735032168982,0.7700978756778852,0.486963420730728
2166,0.028451955268877387,0.48385161373787616,0.10774757276433497,0.2757173034872675,0.9262911622267423,0.44682115208716466
2167,0.10627122475705592,0.4904616387004035,-0.09427991175748753,0.5122766236828167,0.7836412802232094,0.5250001967227399
2168,-0.7815709626487963,0.7755506535407398,0.4063159950721613,0.11866359447004608,0.9434022320168365,0.9747427208835343
2169,0.32710348890914703,0.7146004539951238,0.4098694167812882,0.6573441639333232,0.8476191494413159,0.6520874110890807
2170,-8.0,-8.0,0.0,0.0,-0.0,0.0
2171,0.2525745182328351,0.5338935348764573,-0.15637917476090424,0.7248774705289843,0.7092467008812203,0.5588342039339742
2172,0.24141064805667406,0.6553258513710004,-0.3923715853804869,0.8059638807077562,0.5666336342000489,0.6877024174800391
2173,-0.2041199826559248,0.8143855469662462,0.42998173553450547,0.4508126668876696,0.8302683312984355,0.71991203576025
2174,0.35386411682515617,0.6348241246443129,0.40674060721246064,0.8098416517921998,0.5691138160665741,0.6584715282213847
2175,0.264221745640553,0.6649692896816742,-0.13952910070128485,0.7102346204696418,0.6729599758247687,0.6740262224099969
2176,0.057408630890853796,0.3960236649740454,0.09023739537644553,0.3405541837259982,0.9229918330010712,0.39731371924932135
2177,-1.0536049848239342,1.0519018604779784,0.2972832371555216,-0.00790513833992094,0.9275427790794097,0.992925688976378
2178,0.3999535618199991,0.6006147468680614,0.4098892137872098,0.677747147282816,0.8097801647316571,0.5065150168994278
2179,-1.2041199826559248,1.2032700902169777,0.24999614401718148,-0.0039370078740157384,0.9993352964057468,0.9964767156862746
2180,0.3183875400782316,0.5586407127963281,0.4069859652784446,0.6606914816248045,0.8300058259862017,0.5235677268638816
2181,0.284897488732712,0.49691490143715483,-0.19242504418334716,0.7769506686769134,0.6651550107751445,0.5988773440237588
2182,0.2102063659080233,0.4712292131120005,-0.18892797499403374,0.7486874738979363,0.6413229182523628,0.523229845160591
2183,0.2718467983945042,0.4392790275373216,0.2975405483753276,0.6933159642665242,0.6767318540819373,0.4174145152312595
2184,0.28358643669840466,0.6243793564556673,-0.330521080089401,0.8337740841946748,0.5770412551354792,0.6591387616752937
2185,0.29381719160469266,0.5546438933614679,0.008656230073215926,0.8294300999089825,0.6967027811762664,0.5134174554215165
2186,0.2636107263576183,0.6333064557926092,-0.2630454195835397,0.7224222453222225,0.6711624234620241,0.578379224650909
2187,0.3384200281415122,0.5938024125909104,-0.44208284932640207,0.8576389907789238,0.6303774860857115,0.7100842210126606
2188,0.1690570574788552,0.7233524937416058,0.36523352523990205,0.676654529803917,0.7636435756034996,0.8328827673769814
2189,-1.2041199826559248,1.2032700902169777,0.24999614401718148,-0.0039370078740157246,0.9992914510983018,0.9964767156862746
2190,-0.14383301705299986,0.7480045666206495,0.442951745028257,0.4662648311565352,0.884353494978905,0.7835170392210642
2191,0.23375142276161825,0.5315098416467736,-0.1785684801815222,0.7652336801077921,0.6730378255047051,0.5507957734878485
2192,0.25178869273639876,0.7041146460821571,-0.31997235616233694,0.7663208104598865,0.5982806731216245,0.7087945862439712
2193,-8.0,-8.0,0.0,0.0,-0.0,0.0
2194,0.15388672311501597,0.6878955645428323,-0.24414185120917875,0.6889726971792625,0.7426976406516911,0.656454197930381
2195,0.19731068100340032,0.5653868159232641,0.348807751287827,0.5186951238603157,0.9197072003027983,0.5447814704604289
2196,0.33341462078093964,0.5218578124636088,-0.40725374571493905,0.828597522551967,0.7720105537693176,0.5902493443190455
2197,-8.0,-8.0,0.0,0.0,-0.0,0.0
2198,0.2903619241159131,0.5744171922692262,-0.4070220251152318,0.8031683078654213,0.8191579519695297,0.6040634962068663
2199,-0.9030899869919435,0.8996702747267908,0.353463251695732,0.23804780876494028,0.9369369065075003,0.9857390873015872
2200,-0.21525818001150093,0.7027108877021874,0.4671909656009233,0.05535563082133789,0.9458698720399765,0.5335804624559003
2201,0.2028927234957503,0.7392426466281987,-0.1945792208796879,0.7524920270705983,0.6669557262560681,0.6337767620898156
2202,0.19517364112254426,0.6476854165464646,-0.23288395841032053,0.6924643011650194,0.636188066829503,0.6114353099070541
2203,0.04236901681566538,0.7942731411719745,0.2579981069868879,0.5201443249499672,0.8387707044057761,0.8178760175783346
2204,0.04366191352553929,0.4676037919625885,0.1159845647276057,0.34980038295217136,0.9096377066213943,0.4170130219067793
2205,0.23912041919028806,0.48288589975855445,-0.05213488916576412,0.6973457710538425,0.7813530710869525,0.4754224025959106
2206,0.2983416720613219,0.6774950279684195,-0.38039732070546095,0.7894576210952412,0.6530215066160279,0.6978592033278169
2207,0.38599550591629905,0.7118724279878434,0.35420603400180134,0.6613399816066573,0.8594804641796094,0.559974977969084
2208,-0.7525749891599529,0.7456808469171364,0.42000012286277116,-0.030235676945888506,0.9854164428651097,0.9710181451612905
2209,-0.25807268131068456,0.733787968406716,0.4402485408961737,0.21699078812691935,0.9661669857307369,0.7922327898550726
2210,-0.7269987279362623,0.7192272219101704,0.43242211334710545,0.07859078590785912,0.98232664751729,0.967263410931174
2211,0.24787596113889054,0.6415274432084044,-0.30158390288486997,0.8035032172696009,0.6461609701857037,0.635808036835332
2212,0.2727078039518482,0.4614277479310983,-0.11674478403127697,0.7914132013452501,0.6109266857675308,0.48048224748304513
2213,0.03298437220824923,0.708489569794199,0.16173918078858027,0.5761048861040057,0.8282362992961086,0.7022156615040738
2214,0.03735906284555176,0.43627220026253655,0.037955458025818185,0.26467113360099975,0.8973946377294612,0.43833762570334833
2215,0.19651672883659654,0.6025617540813623,0.37804110607084324,0.5118151076201172,0.8761602361689307,0.6162249568070964
2216,0.2801872681235462,0.6470416612184274,-0.25068950295081677,0.7915943432894309,0.6361723870653413,0.5769824693611165
2217,0.2013407415720131,0.559710189952939,0.3056790965355493,0.5542411658098009,0.8919813125617272,0.5423862557092021
2218,0.009868904204037925,0.9147860250335631,0.33382416929220443,0.5719609352870098,0.8088179676116987,0.9840930296651862
2219,-0.0828491417019716,0.6313091992337019,0.33802003225302635,0.16696277335069803,0.9484987659391618,0.5045793836139802
2220,0.29706299093051164,0.6337671271090224,-0.3720387129303337,0.8586506976535387,0.5507872177868075,0.6496669432349929
2221,0.2793667070228577,0.5289354883472044,-0.2036647941915371,0.78232342686992,0.7045810679491056,0.5041034106610893
2222,0.40704041888504355,0.5912467083692643,-0.11258804196004309,0.878554308405402,0.5801645255696113,0.5153470617886551
2223,-0.004390607913072779,0.48893377742179545,0.09326128927285794,0.23651276467186794,0.9409392262841586,0.4599718157673666
2224,0.1756791684927023,0.5931487954672562,0.37108572628246145,0.4419759449471691,0.8790114604421599,0.5782772420637039
2225,-1.2041199826559248,1.2032700902169777,0.24999614401718148,-0.003937007874015716,0.9993990553162588,0.9964767156862746
2226,-0.2041199826559248,0.6788219172786659,0.4598721213545725,0.46438356164383504,0.8171798691222727,0.7417102272727274
2227,0.23204891860860458,0.5083914524347223,-0.1592948035625737,0.6561353630010468,0.7036850054000109,0.5535301822852495
2228,0.3407156937636695,0.5268197925391597,-0.42940756877385045,0.83730184488195,0.7768914488578026,0.5963701269080652
2229,0.24322946049777125,0.7117027700008688,-0.25802337541164816,0.7484966635251337,0.6717088722628299,0.5642255883536171
2230,0.30775967397160153,0.490595434969977,-0.08087552335416544,0.8131857630278542,0.7125287447466409,0.5020801480811
2231,0.08167270468517347,0.4397351699969948,0.1584071404074134,0.4840713843442626,0.886145873096886,0.39226267334723325
2232,0.30697192803824874,0.500705710768279,-0.4139751324041831,0.8014265360407141,0.7892942944408418,0.5361841275105144
2233,0.04319569780892653,0.504046565273613,0.09822224636678872,0.24070763100585396,0.9239781813249102,0.4618277097396388
2234,0.5586943110787332,0.6055607474385208,0.42805913340576923,0.8477962115383195,0.5059940983293574,0.6247785565583455
2235,0.2910989766791057,0.6540044774280814,-0.3906754681922709,0.8083842716221797,0.6613681005156389,0.7037142245679266
2236,-1.2041199826559248,1.2032700902169777,0.24999614401718145,-0.00393700787401571,0.9779089429337905,0.9964767156862747
2237,0.304187791122664,0.6573838441525437,0.48128264347580324,0.6782143222824534,0.6431624761031236,0.7334466474570072
2238,0.5265378709965931,0.6680789018367709,0.4237570945603816,0.873482958348307,0.48736382171131526,0.686489516673602
2239,-0.7815709626487963,1.081389684579954,0.3011003410763015,-0.014204545454545503,0.9555508920946245,0.9872886601584602
2240,-0.8546349804879153,0.8503518585725097,0.3736866341406291,0.1840000000000007,0.9389747335000321,0.9821028386454183
2241,0.20108057582351277,0.6644645177561077,-0.30976684564868434,0.7219365469942417,0.7671409918975808,0.6416019741830008
2242,0.07823068292142915,0.5050202531507054,-0.13242419015580506,0.5637770900807586,0.7364703930969564,0.5027300819167214
2243,0.02467763129397938,0.5056194108171432,0.130530960607605,0.2634778518387624,0.9096670159190865,0.423123266148236
2244,0.3015001830543487,0.5780491322904584,-0.23771453909435708,0.8360799592532911,0.6813577425513228,0.49439603845455754
2245,0.16394126070820167,0.5926532344321942,-0.2663724322723461,0.6656589090359737,0.7070669801589292,0.5408329150401314
2246,0.03731680914845213,0.8179192088529605,0.4092524060234808,0.46786575491599697,0.7516706568430149,0.7945159313725491
2247,-0.07648373010427173,0.7788961878126432,0.4435367856680214,0.5516877637130806,0.7677571505089954,0.8183294891989199
2248,-0.9655593552960936,0.9629996332280778,0.3289718301566363,-0.011904761904761951,0.9740430339286703,0.9893465909090914
2249,0.31050879511295904,0.5844089128016023,-0.39935593707326456,0.818384893375845,0.6284723827729621,0.5980134248900538
2250,0.22461942889329417,0.6557442339208726,0.35389502149407015,0.5856303613484442,0.8582886011496627,0.6131839278641794
2251,-0.5764837301042718,0.8749115908756411,0.3883843287689367,0.12949476558944037,0.9307165131078687,0.9600875453309154
2252,-0.06222978368060961,0.9896695045589109,0.31128318413399597,0.5925633464515964,0.8446501008396569,0.9943107362472499
2253,0.03506821582663743,0.4983468028063273,0.13370333041043764,0.2667422747033274,0.9168153771986637,0.4483654079082806
2254,-8.0,-8.0,0.0,0.0,-0.0,0.0
2255,-0.4085876791426752,0.8843255061577635,0.3996713195369557,0.4854502973661842,0.8623049013864893,0.9497331107879428
2256,0.3664731621241998,0.5525468861822648,0.3143629092564037,0.8521004129284394,0.47944299642995886,0.5643482227507122
2257,0.24598161921042433,0.5720194744903631,-0.19574794049137323,0.7363319266722247,0.7290911641887544,0.5468092481287735
2258,-1.2041199826559248,1.2032700902169777,0.24999614401718145,-0.003937007874015719,0.9992751036767628,0.9964767156862746
2259,0.2683864504846601,0.506640653039727,0.3750180084014506,0.6210146149124351,0.786417839496038,0.5082346498242543
2260,0.4682182126326215,0.4418388963995754,0.3876462360632271,0.8783639322296766,0.5388119784087346,0.40928574990191374
2261,0.18484543406723555,0.5032967455419256,-0.0759043286587514,0.7388300465142041,0.7637138133225005,0.48070317636782034
2262,0.16319968647304017,0.9805668172392077,0.3214339298722129,0.6609746301300227,0.8019342872975744,0.9904940104848625
2263,-0.6645293596321123,0.9641793146007505,0.364797683858052,0.13851351351351407,0.9455224168179825,0.9697699360699865
2264,0.40879301307502186,0.7243319502163558,0.4477975902509092,0.6741591504031943,0.6690903716777112,0.6992624852681203
2265,0.08274022026587692,0.5051025028903502,0.1832060808651402,0.45160459594451985,0.9073129800347158,0.4706952671155977
2266,-0.2608746200696838,0.8645436111420748,0.40032694647713984,0.3892725854962678,0.8705567332945688,0.8969400788919084
2267,0.036385541345556355,0.4213119250198442,-0.03413039108927511,0.43108922456714144,0.8735645340048547,0.4116885504335997
2268,0.011590575357496623,0.7295326808823894,0.22434259001023668,0.0910438715605168,0.9701660821507442,0.4606628355131685
2269,0.004401873218931288,0.516860904312168,0.11834966149468207,0.3448244788609246,0.9246094074428786,0.41327636903550724
2270,0.0008995943138333888,0.5729597982647342,0.2017792057402866,0.08917711041814026,0.9642974619455976,0.44138906986768145
2271,-0.04992705589935358,0.6145840672820089,0.3722932676605464,0.39559681106362593,0.8978609655073639,0.563777642493562
2272,0.09917474926670665,0.39501166002107885,-0.013135324191412227,0.3376344307529683,0.8085615578483198,0.4322202151500553
2273,0.0660772577666724,0.48874403581400644,0.07704705198068318,0.39292128662109244,0.8527711314273347,0.4435750500189581
2274,0.048090457637548774,0.5534107794097499,0.24512342158227154,0.22857285238980993,0.9460245527201607,0.43897554575523773
2275,-0.9655593552960936,0.9629996332280778,0.3289718301566363,-0.011904761904761937,0.9702765758576862,0.9893465909090914
2276,0.11147650027103817,0.48316130476263836,-0.024249895312242017,0.4661504517975457,0.8299168014379007,0.49811275120248977
2277,0.09686477071574182,0.5557776908747839,0.07684359454033875,0.4189588273258686,0.9328128522732333,0.43481697239181977
2278,-0.04697411812325294,0.7987797005665601,0.22155889098770537,0.16656065840856463,0.9508414339427632,0.5191015680236464
2279,-8.0,-8.0,0.0,0.0,-0.0,0.0
2280,-0.6137068058867328,0.9149010188478595,0.35158678041084473,-0.005678267543154785,0.9752094860192437,0.9003289834338573
2281,-0.03889055736492664,0.600709856418289,0.1676304144546173,0.23103239223850755,0.9348896647471192,0.4700944494628036
2282,0.039935714412077196,0.620095729940727,0.20667594151463456,0.0958772525556034,0.9300864680843863,0.49559044304898514
2283,-0.2602032907223871,0.6577163116851223,0.2602660838632244,0.39836386357319337,0.8287483409290399,0.6825072414425741
2284,0.03906590774326437,0.4723113307773194,0.08374959362442927,0.39034012787778655,0.9284761787362455,0.38264652734180576
2285,0.0004130470097575926,0.7256504090248421,0.21208737001307867,0.16864566560924016,0.9317994534934243,0.4695257158006046
2286,-8.0,-8.0,0.0,0.0,-0.0,0.0
2287,0.12232659077977734,0.4386378423130434,-0.04721741755573061,0.5960131609967323,0.8185182957131876,0.4180233452589088
2288,0.11899390723354925,0.5085376084820555,-0.21581052969982706,0.585486923884219,0.7845180138551983,0.45514579320712195
2289,-8.0,-8.0,0.0,0.0,-0.0,0.0
2290,-0.07680115993353478,0.6627746980093636,0.3959329566393494,0.2620086140657981,0.9271543534127382,0.6426780265846971
2291,-8.0,-8.0,0.0,0.0,-0.0,0.0
2292,-1.2041199826559248,1.2032700902169777,0.24999614401718148,-0.003937007874015741,0.9977969286759563,0.9964767156862744
2293,-0.05228811196562894,0.4194625384192333,0.05183827705217513,0.055733094475444556,0.9611084447622888,0.41364962915619735
2294,-0.09677770964350706,0.6317717798226345,0.35381486702313586,0.30915560087398475,0.9460956995433554,0.506583205745437
2295,0.010434297694309702,0.73137510585656,0.21256270818828243,0.08339093712638164,0.9626786669933505,0.49495447807470366
2296,0.15162111977489987,0.4157160998019252,-0.1529791503853514,0.4699579316605849,0.7697483880686621,0.45738386892920896
2297,0.02641867301389426,0.41179102694035846,0.03372427327244333,0.2228416130411601,0.9110952840104886,0.42948957493294704
2298,0.10665324532595137,0.4552101181376461,-0.19202332911205824,0.44049838659716745,0.7543714181024559,0.5034642435955977
2299,0.05866662624048664,0.45597448347772146,-0.05007396514221717,0.46831258988275165,0.8980397535616316,0.45777065213019075
2300,-0.0021127286937604995,0.508867038590589,0.14643151275456437,0.20989262710197515,0.9216724721154074,0.4115167540307246
2301,-0.01735031148349949,0.5425874086890125,0.05231559558499359,0.2235308830950087,0.9680704514084547,0.45971971667238926
2302,0.03108143426362225,0.8220194518474487,0.27141154643035464,0.1294018438191305,0.9560252177358141,0.5455997815031637
2303,-8.0,-8.0,0.0,0.0,-0.0,0.0
2304,-0.10004162821914625,0.5413300426268459,0.3673436443089886,0.27492562216026495,0.8200098480166089,0.4589263514983697
2305,0.15500668417757768,0.4204131893421427,-0.03395499981530115,0.5072016417930335,0.8904133390320996,0.4569869696693323
2306,-0.21553948147333998,0.6894422075388498,0.39568726105581487,0.47938211088775895,0.8335133704384625,0.6740635116493893
2307,0.14962256962079404,0.40485923365021703,-0.06624433782005285,0.5382659435845749,0.8656012259407085,0.45220897120872516
2308,0.04387945838357931,0.4860295179307775,-0.23504301247942352,0.423736346742644,0.867205234457482,0.4796286256158434
2309,0.07326492262337579,0.4861462474759137,-0.023622668517753236,0.3440676620695743,0.8290396082574949,0.4783613844377054
2310,-0.018537745290718888,0.44728527480384156,0.058397575181595544,0.24921846110374454,0.9489983477337972,0.3981931644371067
2311,0.0508823091161076,0.7942623643056963,0.28090576464426054,0.15772358291427635,0.9662506214139774,0.5591396672490607
2312,-0.3114550651505413,0.7942694600294182,0.4378714641281087,0.19751236325490767,0.8857252801841903,0.6707206356753935
2313,-0.057932033542149625,0.6136258007115465,0.3533362245269469,0.2291545690481127,0.9440978898254205,0.5652248155531243
2314,0.0741782847505085,0.47664456045171394,-0.07914711599569073,0.4326940548932353,0.8959592179896063,0.44558938156056743
2315,-1.2041199826559248,1.2032700902169777,0.24999614401718148,-0.003937007874015734,0.9992510087090484,0.9964767156862746
2316,0.14399713982794254,0.48072791248223773,-0.04945872836069622,0.44179711029814805,0.8435557340108141,0.49618675558872677
2317,-0.013897100378964532,0.5504003323549427,0.13498779071551723,0.18483507140660227,0.9601573036575948,0.44284452523653073
2318,-0.0031821756108509477,0.6100027003025104,0.15770318848590484,0.11444407575543768,0.9674558244749097,0.42153252770238725
2319,-0.07706583273008391,0.6165865746140208,0.3227841112192137,0.11307483162082504,0.9527548333356143,0.5626207617074751
2320,0.03791038886965503,0.4496540692420826,0.02368622448239796,0.17059648248268583,0.9290333301427826,0.44992741046601636
2321,-8.0,-8.0,0.0,0.0,-0.0,0.0
2322,-8.0,-8.0,0.0,0.0,-0.0,0.0
2323,-0.33839642105637346,0.6315207119932358,0.2718524940885162,0.5920313402609353,0.8453987676142221,0.8562683661645681
2324,-0.29617449710780436,0.6378875187030203,0.34622671455781157,0.26330679899162107,0.9363037963389325,0.5925923290246796
2325,0.04101572365030015,0.47064362402273674,-0.15408342515660073,0.4561602930663882,0.8947323770085761,0.4717503304026234
2326,0.04183460071151511,0.49069629228881817,-0.03750388450298413,0.2327033332084685,0.8609934104542714,0.45320059957927983
2327,0.0009854781575331507,0.7638902408592501,0.3594972469809696,0.3271405538925913,0.9305851937174702,0.6154566651343357
2328,-1.2041199826559248,1.2032700902169777,0.24999614401718148,-0.003937007874015735,0.9993678403482318,0.9964767156862746
2329,-0.9030899869919435,0.8996702747267908,0.353463251695732,0.23804780876494003,0.9500398902934177,0.985739087301587
2330,0.039803370834843456,0.3631892303628354,0.043860281682103874,0.23898253528031008,0.9225521042957074,0.38161010397374706
2331,0.14245848929534544,0.4070654997699874,-0.0891501679117584,0.6106609074752493,0.9001578230861083,0.4467452099409916
2332,-0.07683119743043684,0.6740569611451745,0.39966690975377445,0.41162837381666895,0.9110973614177238,0.6057276122448044
2333,-1.2041199826559248,1.2032700902169777,0.24999614401718148,-0.003937007874015735,0.9993875337852801,0.9964767156862746
2334,-0.28157096264879633,0.7578958307561934,0.4434750972226133,0.022558753298982066,0.8918610966426275,0.8176066691691694
2335,0.039940249170414686,0.4814630751289821,0.06990014032884155,0.3130626382250818,0.9306613134605913,0.43818037738915144
2336,0.04676819491619188,0.4583798844624901,0.1886905341570529,0.16617830384739285,0.9556889804701003,0.4135990416589657
2337,0.07794482706359007,0.5017568533750945,0.16891388885547848,0.3740764104684033,0.8689980302706687,0.4275778117413508
2338,-0.8546349804879153,0.8503518585725097,0.3736866341406292,-0.02000000000000004,0.9649507799804404,0.9821028386454185
2339,0.04869204764472789,0.5300385293877197,0.15023846665049448,0.3226289007124942,0.9590835656672076,0.41919131747872074
2340,-0.008372408578370814,0.48145750977839435,0.1893799792838711,0.19598306881583397,0.9345642514253892,0.44029340914220605
2341,-0.7525749891599529,0.7456808469171364,0.42000012286277116,0.22570850202429188,0.9175375824503571,0.9710181451612905
2342,-0.46555935529609355,0.9441932501359119,0.3595193070728198,0.25966099675184345,0.9024617634853047,0.9395714633129516
2343,-8.0,-8.0,0.0,0.0,-0.0,0.0
2344,-0.2605431851627472,0.7306142336451193,0.1797337735682621,0.4934774945087801,0.8754910341986832,0.7741855454310557
2345,0.1228146640498447,0.4073643495389499,-0.1129655860266299,0.5065477658839604,0.8052034252805499,0.40669545801387574
2346,0.010046289380020307,0.5713037104355563,0.171131546220724,0.09137368984050405,0.965769124351666,0.45639127003987096
2347,0.07642158493350838,0.6194629254102647,0.040904078741217556,0.30814711927179433,0.8370778503298242,0.4677448923881889
2348,0.02708857533800174,0.468281437453062,0.1470771436081958,0.20532690791307096,0.8846476983184244,0.41157139116564284
2349,-0.8546349804879153,0.8503518585725097,0.3736866341406291,-0.02000000000000004,0.9638960681881136,0.9821028386454183
2350,0.023932283242964838,0.5068499104725148,0.18556119908038024,0.06724019470760251,0.9526310324801259,0.41155764639433146
2351,-0.013083599708858107,0.42137261426709544,0.10200116083943925,0.11268965248382916,0.9584500067262474,0.41235087316483593
2352,-0.028054017414536635,0.5709592522418433,0.32812482847516894,0.3698728029617584,0.9194773047359683,0.6490988947245546
2353,0.05890947168954005,0.6575755350108082,0.27502719966821054,0.2939341079237766,0.945060522267511,0.5050029878028678
2354,0.06827971154964979,0.5473263687305426,-0.012596319485959158,0.4156461773011557,0.8643416267800756,0.468217386547728
2355,0.0735303303613398,0.5902974198874211,0.05181034760974293,0.33967797047798554,0.9239499815061399,0.46047673548485596
2356,-0.019051091313700513,0.4408231011778111,0.13360561552214523,0.39583323333852005,0.9397648395902879,0.43254676709407996
2357,-0.10922421120514787,0.7219666138525297,0.30965588112494474,0.37310299940807645,0.9175212049424256,0.6602736986819905
2358,-8.0,-8.0,0.0,0.0,-0.0,0.0
2359,-0.9655593552960936,0.9629996332280778,0.3289718301566363,-0.011904761904761954,0.9973877752510663,0.9893465909090915
2360,0.12102207282514744,0.4276288451060453,-0.1984101842636943,0.46081059129910695,0.801908068992833,0.5304638167277234
2361,-0.25517078303991714,0.5586796948961118,0.42641298954126144,0.07001599096016782,0.9460694518824122,0.5702269287796613
2362,0.06674987019593845,0.5705156534327566,0.06689742641345532,0.32821560699955316,0.8403320933252402,0.4959185451689821
2363,0.014360416828239181,0.5368430331792858,0.104341821106069,0.34983001586472334,0.8911760825886686,0.4663661099896623
2364,-8.0,-8.0,0.0,0.0,-0.0,0.0
2365,0.03668454671297357,0.5976084315381307,0.25730834750384574,0.23179896382964113,0.9491654206844146,0.4699680697578134
2366,-0.007727800723676861,0.7479550784848055,0.2369603592726863,0.02432988509850481,0.9714394095520286,0.4749960357785659
2367,-0.427770039950634,0.7261911617355895,0.3400172445801411,0.21953927789519967,0.9714073354022307,0.7879957701880402
2368,-1.2041199826559248,1.2032700902169777,0.24999614401718145,-0.003937007874015714,0.9993819545661747,0.9964767156862747
2369,-0.022420278043837175,0.5342519733241755,0.18082816630712167,0.15948426756211118,0.9468784941478188,0.4457011462948204
2370,0.04573285502638074,0.4885139689540577,0.09192314994145682,0.41985626756505945,0.9271000147325521,0.45273435426112163
2371,0.08383065922383467,0.47983910022529064,-0.07154153169418705,0.42185234176645126,0.83340721491188,0.47175106465592226
2372,-0.03396975219018368,0.5823615767369071,0.19202728989759793,-0.01773376562554951,0.9479880774996734,0.4402773570671108
2373,-0.9655593552960936,0.9629996332280778,0.3289718301566361,-0.011904761904761916,0.9864999908164003,0.9893465909090912
2374,-0.3029143651418329,0.7767084820588732,0.34967653583854647,0.25656291914119567,0.9024047552620978,0.6824856499916565
2375,0.04060220613991828,0.5280234556114975,0.1932591070735398,0.3268437857367973,0.910181900552163,0.4746663001350458
2376,0.023302526156339518,0.5150898612210839,0.11959611660411851,0.18837751067763156,0.9501305190092751,0.4073548616421092
2377,-1.0536049848239342,1.0519018604779784,0.2972832371555215,-0.007905138339921,0.9958272689434882,0.992925688976378
2378,0.09903783206374682,0.4411699800387305,-0.18941285302484206,0.5085416402570916,0.8018089635135165,0.502946217843619
2379,0.009628294052652645,0.5925818374898784,0.2516786307654681,0.31561642249924543,0.9181459686089817,0.4599537995534324
2380,-8.0,-8.0,0.0,0.0,-0.0,0.0
2381,-0.5051499783199059,0.8049528189347884,0.46812954790250605,0.2148477591515566,0.9527714030535992,0.919047276869358
2382,-0.6515027968887309,0.6593535229270826,0.2578875810930619,0.15517844816811274,0.9500698098225497,0.9972842489384859
2383,0.1418335329220739,0.4596283149259404,-0.0886310930915108,0.49754794722624746,0.8904162591349939,0.4922801758396069
2384,0.06436732063279894,0.6583023474914553,0.27518856682060155,0.3903786284109545,0.9228701630222715,0.47374814173552215
2385,0.0811287498183392,0.5719906670161068,0.1367509071333208,0.4100991465598689,0.8307174016639445,0.46780375942425406
2386,-0.46330564177094313,0.9197446126892371,0.31480709761241144,0.45843576528168917,0.8684189730215849,0.9963348072810282
2387,0.1515108665896601,0.42884551897678386,-0.16170774401864974,0.5849971986821174,0.8222282845442876,0.43706319714183955
2388,-0.3091913821721038,0.9091529864824623,0.3097312468058115,0.38444699277608396,0.8204158747939884,0.9316534423545474
2389,-0.9030899869919435,0.8996702747267908,0.353463251695732,-0.015936254980079747,0.9578489030134458,0.985739087301587
2390,-0.08383677888441417,0.664688805851142,0.4138676857180301,0.09334623153524503,0.9517297145390017,0.6778533308625584
2391,-0.4205761037265094,0.8969207375931142,0.3295357494789351,0.08225667137159091,0.9722203843526913,0.7735216578578323
2392,0.026964933580163386,0.548781649922704,0.16476897083929054,0.41290910186359825,0.9048464452502814,0.4875918892057767
2393,-0.09592771453051113,0.6558245637020438,0.23382939249984777,0.2122182547671969,0.9268056283249456,0.5979385993693015
2394,0.04213707106383244,0.46511282408238763,0.17207169855249535,0.2251298006472127,0.9644138326509493,0.4497297315071228
2395,-0.4024718136466878,0.7234638945159872,0.31435687822201863,0.2420061267858368,0.9355218535224598,0.7771075068617559
2396,-0.13724535097782758,0.6356256742928109,0.41125261104500677,0.24786352257624022,0.903822335542007,0.579246877043112
2397,-0.0028433308258681497,0.7670330366424,0.24795577271378522,0.18824993460022316,0.9469561017126413,0.4957453547254386
2398,-2.346457090293578,1.168198121327699,-0.2620310298210423,0.9224176754260914,0.00011735293226524104,0.9939525130625348
2399,-8.0,-8.0,0.0,0.0,-0.0,0.0
2400,0.002134603912354548,0.6770140011800788,0.25000973698968276,-0.013091642774742987,0.9645427780566527,0.49860458904025756
2401,-0.45065432257430016,0.8751947388502874,0.25933904663879637,0.1348296816614329,0.9217551039059153,0.9458354381664817
2402,-1.2041199826559248,1.2032700902169777,0.24999614401718145,-0.003937007874015711,0.9994264448308763,0.9964767156862747
2403,-0.0023813888760403344,0.6482192766771425,0.2771621123646419,0.21529285868922962,0.9557468791041511,0.5042954380488016
2404,-8.0,-8.0,0.0,0.0,-0.0,0.0
2405,-8.0,-8.0,0.0,0.0,-0.0,0.0
2406,-0.6598113321888944,0.6498870053450422,0.3805525011444161,0.03692392476773181,0.941310105615198,0.9755409664258466
2407,-0.8546349804879153,0.8503518585725097,0.3736866341406291,-0.017852873707098073,0.9031874442913539,0.9821028386454183
2408,-0.17747266393413944,0.6242688281461968,0.42136398030421873,0.20572750144403412,0.954748429753036,0.6400201505698176
2409,0.06244936857510808,0.5762701184909403,0.18295074381539894,0.25713167995372327,0.8922257753519287,0.4705533378644443
2410,0.05434915899282697,0.4866731368051502,0.12363262439965703,0.42528167629852215,0.8370965866080563,0.4517253514512585
2411,0.12198399335757938,0.46162026726979716,-0.1670851764717297,0.522573220052129,0.7402426754864558,0.4860370518317886
2412,0.10607861567938479,0.48762017621796605,0.07634232301483922,0.5259462631131689,0.7890634477553298,0.45127541398634025
2413,-0.04462541788084545,0.5147977802705658,0.27513265340355897,-0.04180194398877633,0.9759130661359883,0.5220380268523315
2414,0.02716527418204827,0.6456179721207912,0.3529623754211552,0.4987641192880294,0.9009772268471824,0.6905045675350218
2415,-0.05688393997497933,1.1350366900807087,0.25432391710821856,0.06609125598610628,0.9768892574935504,0.9125203867934472
2416,0.011179930675998923,0.58963760306135,0.35069979469424917,0.3560641679927281,0.9252458965206146,0.5134578440123811
2417,0.062163274652820795,0.5151788181274972,0.04612070183907369,0.31632575331777696,0.8644517761685923,0.46299820642566053
2418,0.1464781078647677,0.46675983149735983,-0.150272365519452,0.4913543150351983,0.7638028538325147,0.44752811854707075
2419,0.05566500780568803,0.5513880770937442,0.08541775054136644,0.26194818213610843,0.8697905931950657,0.41050075377908507
2420,-1.0536049848239342,1.0519018604779784,0.2972832371555217,-0.007905138339920972,0.9987543214726402,0.992925688976378
2421,0.031145586171569487,0.5592367926274308,0.1606788693232833,0.24277200653632725,0.926886365145988,0.4796969107618553
2422,-0.023004677837193132,0.746710167158445,0.33063308921608114,0.48044826191495116,0.8746182425240284,0.6702582362586136
2423,0.04126507977695401,0.5370104688091071,0.2520692423955301,0.2150421451146098,0.960805323401663,0.4518756047060537
2424,-0.12372405116051002,0.6753426180506916,0.2747041952260911,0.5367480233321574,0.7797999983247623,0.6881862998572169
2425,-8.0,-8.0,0.0,0.0,-0.0,0.0
2426,-0.49235029561965477,0.49991421423416915,0.34878583453322065,0.07580585377783641,0.9568348342064266,0.7358230353434221
2427,0.12479199036941371,0.536632896711779,0.007827875927316966,0.5019922924402093,0.8569528183478425,0.4965309918724008
2428,-0.12827741047331664,0.9506583720042477,0.2918230864204506,0.1560110610370812,0.9468593726799547,0.6711768896485194
2429,-0.017259720564803984,0.45342958337219497,0.11576454486135312,0.023808912938198305,0.9573128132240948,0.4223747539003462
2430,0.00968523798212305,0.5806864534592093,0.27504660976809026,0.20671002944707564,0.9483655177130292,0.5270624924864683
2431,0.008420271785477171,0.6953294762685345,0.3015582153812729,0.4055354810090014,0.8901605923288177,0.6308158457253189
2432,-8.0,-8.0,0.0,0.0,-0.0,0.0
2433,-1.0536049848239342,1.0519018604779784,0.29728323715552163,-0.00790513833992093,0.9291764741175881,0.992925688976378
2434,-0.9030899869919435,0.8996702747267908,0.353463251695732,-0.015936254980079716,0.9991477395706299,0.985739087301587
2435,0.06253669540668554,0.4931419092382816,0.04129019545664381,0.3924731611306512,0.8665949696859317,0.42507377812054253
2436,-0.0012839772966394937,0.45258068960465564,0.15515641344202166,0.18432633264188267,0.9338349733877392,0.42820622814043935
2437,0.041152866943722555,0.6501863505972564,0.3056923163114063,0.3798409325498178,0.904224774625909,0.49997803729388635
2438,-0.09063147050655829,1.0391906900848173,0.26998644088544826,0.1317373215575396,0.9823304319301706,0.7645457798823976
2439,-0.02315599664973046,0.3995811186711308,0.05107093039762353,0.01684840277868681,0.9693606957417389,0.38918321262933414
2440,0.11789851132751578,0.4291377254109718,-0.11037049870874097,0.5398717661146754,0.8083684768571167,0.48236760121801875
2441,0.043376984289212155,0.525351614547865,0.20264078044596437,0.31033712523100376,0.9502428878720779,0.44619635215788844
2442,-8.0,-8.0,0.0,0.0,-0.0,0.0
2443,-8.0,-8.0,0.0,0.0,-0.0,0.0
2444,-0.7815709626487963,0.7755506535407398,0.4063159950721613,-0.02822580645161291,0.9547707650177544,0.9747427208835345
2445,0.05174013302695977,0.5250577129979825,0.22320426354717693,0.237553587353477,0.9445272220653095,0.45958247754131154
2446,0.10915457372127617,0.49023046640725493,-0.162506586215825,0.4472122772300286,0.8054591910663994,0.4850911758459748
2447,-8.0,-8.0,0.0,0.0,-0.0,0.0
2448,0.22140566939036643,0.35248196888056443,0.013397393072509629,0.6632309366906265,0.7628262646026649,0.35507904201750684
2449,0.024343602714348232,0.5791675262756681,0.20320955087146997,0.14576313795533383,0.9504892850798645,0.4666613390032901
2450,0.10250387870444455,0.5199916362875233,0.11083078623816296,0.44767134222331617,0.8366236322612673,0.4624393163163554
2451,-0.3919018493437566,0.6948342272783744,0.43085376491925736,0.2173013588696099,0.9344126573453537,0.7271654343725719
2452,-0.005899926673745916,0.5109936974532261,0.15384771659488278,0.30968499031559665,0.8993741893544789,0.40791038172180244
2453,-0.0031180215534951307,0.46475616009982024,0.15809176333373076,0.04238864646319742,0.9598034388411646,0.42136420471963587
2454,0.003430603629214492,0.5269305405164175,0.21218306788082678,0.15817267581215683,0.9586923026055877,0.44817815093022284
2455,0.027010029545375985,0.47883966811151146,0.12997570128572453,0.32315678770144973,0.8659863370051017,0.42363525462908397
2456,-0.015847860334953435,0.48845222316449965,0.18488367675576356,0.1439045639507532,0.9462670897641349,0.4463842729845522
2457,0.010843620425102922,0.764539895149849,0.20591497784763638,0.1630615678291231,0.9583858719932237,0.5500768551782941
2458,-0.6306825135607166,0.7380638794598668,0.3988218361066846,0.17497976640026658,0.9430449093310437,0.913590449406478
2459,-0.04156967912529768,0.4502548029674445,0.09391230788711669,0.030690181997433487,0.9571666184146244,0.4311168482060015
2460,0.1825612662218362,0.3761988286375469,-0.17882122771073883,0.657287932536537,0.787812162085086,0.4231960209812297
2461,0.14269734946211013,0.43865532134345225,-0.07993467068836269,0.48342628766213563,0.8141638839322749,0.443532349216927
2462,-8.0,-8.0,0.0,0.0,-0.0,0.0
2463,0.1675177740779691,0.4258240195569988,-0.21956454931821223,0.6198956146788768,0.6829691722217027,0.4711486496450533
2464,-0.7208891136324891,0.7156163389846466,0.24653740331644347,0.1867673277128554,0.9326966870751711,0.9941845925087708
2465,0.007418401628592612,0.4461142511799885,0.007178065802669652,0.24151056128423037,0.9194620706230353,0.4333293045577467
2466,0.02348597296586546,0.7275010682985148,0.2631504019017555,0.17374597157996338,0.9467368043821992,0.4929939921477502
2467,0.039381378303813816,0.39899799596343666,0.07245112081413255,0.37035117647620996,0.9494774353025321,0.39033737759213094
2468,0.010575963753716755,0.5534342592377882,0.19030572454460679,0.025886176381799197,0.9601568618396512,0.482778198664665
2469,0.06442094887923372,0.6468283437825688,0.24017836656355,0.38384946155921723,0.9254976418852336,0.4828966595454071
2470,-1.2041199826559248,1.2032700902169777,0.24999614401718148,-0.003937007874015736,0.9993657056959735,0.9964767156862746
2471,-0.3634706354697364,0.663302642838762,0.41713366536283236,0.10431411190396866,0.9276304632728802,0.5769776273313789
2472,-0.0381780040909237,0.4743189993189695,0.14252737351243142,0.006209740749391126,0.9546490922265182,0.42981759789378915
2473,0.13533796799828263,0.44725216838036536,0.1348869019027678,0.5059557503245102,0.8719076734509091,0.39190791271335657
2474,-0.05650801085836109,0.70213861984366,0.3793076360376773,0.3269631405213641,0.9027180259717341,0.5841113779566466
2475,-0.8140764892499881,0.8151210350236594,0.37317469339524584,0.0527505246871389,0.9329685896608241,0.9447076009387843
2476,-0.02088275080933693,0.4234284193572693,0.13718500958055216,0.14184910154636046,0.9628936134618904,0.40636710071633797
2477,-0.9655593552960936,0.9629996332280778,0.32897183015663617,-0.011904761904761939,0.9792039411966376,0.9893465909090912
2478,-0.5475742655937662,0.7891555429731852,0.41137993042571674,0.26146530656261174,0.9274770297269516,0.9111660433807578
2479,0.004609938877534949,0.533084958549041,0.10889202320006303,0.13289269658261843,0.9481305092451136,0.4344256912591338
2480,-8.0,-8.0,0.0,0.0,-0.0,0.0
2481,0.15286646798539696,0.45406113320115044,-0.081269723090924,0.5808739524437116,0.800123976427018,0.42002127913047943
2482,0.04094751851728098,0.4171800474669342,-0.10386262238790979,0.4701233002703421,0.8793905339080044,0.4200792566022426
2483,-8.0,-8.0,0.0,0.0,-0.0,0.0
2484,-0.030171961068849094,0.7418106240263451,0.3399901692932402,0.2589010897522632,0.9071295760273513,0.5736171679114359
2485,0.06158841138811336,0.4748112302713699,-0.03930349127860216,0.46113445720673374,0.8009508592120377,0.45470486813081307
2486,-8.0,-8.0,0.0,0.0,-0.0,0.0
2487,0.024606901284204986,0.4372295579890133,-0.0735663162411576,0.24285090968345327,0.887620475077557,0.45485478906909094
2488,0.1420065403533375,0.4116967865192443,0.009260363383431877,0.44535982204996993,0.8696014973146642,0.4137411412235206
2489,0.02970780317574104,0.47790034685223937,0.17422765846423896,0.40136164056717966,0.8560279501830486,0.45522689476421885
2490,-0.038619571792536445,0.5837020583556876,0.16708052877983895,0.12155866261002411,0.9647162413850908,0.3997480125031428
2491,-0.25941288752905534,0.7070154110290731,0.3398628294354655,0.19259854727853912,0.9075481090913892,0.7087412660466422
2492,0.015309683377388517,0.6241750693254763,0.28758010864385686,0.3507914729500529,0.9366971030011048,0.5694403839913634
2493,0.040993118517683266,0.622229693309459,0.24525192309459132,0.28439355588886356,0.9633105297316372,0.4780979700848056
2494,-0.5492141037819422,0.8090705352186369,0.26405280086463556,0.2380815081913606,0.9346675166815801,0.9815579050563698
2495,-8.0,-8.0,0.0,0.0,-0.0,0.0
2496,-8.0,-8.0,0.0,0.0,-0.0,0.0
2497,-1.2041199826559248,1.2032700902169777,0.24999614401718145,-0.003937007874015719,0.9992992498936033,0.9964767156862746
2498,-0.04174899671515881,0.5061194896871153,0.2500777409209075,0.33503749200524097,0.9233660502104235,0.5642721750648862
2499,-1.2041199826559248,1.2032700902169777,0.24999614401718148,-0.003937007874015739,0.9993657056959737,0.9964767156862744
2500,-1.0536049848239342,1.0519018604779784,0.2972832371555216,-0.007905138339920972,0.9986521731606879,0.992925688976378
2501,-0.004033976013979298,0.6299881518784004,0.18126048244562215,0.16061855559382354,0.956522516794378,0.4409591657738361
2502,-0.07091612571839268,0.6504275501886047,0.3955573043616819,0.4144631058827578,0.9573539760029055,0.6606486896258829
2503,0.0547052561967475,0.49152763463806465,-0.005094171535194718,0.37125073295985556,0.8492526579408849,0.4823472679393646
2504,0.02847106600443665,0.4825380928655998,0.11606799616984674,0.15474846822758037,0.9326265064996577,0.4418727228203001
2505,-1.2041199826559248,1.2032700902169777,0.24999614401718145,-0.003937007874015721,0.9994057833067326,0.9964767156862746
2506,-8.0,-8.0,0.0,0.0,-0.0,0.0
2507,-0.005833510805958401,0.4475662154015996,0.11135120152402778,0.08121455020727014,0.9635348557661895,0.4487765480512826
2508,-0.016976334518136748,0.4512807016369446,0.03281768000200819,0.08869182210784564,0.9439169200884988,0.44207032379013894
2509,0.07300270994913267,0.481129308119584,0.016846299075054857,0.44189303377538836,0.8138584067376091,0.4388652865588172
2510,0.09873553336330024,0.49182164364326175,0.013806967882967836,0.426506004042533,0.7873563235015848,0.44136201274489584
2511,0.043997679521756275,0.5112364802907344,-0.023360011341036456,0.32376578503146247,0.874370564633438,0.4961516215294427
2512,0.09589017715842975,0.5079317756161642,-0.07764838715008869,0.4661003683073879,0.8517258020570543,0.46569016269615826
2513,0.06917197500272593,0.5129709598566836,-0.009624473977615825,0.3625421708912078,0.8744005837560287,0.5127103107879076
2514,0.031600937959383145,0.48847545666598363,0.0698125541299615,0.24949498209938656,0.9358681063532687,0.41582638618745776
2515,0.008755203030160702,0.3836233180974783,0.17270053015537432,0.15649903184064895,0.9381588773705819,0.39791406359505166
2516,0.009134045508914087,0.5493586039938,0.14764635317817154,0.20388078561339099,0.9579028824236435,0.47027268090480817
2517,0.1711260903439499,0.4514603963949736,-0.12389275951125654,0.535368748351862,0.7843512103600748,0.4635300098049884
2518,0.016047270589168883,0.6196067709385696,0.2412320855211255,0.17344562140994263,0.9552333924474845,0.5156291108675016
2519,-1.2041199826559248,1.2032700902169777,0.2499961440171815,-0.003937007874015749,0.7811441513056641,0.9964767156862744
2520,0.03536853613374124,0.5843084651251663,0.2132357721242212,0.1622258598647296,0.9327963642509217,0.46611883215697214
2521,-0.019856852841165232,0.5923701567299364,0.13707036739714754,0.06920743836208983,0.9542180108421622,0.4327914351603973
2522,0.02092445594454407,0.6080202145557732,0.16433636823551237,0.10603780116475639,0.9785287495291016,0.4386664520117656
2523,0.07560832153291051,0.5358803515519813,-0.14151000100700623,0.39883848898163793,0.830996709457912,0.4867974995296887
2524,-0.016450904649151943,0.45436589072622097,0.18390824743130663,0.18661486774769642,0.9230732805551586,0.4722515226943718
2525,-0.33009828794435747,0.7313640567657907,0.3565009280650138,0.005080146301957402,0.9551148008933298,0.6883141751059378
2526,-0.03166713604772709,0.5729573992351574,0.35883954823978537,0.0759457389400746,0.9337279011732634,0.48136892356317185
2527,-0.20213281104183597,0.7002560731303975,0.2823777293076694,0.43528580588120663,0.8603909807633754,0.8311785315585074
2528,-0.7041199826559248,0.6954675535516895,0.4438128616001761,0.06326530612244917,0.9502509666196015,0.9634781504065044
2529,0.01794905059684121,0.4718689518965469,0.14526077216010871,0.141921300763212,0.959286670372255,0.43056662548465086
2530,0.013350295919826068,0.3924683489017122,0.04128236580178428,0.2491472075646335,0.9498846192345005,0.38694408274275177
2531,0.03574707437671549,0.4103849623283607,0.15246559809533025,0.3210106652295801,0.9553949764401876,0.4012124715552264
2532,0.013962170934602147,0.5820350012813092,0.35165472220472765,0.4917050028028003,0.8881926154636923,0.5577293473278531
2533,0.10553771117650883,0.44660054313270486,-0.049931568660255034,0.5213616812265497,0.8481878620712836,0.4539155303285087
2534,0.06844133050357842,0.5487953706728524,-0.012914710693528335,0.4927018568101718,0.8581247623516607,0.5094415727812667
2535,0.028113714641996895,0.44870318229560846,0.20662342980872703,0.27274680666945794,0.915809317238305,0.4147820787908851
2536,0.047105257454460626,0.5801645708941616,0.12341555928283648,0.2838756388635272,0.9118964993450411,0.4537986561601836
2537,0.010721956430469996,0.5250251510509414,0.20654081703027677,0.2347476498602332,0.9644741812817059,0.4858465122290524
2538,-0.004286458796971079,0.3792658736347732,0.13380291152820603,0.09142908493141437,0.9541026156242726,0.39895794980698
2539,-8.0,-8.0,0.0,0.0,-0.0,0.0
2540,0.18886262855516162,0.48366042013186583,-0.07139025850491361,0.5648372478262546,0.8015838049851509,0.4721700502312899
2541,0.06054637276875755,0.500583244055282,-0.0519779148766395,0.3051370389376949,0.8590990480114931,0.4183755411509624
2542,0.11700230485440206,0.6382815210401771,0.1595752136512111,0.5140114846845061,0.8926775177361794,0.4520218243907509
2543,0.017302289997197722,0.47793989628335387,0.12582940726178943,0.2750428053065218,0.9542439232557867,0.41649162256881544
2544,0.14412652614288768,0.40826228293904626,-0.18341434001840903,0.5128182267126221,0.7901285205910918,0.46199005095413465
2545,-0.815044357464103,0.8098943791441969,0.3910417185252598,-0.02409638554216868,0.9734877183926997,0.9784375
2546,-1.2041199826559248,1.2032700902169777,0.24999614401718148,-0.003937007874015726,0.9991407653099177,0.9964767156862746
2547,-0.003910635219530987,0.4773959054670625,0.09803374179975985,0.21538745563093736,0.9446788452539816,0.42218131939346054
2548,0.04318792153220658,0.5935341342706001,0.26559491743550734,0.2705130346613964,0.951147741657952,0.5230046514563975
2549,-8.0,-8.0,0.0,0.0,-0.0,0.0
2550,-1.0536049848239342,1.0519018604779784,0.2972832371555216,-0.00790513833992094,0.9302218154914549,0.992925688976378
2551,-1.2041199826559248,1.2032700902169777,0.24999614401718145,-0.003937007874015714,0.9982262472332595,0.9964767156862747
2552,0.0017948458762871633,0.45768179727608316,0.07860265327098923,0.2570709489361617,0.9276642706804847,0.442434997959007
2553,0.029560619452474724,0.544802811060505,0.16952755536249337,0.3461931016791705,0.8880831515455133,0.5169848943032315
2554,-0.26199116245064197,0.7424361614132732,0.40307593115306495,0.052586293866895756,0.9551167824361122,0.6754001591105199
2555,0.06920805732599364,0.46263872979461407,-0.0844988527628696,0.3213626307191811,0.8616114553193929,0.4499010929136597
2556,0.02409362850267186,0.5948225814936076,0.1418700524389816,0.21719719811929658,0.9481253677106155,0.4056307078336713
2557,0.03848134787291948,0.4608523864407161,0.21831830714746625,0.2513934981743537,0.8911444627569156,0.4758402876707822
2558,-0.0003829308832651174,0.751028006871608,0.31421963568769035,0.3615082221935148,0.9277212423716984,0.6312746461275864
2559,0.1085930188364809,0.48050545090556623,0.16192882864863423,0.41482661466207305,0.9464376189357585,0.43314403869564266
2560,0.08957192258810823,0.49489442597607314,-0.1197549121563209,0.4469678532271797,0.8252630130391628,0.41438998935473764
2561,-8.0,-8.0,0.0,0.0,-0.0,0.0
2562,-0.014377628912206467,0.5843628546282481,0.2516984564937128,0.31704202935151177,0.9159922741829288,0.5825355010334294
2563,0.05553304820851343,0.61120097847953,0.20680066094959096,0.37048823999097613,0.9293067999821948,0.4406228936264737
2564,0.13686223487896224,0.48553872877329807,-0.19871368516347832,0.5233979290021062,0.8564091941817351,0.47492259415875976
2565,0.07422146873785644,0.48869164637420975,-0.014750680544267003,0.2635636034598667,0.9510968486753894,0.4539136748955404
2566,-1.2041199826559248,1.2032700902169777,0.2499961440171815,-0.003937007874015748,0.8462256133377429,0.9964767156862744
2567,0.10776438489462362,0.4699970216586298,-0.11833419605144918,0.4893971939880773,0.9139596070913211,0.46470694381026834
2568,-1.2041199826559248,1.2032700902169777,0.24999614401718145,-0.003937007874015714,0.9989936649901199,0.9964767156862747
2569,-8.0,-8.0,0.0,0.0,-0.0,0.0
2570,0.07501801451335909,0.6207411425470809,0.008121858727572085,0.2812594187366122,0.9217269479166113,0.5355445932708827
2571,0.018592185505851247,0.5140094229356519,-0.0030109044410986884,0.2906941649478988,0.8985009868840902,0.43797264334626657
2572,-0.01719508358560839,0.4746104224202937,0.13317793633569133,0.06453007091607044,0.9482357790816648,0.42323012760435513
2573,-8.0,-8.0,0.0,0.0,-0.0,0.0
2574,-1.0536049848239342,1.0519018604779784,0.29728323715552163,-0.007905138339920981,0.9988922626240171,0.992925688976378
2575,0.10385158033982893,0.4481110032915171,-0.14781154786637168,0.5798306168847654,0.8761263208212015,0.48502800220634307
2576,-8.0,-8.0,0.0,0.0,-0.0,0.0
2577,0.03441060484910994,0.5393410665295724,0.18107229169223044,0.2717526453080499,0.9540811621744445,0.45571693041623884
2578,0.034814821318173206,0.46134517699784616,0.10876483403506416,0.246175095116445,0.9627891082926975,0.4142237255812949
2579,-1.2041199826559248,1.2032700902169777,0.24999614401718148,-0.003937007874015735,0.9994098487263107,0.9964767156862746
2580,-0.028866012615949642,0.4741305889568303,0.07363053626191278,0.06992450072608501,0.9483575293761926,0.4388554499081612
2581,0.07188662074810791,0.547247100317409,-0.011018141913374224,0.458560883910701,0.9389415465307646,0.45745278323554456
2582,0.017552432384381197,0.4957232168955232,0.13504246162615136,0.16588903955082093,0.9437902844158977,0.4109806303152614
2583,-0.3720010712703761,0.6635691063534955,0.3292620259433899,0.07353393990714223,0.9604721208989753,0.6516602111092399
2584,0.17245758990102905,0.4823484235361933,-0.13372618940762498,0.6773508636661535,0.7448628200667334,0.47079435940385855
2585,-0.5888955219667878,0.5739744897849319,0.5049311674015748,0.05462184873949574,0.9474842216313097,0.9360944037656906
2586,0.05588779611811168,0.503134456397876,-0.014340137713088803,0.4069091523826782,0.8826867124378055,0.4362158997110076
2587,-1.2041199826559248,1.2032700902169777,0.24999614401718148,-0.003937007874015718,0.9994250084723755,0.9964767156862746
2588,0.06042385408294764,0.539259277249981,0.17579599376168845,0.40601418707859654,0.8258510609769004,0.48808671409482096
2589,0.062303622812474646,0.5035112341993944,0.2527830864331629,0.258351688119515,0.9574806354188093,0.4511854808294877
2590,0.046136962435974586,0.6418323676837102,0.16549285195920452,0.47588182192147604,0.8816788515783044,0.5030396347728365
2591,0.02438838239685696,0.5964021243859785,0.1983686485889073,0.20446937336011725,0.928221345188995,0.4543194597377862
2592,0.04110638095297218,0.494643662051812,0.08148256262516235,0.2680195528756181,0.8928995289802014,0.45775889701683764
2593,0.10311978470960714,0.5105587963755073,-0.15726950326324726,0.42421449304483516,0.8526429670041337,0.5199414867299056
2594,-8.0,-8.0,0.0,0.0,-0.0,0.0
2595,-8.0,-8.0,0.0,0.0,-0.0,0.0
2596,0.01042806793290285,0.5321958732947236,0.08225064147055944,0.19897274700726728,0.9532824266535552,0.4506813274260413
2597,0.12499139058425907,0.461318725000428,0.10935314007986661,0.5646636163093438,0.8177066298890303,0.47164604654659215
2598,0.009967278073123005,0.6542796490186545,0.21019041193606264,0.15261114703607565,0.940171041180189,0.49034978604300905
2599,0.015993176791271907,0.5393390400411917,0.11655033185447064,0.2262715570857202,0.9468280149065122,0.41236045165112306
2600,-0.10963731611731221,0.6288170499019287,0.2409096795236193,0.12462473762531308,0.9508200602032433,0.512616625224551
2601,-0.018065300349915842,0.5130074534297302,0.2594257143365089,0.12967103172617123,0.927943628443162,0.45292680783744643
2602,-0.0039001291800419904,0.5151367980273663,0.21139028979318197,0.14773371641213737,0.9464402437111303,0.47666889200663015
2603,-1.2041199826559248,1.2032700902169777,0.24999614401718145,-0.00393700787401571,0.9993748039126711,0.9964767156862747
2604,0.015968812708739875,0.43045072925466504,0.09929697264411046,0.2561509519057108,0.9288181833974266,0.4012416949821758
2605,0.03238792620110631,0.47727404718355954,0.13927697632892874,0.13887659834683108,0.9440656685278037,0.4511171870102848
2606,-0.5013178624227564,0.7996272154537254,0.318317728351049,0.4207926636606369,0.9239259795525707,0.9573864328455512
2607,0.11467173305280547,0.48909622356522475,0.23075040517324827,0.40488417892860346,0.8822586262119217,0.404886067193387
2608,-0.0020604442317900544,0.6363931494802663,0.10985435517677633,0.19404888246057936,0.9617593547102017,0.4698725126209284
2609,0.044694312740171556,0.6333871373895646,0.19119014003434232,0.19284007222592792,0.9140848237784788,0.471040575085104
2610,0.11219391038458386,0.601008344366547,0.04463523161717599,0.49924782746060736,0.8070876316674288,0.5006275948518155
2611,0.016443358963272113,0.5563173871837583,0.0508651678223053,0.4628105734214358,0.945008798516431,0.49819881322253085
2612,-1.2041199826559248,1.2032700902169777,0.2499961440171815,-0.003937007874015745,0.9779089429337907,0.9964767156862744
2613,-8.0,-8.0,0.0,0.0,-0.0,0.0
2614,0.06082660742357562,0.5122696148479309,0.09151105698600312,0.3767198359934643,0.8979612220289455,0.4371064828705762
2615,-0.015519090122645884,0.620563213234762,0.29233937068358096,0.24802423213085015,0.9149532639381868,0.49183198959192687
2616,-1.0536049848239342,1.0519018604779784,0.29728323715552174,-0.007905138339920969,0.9992352264344999,0.992925688976378
2617,0.1261239912746576,0.5500975363623599,-0.16435689850763296,0.6200982805482723,0.7119685385235162,0.49940303878393955
2618,0.11491965058744696,0.434264855854717,0.13262560173682314,0.4713517166165692,0.9201480464849392,0.4322341450795901
2619,0.18142643759619037,0.49118371189779503,-0.18292098975024604,0.5989254018619818,0.7940648672063391,0.48792462318549573
2620,-0.018479666003053032,0.6854365857969229,0.2541717003580317,0.37348573047408257,0.8836688952086117,0.6197851743601486
2621,-0.5764837301042718,0.8761372331451357,0.42039635510537743,0.24523078331676093,0.9133313718606627,0.9471507352941176
2622,0.007253003014453713,0.5643419769709149,0.12064446560333354,0.020046590371199956,0.9577111983715828,0.502701152522354
2623,0.09641874826223304,0.6190123860653163,0.22892270765894387,0.38386145417474105,0.9692765188181073,0.48087022993931017
2624,0.03333772632447445,0.5677640345035199,0.16323740011161794,0.14557139828612972,0.9102769569077929,0.4498666863373343
2625,0.014668858184071949,0.48321512532517963,0.10212740172914528,0.13575727665734166,0.9289654388371711,0.42427286166347683
2626,-8.0,-8.0,0.0,0.0,-0.0,0.0
2627,0.024814105535347367,0.40893408807568116,0.1978912072666147,0.22030977264163087,0.9582191128373606,0.3980708626442439
2628,0.09444695959404457,0.538861330959202,-0.035009708771911854,0.3322358338199562,0.847535602230725,0.4505789441446807
2629,0.02972288088892156,0.44323630542996867,0.06080938140350059,0.2812502877296968,0.9017976120534563,0.4472349319888764
2630,-8.0,-8.0,0.0,0.0,-0.0,0.0
2631,0.07883160199688348,0.4078114780780722,0.14112933798108648,0.3075611832310764,0.9442787329991785,0.42602503314155027
2632,0.10893468500976276,0.6402408890005962,0.02577901062178843,0.4965946591600141,0.787173163307631,0.520592586428278
2633,-8.0,-8.0,0.0,0.0,-0.0,0.0
2634,0.10910421507382058,0.562338210073145,-0.19685303267674828,0.46645399660289316,0.8195129108946906,0.5711571807902345
2635,0.025462628100377138,0.5508391881630074,0.17714647546902687,0.1767951128185526,0.9447518102312836,0.4684891572993256
2636,0.046911673986878795,0.48550588652968246,0.15155795146089698,0.3623999539799401,0.9344825220328291,0.43528737782335036
2637,0.08525675955146854,0.3828008202545964,0.06197543556751139,0.44134830250187607,0.8814309972493835,0.42963557507513384
2638,-8.0,-8.0,0.0,0.0,-0.0,0.0
2639,-0.0607751284928791,0.9364233156008998,0.2537611116503949,0.4860815962574221,0.8841671764327723,0.766941691276209
2640,0.04762050514612022,0.5261647214650005,0.2562183324100227,0.31248533731852435,0.923359547771485,0.4936401878859097
2641,-1.2041199826559248,1.2032700902169777,0.2499961440171815,-0.003937007874015731,0.9991906372266999,0.9964767156862746
2642,-8.0,-8.0,0.0,0.0,-0.0,0.0
2643,0.1066518953089731,0.6562044999992698,0.16431234340908824,0.4284569912089658,0.9172774686489611,0.4512725267609408
2644,0.07506255206621482,0.5057201074554208,0.2517506744586529,0.3181153340617735,0.9638987097484277,0.461264765639374
2645,-8.0,-8.0,0.0,0.0,-0.0,0.0
2646,-0.9655593552960936,0.9629996332280778,0.32897183015663617,-0.011904761904761921,0.9924285522031245,0.9893465909090912
2647,-0.4490323800640007,0.7447557668587848,0.20966212168486364,0.33723995463503764,0.9380263457474849,0.8688056383330404
2648,0.1018765093334939,0.46861607613278145,-0.030098109124739966,0.4934777629945391,0.8174170416931136,0.4621040202630019
2649,-8.0,-8.0,0.0,0.0,-0.0,0.0
2650,0.1572803730145471,0.47011222988833545,-0.18195167101510312,0.6579483313991494,0.7668913150584308,0.4959805770062664
2651,-0.045105904266198496,0.6778919413401521,0.17149938110425939,0.3916464018551967,0.8924484645177827,0.6327839262317753
2652,0.055802319981793476,0.5196567729783802,0.2556214924355518,0.23881339332742305,0.9396785428751199,0.46172858409100626
2653,0.046813988563097146,0.576164110292676,0.21790388727403853,0.46573106694209343,0.8867752881048472,0.498843692222602
2654,0.155943113325648,0.4784473455267355,0.058075803528081026,0.49725277344425134,0.875588601885629,0.4819036318498165
2655,-0.40377110122700455,0.5740372995538923,0.3179102775260468,0.097270293835576,0.9602688038431848,0.6849448033941816
2656,-8.0,-8.0,0.0,0.0,-0.0,0.0
2657,0.19611240788660217,0.5205467945378331,-0.14203050511688803,0.6640179046999656,0.7702391481867391,0.4966615752681681
2658,0.0781166228515723,0.5045295414657264,0.19606026121327214,0.33759937087165914,0.9474544910490528,0.41666003536287427
2659,-0.8546349804879153,0.8503518585725097,0.3736866341406291,-0.02000000000000002,0.9818035058115284,0.9821028386454185
2660,0.054297877838373344,0.548170985447985,0.10991516720922218,0.39351766905136737,0.9327213726619464,0.4725024233329904
2661,0.029789565755896443,0.48878481208034624,0.11866988847008768,0.27708053310060843,0.9529646696061262,0.469115356853768
2662,-8.0,-8.0,0.0,0.0,-0.0,0.0
2663,-0.5647431821795103,1.0421291533281234,0.30852329695838554,0.18199315654405424,0.9353614962891109,0.9676600772097977
2664,-0.04107611246165973,0.8148775635957793,0.2723127952957796,0.32921496191681027,0.9236193208332184,0.6755465514221423
2665,-8.0,-8.0,0.0,0.0,-0.0,0.0
2666,-0.32522551779129294,0.8145769775705703,0.35160225297464526,0.2061026676539447,0.9475774031041294,0.7010546556771798
2667,-0.0009257429289612555,0.5897536966949256,0.15242820364685744,0.1128065074360496,0.9499179557185723,0.4379027455013156
2668,-8.0,-8.0,0.0,0.0,-0.0,0.0
2669,-0.41422818434751973,0.7101158759940409,0.4598827196571885,0.10527590460065094,0.9486863420672025,0.9084057827367469
2670,0.023720255549486608,0.6271549267783635,0.25055146178590976,0.22777836151234854,0.9255523979291875,0.5085850270147909
2671,-1.0536049848239342,1.0519018604779784,0.2972832371555216,-0.007905138339920998,0.9991156115368571,0.992925688976378
2672,-0.009226511097278822,0.4876740298989559,0.1796656935749212,0.1730338007789029,0.9423242701739459,0.46223682559380674
2673,0.08384389421484548,0.5697581180853988,0.1866638314737247,0.3748210551176629,0.9346559102155121,0.4736715629997618
2674,0.07616341796728467,0.5381853125968591,0.17122133382044713,0.41756655531358383,0.9333672818762169,0.4699735070897881
2675,0.07565026750246569,0.5385761528794061,0.17774820298269897,0.318063459623375,0.963892711381492,0.43800441658524886
2676,-8.0,-8.0,0.0,0.0,-0.0,0.0
2677,-0.9030899869919435,0.8996702747267908,0.3534632516957319,-0.015936254980079764,0.9247164209236669,0.9857390873015873
2678,0.20445612851513106,0.4737229313163236,-0.23139465830611317,0.6879126054865216,0.8141730702570952,0.4819405097909564
2679,-1.2041199826559248,1.2032700902169777,0.24999614401718148,-0.0039370078740157315,0.9991817963737726,0.9964767156862746
2680,0.1831592838059314,0.4800972638312216,-0.2389742495097972,0.7065499680043797,0.6492882430145983,0.5184363116599993
2681,0.17121710967532283,0.4895345159020625,-0.302252755339828,0.6503882800735036,0.8233122087922631,0.4927941383341124
2682,-0.6834236400768122,0.6738866996031537,0.4543414455150834,0.1449329359165427,0.9531537429371325,0.9596619897959188
2683,0.22719021268801465,0.4367460639363747,-0.13989961347085686,0.6670598349183077,0.7768199078968191,0.5169231338150242
2684,-0.2118102855568093,0.6626200963618534,0.3134014221449944,0.139317739282204,0.9370739278565794,0.5662694836742651
2685,0.04167965565570089,0.5764038093505163,0.11031445192583475,0.1797192202777108,0.9606330681747023,0.44251524518555785
2686,0.12727577185019934,0.49671181759625865,0.12562528040534274,0.5377359228468241,0.8268087905127329,0.4982714985343485
2687,-8.0,-8.0,0.0,0.0,-0.0,0.0
2688,-0.06940100263001606,0.5226868459483422,0.383801022036872,0.23608337554196707,0.9130393269595627,0.4878414964669818
2689,0.06099633618074509,0.5019956780063327,0.14070067241750872,0.34179782212809473,0.9032478852140352,0.44666519720693054
2690,-1.0536049848239342,1.0519018604779784,0.2972832371555217,-0.007905138339920983,0.9990613652092157,0.992925688976378
2691,0.21621097194900896,0.4720032044575209,-0.0673197950194258,0.6517625905881831,0.716143196626796,0.48067127561965434
2692,0.19618685258741245,0.4884424567609329,0.04932249420885089,0.6329293058013208,0.7889907128619881,0.439655181420882
2693,0.20684621859847543,0.5015641070149907,0.023191651062492567,0.6690506573286389,0.7683224349341077,0.4612307044891759
2694,0.20993357511453978,0.4581299339495112,-0.06952844961959498,0.7205731655695822,0.7947386901899262,0.48099173034447473
2695,0.1302028786087695,0.5328833826082671,-0.0398191322542044,0.5183286584921749,0.8205620576716101,0.4389278462087357
2696,0.0054259869814300135,0.5911901706158348,0.079727379816916,0.2768675343234951,0.95081644835429,0.4254628397809914
2697,0.08678825218781427,0.6064601306328612,0.17075554658510458,0.35895119131877035,0.9256721100062119,0.5128632575965429
2698,0.021538050627692568,0.5135121120250377,0.11462191544745906,0.11605013038649789,0.95631883024249,0.4218775456035542
2699,0.17728609611736793,0.9221429239094914,0.2742359145380439,0.4392035429134429,0.8962819218450557,0.6517398453182863
2700,-0.14497577995677244,0.6205357023912794,0.36575166106832097,0.3476158117970778,0.8850980881149553,0.5437787931659815
2701,-0.9030899869919435,0.8996702747267908,0.353463251695732,-0.01593625498007973,0.9201976258178991,0.985739087301587
2702,0.08059407004019384,0.5246400865039443,0.04649112053117248,0.47748311058057835,0.8693367996504463,0.4643001628676379
2703,-0.006292158567370014,0.7850512699678057,0.23707038530787186,0.09275086350689783,0.9618271758912594,0.5263915006378019
2704,-0.10783892733470771,0.45845025155631214,0.21483393814604668,0.20354352778188028,0.942992867719101,0.435535820078128
2705,-1.2041199826559248,1.2032700902169777,0.2499961440171815,-0.003937007874015729,0.9991748798680459,0.9964767156862746
2706,0.10495007050118368,0.5197151958297485,-0.11352214813206428,0.5530361154886221,0.8041187878676039,0.4757139074805218
2707,-0.0358896229332896,0.5157919494020636,0.12405016778443712,0.10265076034351223,0.9662283447943523,0.5074275599088323
2708,-0.22004208963733246,0.7555888847928309,0.2902866907829573,0.5634620724200398,0.790686706890285,0.8735757760259845
2709,-1.2041199826559248,1.2032700902169777,0.24999614401718148,-0.003937007874015739,0.9988045486172238,0.9964767156862744
2710,-0.48054096698481513,0.7804470136851962,0.48460394314967353,0.13211633663366326,0.9373835604679704,0.9064473582871226
2711,-0.015353887046791742,0.9789068498255175,0.28489276046350137,0.603120280313184,0.8298706575005322,0.861578884862326
2712,-0.011598787106110259,0.6979626543399283,0.3266762804832602,0.30523627040648404,0.9128586228365086,0.6529686884493674
2713,-0.021124852277108194,0.5092832763673145,0.08015026297283058,0.15646069389276596,0.955196397737687,0.4630749173336033
2714,-0.3680710536880661,0.8467191394731473,0.41577403380403294,0.204295154185022,0.9677867370336304,0.8932286907155259
2715,0.2215650733530724,0.516146778048191,-0.03266697383594155,0.6806517284554076,0.7559933723610508,0.4435375711946105
2716,0.03688023216069838,0.6789132668705543,0.20526409043980784,0.24858462491818542,0.9565293944942379,0.5472977500874857
2717,-0.15056355981904881,0.6877984556198743,0.2693618553771334,0.2837597561344345,0.878156349949198,0.7477608370524242
2718,-0.05910267697466579,1.1742287925667045,0.25212567515797435,0.004102358892128161,0.981662688099753,0.9746666198945442
2719,-1.2041199826559248,1.2032700902169777,0.24999614401718148,-0.003937007874015748,0.999149785481245,0.9964767156862744
2720,0.06530317954675216,0.4774728154044203,0.09726196836687766,0.28352520750302723,0.9610900774720896,0.39634101323622717
2721,0.2772284135951442,0.45621124449600775,-0.08588142890249786,0.7571923835626388,0.7469850318088191,0.4612900727568988
2722,0.05949170152299342,0.5637127870013018,-0.08160153403800276,0.3941849038754169,0.8934808949381289,0.4690615886247916
2723,0.03952269676849316,0.6505975132688953,0.2585075428223608,0.11858239265682782,0.912697555245554,0.5181853063871796
2724,-0.7815709626487963,0.7755506535407398,0.40631599507216143,-0.028225806451612885,0.9589030352721404,0.9747427208835344
2725,-0.2501371865707275,0.6958202178152431,0.3615222873372337,0.21399212289393219,0.9453641335310352,0.633615885901078
2726,-0.011378062167149762,0.5257912063795858,0.007366627099018545,0.22107491655128986,0.9299872566808406,0.4726748946881412
2727,-1.2041199826559248,1.2032700902169777,0.24999614401718145,-0.00393700787401571,0.9993916773233044,0.9964767156862747
2728,-0.29366922679733604,0.7658219666313336,0.29469841090152,0.1246779802451151,0.9218974647572956,0.7248464833156029
2729,-0.23233947835214488,0.5213958476953792,0.2601236574651074,0.38524490581859605,0.867845768428187,0.5473994512281815
2730,0.156887152361747,0.49118802173528064,0.22814422064740839,0.616817674937506,0.8791117065935808,0.4641105587367904
2731,0.129940651780734,0.6849991114275347,0.2971914727067911,0.5440409963531052,0.8757574027041962,0.6042013791764236
2732,0.08403708378777404,0.44045401513936316,0.0693951314318684,0.45987582250815295,0.8888333892410482,0.4210406183338067
2733,-1.0536049848239342,1.0519018604779784,0.29728323715552196,-0.007905138339920929,0.9255294791824124,0.9929256889763778
2734,0.13745819288292252,0.6086268934838512,-0.21050573809733159,0.6221568555041104,0.739717799942116,0.5193031229084907
2735,0.12701755332881742,0.5011462089350691,0.13665838514727163,0.6190320320226893,0.9165683310643647,0.43941124425741995
2736,-0.012177384818259654,0.44194212569653313,-0.006552140348544292,0.14051488704300694,0.941327803157708,0.39481607793138296
2737,0.13933341577140926,0.6579194949407674,0.32927424814481754,0.5092923544437281,0.8724411593822099,0.6416029358522921
2738,0.03794325528874827,0.4524347956679578,0.1371631274276506,0.19743256602344564,0.9591815754796972,0.45686243524739034
2739,0.07543735856174373,0.602225473327621,0.31695357540859,0.42526880981620674,0.8831500616782298,0.5734573848887081
2740,-0.2553064370107041,0.7324792350559168,0.43584663641904237,0.23358559823384092,0.8973856654875751,0.7450583931509961
2741,0.0060148459975804276,0.9454611892708892,0.2795685122709748,0.36917480689468085,0.9583037150629824,0.6687590635268247
2742,0.1823822177684803,0.5046066515162184,-0.1211796897482538,0.5490670130551869,0.889866857778596,0.5436453354715775
2743,-0.4966333086705158,0.4733772440233875,0.5567082041855278,0.05777628485052072,0.9591721683441862,0.8984374999999996
2744,-8.0,-8.0,0.0,0.0,-0.0,0.0
2745,0.2087387692710492,0.504073588468811,-0.051408886872498775,0.6712184830755619,0.7803663864540403,0.4853841670193091
2746,-8.0,-8.0,0.0,0.0,-0.0,0.0
2747,0.05004291935474778,0.6617444122421502,0.13761355993487162,0.3297511329250541,0.9381706565731842,0.4799674805249068
2748,0.1895300801360595,0.4615763577430108,-0.17237406596047605,0.6149293317503928,0.8828201214213183,0.5221140364806249
2749,0.34203212597745375,0.4410942303030272,-0.1866477718871061,0.829015999013416,0.6477511953814701,0.45354334537155555
2750,-1.2041199826559248,1.2032700902169777,0.24999614401718148,-0.0039370078740157246,0.9993135093026639,0.9964767156862746
2751,0.07451595299860415,0.46388732382337233,-0.03519385553838477,0.3696092324143348,0.8741076779624252,0.4295476142655094
2752,-1.2041199826559248,1.2032700902169777,0.24999614401718148,-0.003937007874015747,0.4254691905646361,0.9964767156862744
2753,0.24277741715592296,0.5123107355920171,-0.03691171071147466,0.7358490317839825,0.7054817036606599,0.4754034929725722
2754,0.16779973153421893,0.5298864827425435,-0.22592953444869415,0.601708755686753,0.769395886864468,0.5830353211476232
2755,0.03285695323953435,0.6836384443902247,0.22069098115146404,0.35074495224429236,0.936204846956907,0.49988091204631224
2756,0.07566109263752278,0.4835402988568281,0.04703515445136809,0.4152468543320781,0.9426206235229858,0.44687713722010697
2757,0.05249369538440736,0.4338880257249533,0.04305258143376804,0.4000208723855346,0.9472970070693959,0.3810457097596093
2758,0.14156969679870304,0.4135593200268329,-0.018980217340388076,0.5976148580226864,0.8452978092900637,0.4110252239805014
2759,0.20581303493602598,0.5417823758130444,-0.2936471074235183,0.763346126679978,0.6922120651434552,0.5014247787706487
2760,0.14971808564489258,0.5936227669376785,0.1859803169438349,0.5320288073545703,0.8791455131513949,0.4353799330255939
2761,0.16543345717919433,0.6179941315782064,0.3375326027198375,0.5895303699848965,0.8444700870841835,0.6457292969026021
2762,0.3276523687540813,0.5270435945186006,0.31834882556698085,0.6578273716203292,0.6787618925149603,0.4298729041026501
2763,0.33246204218338354,0.657274479380917,0.32348424337390813,0.7200242090988183,0.6519620286471297,0.4855838748513079
2764,-8.0,-8.0,0.0,0.0,-0.0,0.0
2765,0.23962429724339523,0.4935404094661336,-0.2258842600277837,0.723032771292208,0.7952311039164167,0.5202025660898495
2766,-8.0,-8.0,0.0,0.0,-0.0,0.0
2767,-1.0536049848239342,1.0519018604779784,0.2972832371555217,-0.007905138339920943,0.9235194505799637,0.9929256889763778
2768,0.3523500053861153,0.6551053516822601,0.4021824526605515,0.24276829239884998,0.9501863812893497,0.5705409211363599
2769,0.351579557805061,0.42652842215621306,-0.1294935804766319,0.7770491241229862,0.8212463027970653,0.35833421829600964
2770,0.10135778339618816,0.4843748769629918,0.306985317769934,0.4130037039505749,0.8773031487563603,0.45249566893149534
2771,0.22371253543750205,0.6708684415873045,0.31727555080246805,0.4712120552754503,0.9046223972333535,0.5936816477845231
2772,-8.0,-8.0,0.0,0.0,-0.0,0.0
2773,-0.14548433482804263,0.757390259188273,0.4406616899281281,0.12070829224746427,0.9530539308514246,0.676089084539293
2774,-0.1700270517828439,0.6491644267298041,0.45743049648198836,0.2677851435265259,0.9140680814036396,0.6296534180785082
2775,0.20730371041617837,0.5023559508854313,-0.12006966092835282,0.7115742347156877,0.7986285971964464,0.48642014671709644
2776,0.08652459082072321,0.6468004683712881,-0.2085610308961282,0.5175205056883277,0.7877358270360093,0.5491398695688992
2777,0.16330945045611314,0.4714739084028503,-0.04368652976565029,0.5948696230914317,0.8334555519084456,0.4664410119896656
2778,0.15375379202906048,0.5604050649280564,-0.30643450338279105,0.6456911672055152,0.6890076112618867,0.5423670028054012
2779,0.20084671848042635,0.5680344395209144,0.0988460919452464,0.5920072927179989,0.861091569881596,0.4781085613777166
2780,0.09901010647813152,0.518174446378168,-0.057959052986496444,0.532530843850437,0.7688076610140191,0.5174056330067314
2781,0.018219730456207183,0.5199177391438253,0.16918731411144858,0.3150238059371459,0.8811935640449334,0.5116711248328555
2782,0.06758758811801989,0.4392669527503613,0.13133352932042264,0.26696857980975164,0.94665123579411,0.40490996653504346
2783,0.15055845500657633,0.4555123959804211,-0.02677332334347507,0.5437899620086655,0.8568350544909631,0.44355343125458063
2784,0.1824812970530902,0.5434260780392127,0.26414840713124377,0.6080790708187664,0.9235800211992843,0.5018213875290333
2785,0.3078053177933128,0.48867083724695864,-0.393876903988789,0.8300939804944186,0.7611795543767931,0.5486133486655488
2786,-0.2498774732165999,0.8573641585502261,0.39970145931681467,0.1757970855702859,0.8822386354756805,0.7875566709844558
2787,-8.0,-8.0,0.0,0.0,-0.0,0.0
2788,0.30769762985574933,0.5195390830718196,-0.2906999504433339,0.8060216553406172,0.740506499259853,0.5645570261305977
2789,0.14397883811698184,0.6588537442881521,-0.36754883432751206,0.6375525519980839,0.7313514583112825,0.6411967559365611
2790,-0.33792310274444054,0.634144559809123,0.5002289203765587,0.14664492877981816,0.9319367895248627,0.6135041211137682
2791,0.07278854911102076,0.48880541122203786,0.20150406783790906,0.37936651959404905,0.8978072293735736,0.4390917675366422
2792,0.036253872937243505,0.5338882793840192,0.12200938139973111,0.1626667867537145,0.9504833961405429,0.4428849023602911
2793,0.2550303899210435,0.5113051962844722,0.2699336036588268,0.7460049927388575,0.7783219335244617,0.4438680554616027
2794,0.03633462851913587,0.43868686462792084,0.02941889356908514,0.2066139608868261,0.9527886313011928,0.4324309642142298
2795,0.2057021770009277,0.5270101560337657,0.2126987242382096,0.7168131937035465,0.7907787432398972,0.39558323865757816
2796,0.17873480823151086,0.5814473780149091,-0.08135283145587352,0.6533105983133998,0.8173822083513984,0.5282016887512007
2797,0.1730629115566645,0.5325198561568876,0.2652279688925685,0.5051391494922044,0.8881898248475045,0.4784469690123146
2798,-0.8546349804879153,0.8503518585725097,0.3736866341406291,-0.020000000000000004,0.9965541597984321,0.9821028386454183
2799,-0.21073411552280238,0.6931926702776544,0.485762212976322,0.12844175285598083,0.9562147619680254,0.6105096438891934
2800,0.10440958652296439,0.5128153643324181,-0.09506633510483262,0.597077350306607,0.8189032112117003,0.4952245908420027
2801,0.14195350332804121,0.4505631987541285,0.12215996036348992,0.5476936158129823,0.926479583448591,0.41444419366267954
2802,0.08856217769302235,0.4329077292468055,0.1641309674697522,0.390843760787176,0.9363734997671862,0.4342907534826558
2803,-0.9655593552960936,0.9629996332280778,0.328971830156636,0.3253968253968254,0.9988184961399005,0.9893465909090909
2804,-0.4966333086705158,0.7949831213329582,0.4389171279449467,-0.07875040676862993,0.9617505859650801,0.9295457307193778
2805,-0.02709560091091245,0.45128316684633313,0.09387015763231975,0.09405181100674469,0.9537576212725359,0.44482890907157946
2806,0.13672952212336645,0.4872054006276853,0.05668438564756575,0.500597952444131,0.8250100922677261,0.4624822985854908
2807,0.0024139923822584456,0.6164292127402843,0.28011080026713525,0.5403061413024636,0.7667153702067366,0.6934042624779638
2808,-8.0,-8.0,0.0,0.0,-0.0,0.0
2809,0.2530799746801653,0.5660426713582283,-0.17905680538475285,0.7081551815095491,0.6518823475838985,0.49410781843333157
2810,-1.2041199826559248,1.2032700902169777,0.2499961440171815,-0.003937007874015748,0.9445237043117481,0.9964767156862744
2811,0.06904380172484968,0.5231251168721331,0.1916982812585773,0.4817978634798233,0.8578946276149376,0.4542973505373382
2812,0.26805076214200624,0.5802912822556996,-0.21838703945955268,0.7969329786201497,0.5884785145465575,0.5231310740673566
2813,0.19265057046979356,0.5281990237861746,-0.25128125542195073,0.6345637716001368,0.7159555539293514,0.5705201971113273
2814,0.352904716100608,0.4658656155506062,-0.17342974228112587,0.8245082515308525,0.6890916056207707,0.5266827629137687
2815,-0.44486301271698103,0.7419612181372591,0.45311383203029393,0.10421545667447296,0.9498186793014904,0.9151495093276334
2816,-0.9030899869919435,0.8996702747267908,0.35346325169573195,-0.015936254980079723,0.9489971664247416,0.9857390873015872
2817,0.015046973466535715,0.4328971284010664,0.07968213349458325,0.19382247998689742,0.9580498470734774,0.463956086497881
2818,0.2147726291526689,0.5738873077937691,0.28031486208164136,0.5173308726012278,0.8499189184600364,0.5666320130926178
2819,0.25163516876537256,0.5290301694885505,0.07827391867749335,0.7232296868707944,0.6988769914049878,0.5103601377877421
2820,0.046012965199251334,0.41762944207334973,0.07760255454432718,0.34655190940071545,0.949716506695559,0.45735175143692713
2821,0.1395914475922188,0.5875702028956049,0.17484369100861988,0.5532290179254715,0.8238155471919909,0.4963438120467718
2822,0.12184749136467544,0.4680697879661248,0.2879329821824095,0.483473698828455,0.9192289787759476,0.5131553219610538
2823,0.3097911596173333,0.5581990852581253,-0.19544801800564005,0.8056414853389606,0.6804202994171534,0.4134216089953769
2824,-8.0,-8.0,0.0,0.0,-0.0,0.0
2825,0.14923504347547165,0.5327696673318338,0.21085400062220055,0.6339767811913779,0.7860356566431888,0.44412501998737486
2826,-0.2846954372872971,0.5771604946770735,0.5050485033133179,0.1949210706932054,0.9462941239209621,0.594933162272013
2827,0.19152780250489912,0.6428647443809089,0.3131517863661462,0.4273646810647165,0.8643147668291211,0.5269706697217188
2828,0.2852671290913302,0.49337631065390913,-0.17330810256413356,0.7627886982422448,0.8218516591648696,0.4964944286854915
2829,0.3110536114084882,0.5067587583975263,-0.21995421728532963,0.8275479498213549,0.6483174111222928,0.4851160936813434
2830,-8.0,-8.0,0.0,0.0,-0.0,0.0
2831,0.24228356677777924,0.5435465907718408,-0.37853979067643023,0.7620219052645016,0.7960821091131851,0.5461734261989973
2832,0.2503409542142454,0.592781006527267,0.3317550047759304,0.6166932091204611,0.8176630226462814,0.607957840970165
2833,-8.0,-8.0,0.0,0.0,-0.0,0.0
2834,-0.023256064647128333,0.740375599939918,0.4312575709947747,0.31700646962816037,0.8721357453006802,0.6882756294964029
2835,0.024591354002657283,0.44128913275215603,0.07145062266596154,0.4222920946368604,0.9247094108162406,0.42746352852340713
2836,0.09271468501223476,0.5388268740141998,0.2853030584543328,0.4477691071824118,0.868014783165179,0.5472307293839759
2837,0.051793389068935165,0.9336359545047744,0.31348963636812166,0.48540804755171385,0.8250266495014564,0.8660749637022152
2838,0.08405069244697166,0.629616132738574,0.45993021416896995,0.3847688725835118,0.8680055696654077,0.6330256591146561
2839,0.05154491514561625,0.47544883159909784,0.13847770740580623,0.2504998984346657,0.9352096793570205,0.43631316313533897
2840,-0.10342142049569904,0.8084634447102951,0.3993902613690495,0.26218233438237104,0.9075787329328621,0.7864331669232305
2841,0.03989724214868369,0.48575591615656977,0.03803924419804195,0.262321362993398,0.9534893101584242,0.43895916667839524
2842,-1.0536049848239342,1.0519018604779784,0.29728323715552174,-0.007905138339920964,0.9993757042754219,0.9929256889763778
2843,0.09164620070064572,0.47918705517066296,0.008428692686463906,0.39460565006599635,0.7882368567850716,0.4728411699821988
2844,-8.0,-8.0,0.0,0.0,-0.0,0.0
2845,0.18222443527005028,0.6631340622901566,-0.26850290901403095,0.7395811088447256,0.7068829727481084,0.6417035137538404
2846,-8.0,-8.0,0.0,0.0,-0.0,0.0
2847,0.0458662923603758,0.4842741854743123,0.007622527756777722,0.30167303934035133,0.9499941327062309,0.45179743791762417
2848,0.10800876191277889,0.5007462229487,-0.07162302278325566,0.452603250809754,0.9064897986248076,0.490255781325036
2849,0.200224785169148,0.5618462802356163,0.040532806906792763,0.6415900821311159,0.8361602562728181,0.49938111943154845
2850,0.06223688950550674,0.5570167851196728,0.08740222058475768,0.451335066010032,0.8913158281099087,0.5086270268787945
2851,0.049604468100751836,0.5600444298649856,0.05887925053433693,0.30666627388509893,0.9434344446726703,0.5503753453054642
2852,0.19189390236588988,0.5922178793762161,-0.2361765531628571,0.7435373780020454,0.7613321376882339,0.5338553421846967
2853,0.09685328247377653,0.5026814609194805,0.07069934217293498,0.3430976294128362,0.9561241239862053,0.4589266015113704
2854,0.06331727957236784,0.44562650855323166,0.16367752288477078,0.26297038210787593,0.955961815365929,0.42227501161215597
2855,-0.2510617590067124,0.9329415035374622,0.24684754024826888,0.5329640612084299,0.8349219858973875,0.9001635710359636
2856,0.09082550784317703,0.5009669207851415,0.06989887478225297,0.4964781051587145,0.9319339411603093,0.41651619140634555
2857,0.1925149254782427,0.42085692417377357,-0.1663029081989881,0.6778284544652126,0.8857098830490094,0.3682240329109305
2858,0.15264963591839895,0.46499666586443933,-0.008711772133078452,0.5809326717821531,0.9142476931612242,0.41357121909515515
2859,-1.2041199826559248,1.2032700902169777,0.2499961440171815,-0.003937007874015748,0.9993135093026639,0.9964767156862744
2860,0.2810397141720593,0.4356639103458975,-0.13201725939198555,0.7778019248554369,0.7729168345044057,0.38432098135524934
2861,0.08282080659202343,0.5789229768283775,0.01202746213365679,0.43974070878437127,0.9313561628307625,0.46011138414285035
2862,0.9658969848440176,0.4436132621179586,0.4537416135538378,0.9142891311800146,0.4728202065130819,0.4825004732229447
2863,0.7164336114370906,0.5297176418894839,0.3676913958646657,0.8383578582891518,0.5165158824820884,0.5204456420988602
2864,-0.4584391357387885,0.755540569262441,0.4446443050423276,0.1295939511561847,0.9434673114514509,0.9231947151552455
2865,0.4927655421971153,0.5940126594327653,0.37575385782550647,0.8224883650656146,0.6149817141877494,0.5475482603282958
2866,0.5435032678015003,0.3519648735908018,-0.20071355479959563,0.9229596628127921,0.6385114989559297,0.31383950278891204
2867,0.3216492126017389,0.666214456914007,0.4252793296063612,0.5257554156418421,0.8691578993209712,0.59578885729201
2868,0.5711401312960633,0.6792250161260163,0.3134950542878904,0.7978426448188507,0.7136747593278024,0.624638169684247
2869,0.4088336138605895,0.484297404086284,-0.28914546878188835,0.9024849321900241,0.6592043875452795,0.5439984354869165
2870,0.11725502028842827,0.6189033527703911,-0.18604339960487765,0.5063207830953075,0.8840625582887676,0.4745166236137631
2871,0.313651615442036,0.5652451232848248,-0.006546060446678259,0.7148657431798674,0.8163083011937214,0.47047536180848115
2872,0.21615480577848542,0.5075250300476792,0.3110004609776376,0.6715196865560619,0.786010237117865,0.47199054083073005
2873,0.13834196734907897,0.6484339878455841,0.3282757310186593,0.5547756911314429,0.7944787287622845,0.6730964439376609
2874,-8.0,-8.0,0.0,0.0,-0.0,0.0
2875,-0.28132432200088464,0.6710313285790415,0.10073777061411296,0.6288830310885263,0.6987616421684034,0.9402723825606014
2876,0.07014024638195893,0.5211194975421645,0.16102336816480645,0.3728144881380209,0.9578758040678259,0.3922893023353416
2877,-1.2041199826559248,1.2032700902169777,0.24999614401718145,-0.0039370078740157115,0.9965039194447951,0.9964767156862747
2878,0.3390645084687291,0.511551226014222,-0.002579045900276498,0.7823339077651726,0.753218680066901,0.41982393557397285
2879,0.35442835541545414,0.5479960910166207,0.03842542406101464,0.7677923065696068,0.8186710044682346,0.4618719755463565
2880,0.5054064016600779,0.4193456075896328,0.03091027118655396,0.9216163362300868,0.5944536167046672,0.42982906311610136
2881,0.0958372894232511,0.520003052483292,0.031628888059162495,0.32784747980562917,0.9511498661661916,0.44015346830924335
2882,-1.0536049848239342,1.0519018604779784,0.2972832371555216,-0.007905138339920995,0.9994064255093488,0.992925688976378
2883,-0.10755768347869397,0.7188876282151163,0.4354315288318878,0.2594696969696972,0.9110440052666294,0.6759221086191735
2884,0.005163772600659115,0.8449850281789005,0.2573665632986816,0.45540477096718224,0.7797584325623087,0.7110272013126184
2885,0.41964513735614173,0.4380006059613722,-0.26883259189606873,0.8897310327079477,0.6692277542461568,0.43224258381929276
2886,0.3904485079120365,0.4675086861699887,-0.24015481287860335,0.8800668982332023,0.7452396569250278,0.5525021253023406
2887,-1.2041199826559248,1.2032700902169777,0.2499961440171815,-0.003937007874015748,0.9992914510983018,0.9964767156862744
2888,-0.7525749891599529,0.7456808469171364,0.4200001228627711,0.09665991902834015,0.930342638545383,0.9710181451612905
2889,0.09249482577379094,0.5199820313897762,0.08684257824171446,0.45489117439297694,0.9132425313923871,0.44181858953557396
2890,0.5163294664018913,0.4440336530004395,0.14340142594007274,0.9175450524604912,0.5717066423704783,0.32861022574592724
2891,0.28467640297615415,0.5278013562169888,-0.30933328857793996,0.8034754570454319,0.7842050331277463,0.4957982258402546
2892,0.09181742896137424,0.560077383577757,-0.11103458522470797,0.5553054922672622,0.7288884229450272,0.5215242822490387
2893,0.4541921808116699,0.46090565866636396,0.209368324995465,0.9061575272289606,0.6450395371701432,0.4876379308580995
2894,0.38566115322501643,0.4827962489837482,-0.3111360346760508,0.8646448980065581,0.6353071795261606,0.48641280548598453
2895,0.4040404877568763,0.46263714627723335,-0.03844474670616666,0.8154412226797992,0.7921595640931903,0.3976485746604334
2896,0.5138790483139286,0.4622464536055639,0.02423842283537826,0.9044128383961574,0.5320365405354185,0.3644769017386803
2897,0.07385082222733483,0.4288610878287906,0.10027707480775692,0.31503909501254895,0.928673902731208,0.4094761463104499
2898,-0.34611831083852523,0.8261340912980537,0.4252514657643563,0.15834461746784026,0.9461983230276173,0.799684550893158
2899,0.5268468892294728,0.38211462338846214,-0.11285486464399161,0.9100970310301318,0.6948236471918957,0.37108322063518534
2900,0.18888480800889382,0.5922125955946647,0.33451445754382436,0.5411890057660641,0.8379556482034952,0.5901663735796951
2901,0.21537935762400837,0.5431630428811334,0.248192896079699,0.6505188009319266,0.9049725531477628,0.4823512471121579
2902,0.1613163237781906,0.4991276790957006,0.1550524930925091,0.5434856464896464,0.8800290419898932,0.41209108022896007
2903,0.22465079555262804,0.6077216427895742,0.2864512247298342,0.6899600266262679,0.7325566644932519,0.5170529421551467
2904,0.45272564378810803,0.4349538875300422,-0.12196463871841387,0.9001672331568922,0.6585455608569969,0.5206488634243134
2905,0.2095727291703511,0.5622687790686143,-0.28164871972583766,0.7118452396687349,0.6808928157043628,0.4650045912627241
2906,0.3640449454651341,0.5879933222287174,0.14232110608573287,0.6397694424053184,0.7385022333740915,0.6450236990854316
2907,-0.04664592521620615,0.8186607278084451,0.3027191651148527,0.6054983667731264,0.7852646237360491,0.9056472897035753
2908,0.12528293107873786,0.4690984472988783,-0.05024546025566939,0.5507205864236218,0.8853604286207062,0.41976199577855505
2909,-0.030434702395745087,0.5085587782760989,0.062222025949015256,0.22218328516836056,0.936069628196534,0.45859159499365726
2910,0.13676274406150776,0.9016104308998958,0.33132068923375235,0.7069006496844858,0.7616447184918281,0.8698155954121397
2911,0.5175473131100059,0.754076322183536,0.26478689812561135,0.704989912117114,0.7371696641209847,0.5725599925208976
2912,-8.0,-8.0,0.0,0.0,-0.0,0.0
2913,0.16464800700075236,0.4354737147978448,0.1998617206640208,0.5890181433091785,0.8361527713509176,0.3963942413986597
2914,0.04408279953573903,0.5764100783925358,0.14978997066568414,0.25855638723090907,0.9437675286963354,0.4210037770485402
2915,0.24222548744362035,0.5832311241539083,0.37961301185903484,0.6417130158355892,0.8241097882800875,0.7194384718570254
2916,-1.2041199826559248,1.2032700902169777,0.2499961440171815,-0.003937007874015746,0.9596362417824866,0.9964767156862744
2917,-0.7815709626487963,1.081389684579954,0.3011003410763014,-0.014204545454545454,0.9642591058300979,0.9872886601584604
2918,0.23224943108040963,0.5558576238220885,0.4731392159818285,0.523090643255857,0.8457438831724636,0.6016821341157275
2919,0.26265301053364015,0.5672178164625659,0.28901749575713226,0.6269615639551243,0.7634393874461558,0.48289765853954086
2920,-0.7525749891599529,0.7456808469171364,0.4200001228627712,-0.03238866396761136,0.9621622123613116,0.9710181451612905
2921,0.1384131162835156,0.6318385402795506,-0.07025445266737884,0.6219406120053858,0.7610992675389094,0.5137868087527518
2922,0.17086836933165703,0.5432030936740363,-0.26548202192508596,0.672513576009818,0.6835420153952334,0.5214109295368273
2923,0.12098315497435312,0.4334877755278408,-0.14444563043105202,0.5350971011538815,0.8058223846832329,0.44044031330943145
2924,0.419310905297968,0.4811217540677009,-0.07935162649355562,0.866706648080615,0.5990805979808417,0.4804163084106975
2925,0.238398791488247,0.507957011009746,-0.04227017648487088,0.6931561181173794,0.8499558484565848,0.40292143369209155
2926,0.31863449203152283,0.5126008515526547,0.1248724666386737,0.647435447857257,0.876678045061277,0.5264089731748243
2927,0.36463822088266623,0.537579829144191,-0.22037493970271746,0.8368850854425268,0.6103771603961498,0.4871738528405701
2928,-0.35033489460695655,0.8317187288894184,0.419956035012249,0.24503657262277942,0.9402851101060611,0.758082060034677
2929,0.3772487954738162,0.49856616977612617,0.0031168780641381583,0.8198448980872217,0.7809620492772089,0.40656822884581906
2930,0.0478641244623361,0.38508344568108444,0.04499529534338469,0.48199806408386187,0.9281294909435294,0.39089268537399147
2931,0.3556500782531929,0.5747584543338329,0.139262437367897,0.8149747553747875,0.6763246966110528,0.5137019929654179
2932,0.4387056473283977,0.4775344180793548,-0.055919682503212,0.8710252723188223,0.7002594779686582,0.35919576538349435
2933,0.04731309028703817,0.8273661568326467,0.32350462768172145,0.5534691475729046,0.8354610034762916,0.8540323612145913
2934,0.10884090186526402,0.5320162344782109,0.051772019783640134,0.47625962481472367,0.8694224077082248,0.5047531942399186
2935,0.14145776514080502,0.4374595126374768,0.08522303210588106,0.5772076154532441,0.8100333574223629,0.4574405810665173
2936,-0.002616305657755136,0.4174675123887054,-0.0660087013419853,0.18312352208582655,0.9583362730666458,0.44493506170956004
2937,0.15078857534461873,0.7877220235568537,0.26615186065109714,0.6347446016843403,0.8173164630417864,0.749315815041029
2938,-1.2041199826559248,1.2032700902169777,0.24999614401718148,-0.003937007874015742,0.9994193807027968,0.9964767156862744
2939,-0.6310559648168058,0.9306907830502538,0.3852997933384844,0.10683012259194406,0.9369231729496054,0.9623909883720929
2940,0.2374266966319202,0.6975245122008777,0.4281774930220046,0.38967931951361606,0.8904135735325832,0.6283708436676483
2941,0.48770357800610853,0.46367079905122843,0.024495900928905627,0.8842971955108706,0.7761106662793247,0.40986088660240294
2942,0.21229440126257415,0.6108782858180432,-0.17561880250511536,0.7704194782525776,0.7015504343032085,0.6058578854825497
2943,0.16752521102223367,0.45130394607947955,-0.04889763989916249,0.5816474088152959,0.852019270902156,0.4959219920267307
2944,0.14411146773480543,0.3790766778224313,0.07382878197153105,0.6392501548769801,0.766575751008907,0.36908570145064096
2945,0.009425095034342246,0.5007085451676162,-0.20212613313018235,0.3455410203364574,0.9590340741589758,0.46568458905495796
2946,0.2098905992561661,0.706006843987129,0.28450578776403895,0.5763530208031694,0.8460811188041998,0.5888619393951752
2947,-1.2041199826559248,1.2032700902169777,0.24999614401718145,-0.003937007874015719,0.9992992498936033,0.9964767156862746
2948,0.487430543906552,0.43878059655825924,-0.11702135913042304,0.9054185072770292,0.6913834435736871,0.5156264366614188
2949,0.22678777843116246,0.458376890787534,0.12359100758760162,0.6528866635259003,0.8751189461495459,0.3993846599335422
2950,-0.00646952819982054,0.7284278614338013,0.2752252351775043,0.38444552836644813,0.8362938005809195,0.7868791193376528
2951,-0.7525749891599529,0.7456808469171364,0.42000012286277133,-0.03238866396761128,0.9606572725792835,0.9710181451612905
2952,0.27753777303713084,0.5970937977839044,0.4596815689300501,0.5089232291718081,0.851018240873421,0.575443492270326
2953,0.49457119940062794,0.7020058870916039,0.3780056409418708,0.8810110117640748,0.5659737409008527,0.6369420058470093
2954,0.3933843135882155,0.4354357984380613,-0.18192589346377816,0.8880839217652433,0.6888398764018431,0.3937842429684704
2955,0.2994146586337739,0.4883234221018731,-0.16917375009137195,0.8225844902412305,0.7221187832518515,0.5590094827614741
2956,0.17721340411522932,0.4519525300081145,-0.0789766748673313,0.6477462634303933,0.8267059681871207,0.3717118750836084
2957,0.51552523990571,0.5084915974677466,0.33182061631747106,0.7592282125731318,0.7238506879268392,0.47672181072283515
2958,0.4053208845287582,0.5702924532045934,-0.17391467683843034,0.8539878513599676,0.6289183778767063,0.4877245854742531
2959,0.18802274110795267,0.533655764263806,-0.21836448742456124,0.7459503454895443,0.6824567065945252,0.5164072704768614
2960,0.28748303219050614,0.4783502099558384,0.21973286405722683,0.7748313124578112,0.8852497077992268,0.45454859931762154
2961,0.09298520048783947,0.4175245526720822,0.07375069806608452,0.49929717985700905,0.9264276433343658,0.410477504364597
2962,0.07847269720228171,0.529286564434774,-0.03199978235750322,0.30086358246640493,0.9501024980982812,0.47969349287677054
2963,-8.0,-8.0,0.0,0.0,-0.0,0.0
2964,0.612462129473299,0.5617707953513994,0.2764189845094182,0.7906805459587846,0.59128948310333,0.48127540528120444
2965,0.5734594430709089,0.3708642332535664,-0.2196489797283505,0.9114255721204071,0.6619265810042805,0.34120364963887545
2966,0.008422413204302889,0.45402134858509563,0.09839578666029734,0.25474382332683,0.9416878218163552,0.4241216779134568
2967,0.3223979237980392,0.6575859363228503,0.3350713471770114,0.6412702954091053,0.8079380449771488,0.6167891071543461
2968,0.20883270904745993,0.7332992655872669,0.2790165080613982,0.40653364660738167,0.8996546934703864,0.6005048408970836
2969,0.2451792322974638,0.6123873618227302,-0.2205995535841631,0.8046457608817192,0.6787283385109968,0.6301928413273409
2970,-0.46555935529609355,0.7639632005565891,0.4591377953449911,0.2321479782047608,0.945004042738209,0.913286157909766
2971,0.1290593961948295,0.5168143289665076,0.14918083185674,0.5841241587917095,0.7213468029278955,0.41148871856967384
2972,0.19313852378352014,0.5397986713770246,0.14809105574873854,0.5057945675460589,0.8917959240273332,0.4590006493452738
2973,-8.0,-8.0,0.0,0.0,-0.0,0.0
2974,0.17838741349461956,0.4761512537076348,-0.07938461556626679,0.6869620552938517,0.6475973110121831,0.536354499828983
2975,0.22430071719975456,0.69299545481539,0.3081602153565481,0.4453703616763969,0.8757241844658736,0.5589704879889567
2976,-0.02208133079453254,0.9739539234653422,0.32844032010075375,0.7152066018112,0.2943675297697818,0.986262552067526
2977,-1.2041199826559248,1.2032700902169777,0.24999614401718145,-0.00393700787401572,0.9992510087090484,0.9964767156862746
2978,0.07937242983417993,0.5707071152208563,0.10394817801915493,0.4502983317757807,0.8538347354274329,0.4985077974737533
2979,0.22878723845761906,0.5880995263663197,-0.05738987855909076,0.7467143258101626,0.7089365297777772,0.5511450197322088
2980,0.11347932205389265,0.6182114730719737,0.1573897037872485,0.5281442988845595,0.7661466351360772,0.5497219360762307
2981,0.1843775472823812,0.4743582806758483,0.04762724115777182,0.6377363748044058,0.7320177213475705,0.38850592542891565
2982,0.05621713912601837,0.4943771333902323,-0.09925686424452955,0.22949690594192723,0.9396217134969538,0.47887132575699265
2983,0.015302827442739425,0.8578021838263462,0.2934917121657944,0.4838416276247091,0.8440578510329827,0.7863734002102818
2984,-1.0536049848239342,1.0519018604779784,0.2972832371555216,-0.007905138339920965,0.981808561517394,0.992925688976378
2985,-0.23187864658084045,0.7114808940478414,0.4857798892662674,0.2260918110724619,0.9534347813348313,0.678234625950972
2986,0.6739857233602372,0.49571600268748517,0.29523426267002356,0.8229288605932294,0.6261192759420938,0.4308865638011556
2987,0.5789755281639227,0.43164522913840586,-0.027572840748883633,0.9290000835454536,0.6898161959455076,0.4571235586398592
2988,0.24901877213460544,0.4091658914213386,0.23345294087104598,0.7965668196226432,0.7541854203551585,0.3948191303973063
2989,0.10093852615274661,0.44109086844520207,0.038522328424138386,0.523296020986828,0.9288662902368776,0.431815515246613
2990,0.20307348122469202,0.645570827307707,0.24070996599404287,0.5172159814056001,0.8424462631704493,0.5677482167952997
2991,-1.2041199826559248,1.2032700902169777,0.24999614401718148,-0.003937007874015727,0.9991342488545404,0.9964767156862746
2992,-0.7041199826559248,0.6954675535516895,0.443812861600176,0.06326530612244917,0.9616400657638979,0.9634781504065042
2993,0.2847418199884991,0.7945474832858291,0.38032226541012204,0.44986366062081257,0.8360161975271586,0.6678871010029173
2994,0.6021476433914164,0.7325736599827938,0.40167699190124717,0.9016023751777776,0.621767002898519,0.7565148907914917
2995,0.6519645855949848,0.4131919844707783,0.08350156030268378,0.939673032438944,0.5521633489714226,0.33447062020304735
2996,0.19554271057399125,0.6072275230433661,-0.33236009968885233,0.7408122825998736,0.7055194663607596,0.5862946968708678
2997,0.20252294491843023,0.4050493775931994,0.08931817679213445,0.7034943938249049,0.8109131806589668,0.40537363503207335
2998,0.5469309946413251,0.4254250449483004,0.12611008591988085,0.9076223024828715,0.6429965590903648,0.3858126432502532
2999,-1.0536049848239342,1.0519018604779784,0.29728323715552174,-0.007905138339920952,0.9469630460301067,0.9929256889763778
3000,-1.2041199826559248,1.2032700902169777,0.24999614401718148,-0.003937007874015735,0.999417281540115,0.9964767156862746
3001,0.04172303369958784,0.6169773745856781,0.25277164133740054,0.3033215755717204,0.9056881892624503,0.47504848825679513
3002,0.1139586751441993,0.49081068127006683,0.19188027702881172,0.5247006064690205,0.8206626388708242,0.38606752901127506
3003,-0.05558131657741246,0.5547585432671395,0.23153717839483554,0.23028425328765864,0.9335664543293745,0.4191176491204557
3004,-1.8525543117824386,0.9649664983956185,-0.3490469869811056,0.992570546788133,0.016954828621010536,0.9792704400982891
3005,-0.38801830599572007,0.6991595649193817,0.35002492444470745,0.21079659898327313,0.9232332113311469,0.7188655444446964
3006,-8.0,-8.0,0.0,0.0,-0.0,0.0
3007,-8.0,-8.0,0.0,0.0,-0.0,0.0
3008,-0.482713225519397,0.7188770788003916,0.4668218446545821,0.42225388199350866,0.8758335357308554,0.7737678765175411
3009,-0.06821785040084886,0.6157426576301759,0.4608829793562566,0.4101766336062973,0.7513922944167925,0.6694809169199235
3010,0.17151987883053582,0.43813701605423894,-0.0038618952152341527,0.5871666962590296,0.7773051645918215,0.4184484167026599
3011,0.12398730137547857,0.49661704069962126,-0.0724340993238217,0.44466455190587695,0.7203993173385084,0.4359757935441721
3012,-0.030427400008751954,0.5582415598098841,0.05093452415484459,0.196657686753417,0.9467933381319282,0.4443949380393203
3013,-0.01071135957925552,0.8312687449565239,0.2792722580138562,0.08301559898953748,0.9727033853953256,0.5551204602514496
3014,-0.3993541220568411,0.7568578006978451,0.37149695409067957,0.3258544914465666,0.9063069184076653,0.7886761725867129
3015,-8.0,-8.0,0.0,0.0,-0.0,0.0
3016,-1.2041199826559248,1.2032700902169777,0.24999614401718145,-0.0039370078740157185,0.9993875337852801,0.9964767156862746
3017,-0.49807256438759584,0.8249165784818063,0.3665293338003024,0.25023743809544846,0.9295371124863195,0.8754873213332082
3018,0.13104915688186447,0.5864338569857588,0.4130121439685906,0.6268519424329293,0.7465465551079838,0.5523783099406692
3019,0.07993107068721951,0.5176839830224739,-0.06817162144710773,0.38742215780612443,0.8652869955021487,0.4444040442763879
3020,0.12536318257226675,0.5205832477695812,-0.07667211520432116,0.5884818489695823,0.7965435870427234,0.4509777911815254
3021,0.0912037596538436,0.40052929946527477,-0.01755147467834536,0.4387419266201767,0.766694339497891,0.41787454180454964
3022,-0.15444530086113054,0.6806357810482672,0.4458510502532118,0.4391382689119653,0.8023830796140557,0.7149783809481749
3023,-0.9655593552960936,0.9629996332280778,0.3289718301566363,-0.01190476190476181,0.9230126443010036,0.9893465909090915
3024,-0.3639665308623313,0.7670586916337911,0.3706611278911642,0.5135046870582363,0.8921150210757927,0.7398906964665126
3025,-0.06522567394910715,0.691870493723085,0.44429975493513635,0.5706938691286109,0.7336334399322628,0.6490789587281844
3026,-0.28374215026293526,0.7574703951165985,0.35234608567468706,0.5357056905875618,0.816121913899888,0.7782340956989258
3027,0.04247280839525462,0.5681549398489543,0.1309762095125682,0.3136799950845184,0.9122064509621325,0.4152270100803327
3028,0.15746081583577018,0.4997042413541304,0.12093169553316034,0.5221620774497001,0.8090042092932697,0.42019959387560496
3029,-0.194428735808972,0.6578948987597208,0.4361415269132628,0.3312411900639452,0.8681183388721281,0.6489626292768825
3030,-0.85342807676042,0.8506703702794621,0.28742924137144366,0.023033760932708522,0.9626589406583496,0.9971240722289191
3031,-0.6643405531847487,0.6658036027064536,0.473300853621924,0.07338411981148939,0.9495650414126382,0.9227635057061087
3032,-1.1549927369904647,1.0070729407482932,0.26462275972118066,-0.31972722426457806,0.3828467107893886,0.9988753932789882
3033,-8.0,-8.0,0.0,0.0,-0.0,0.0
3034,0.052705856549264594,0.7311574385676687,0.26036353967561954,0.1918595653883013,0.9388451181501564,0.4807640095441131
3035,-8.0,-8.0,0.0,0.0,-0.0,0.0
3036,-0.09245465832258266,1.1964600827457705,0.2502776446763502,-0.01286255327471295,0.9944787335281187,0.9876433445566661
3037,-8.0,-8.0,0.0,0.0,-0.0,0.0
3038,-8.0,-8.0,0.0,0.0,-0.0,0.0
3039,-0.8981982045731547,0.8971858596050021,0.28388611851440315,0.0749525614506297,0.9243613268149066,0.9996406394561212
3040,-0.10609426825306316,0.58308733832277,0.21652875445606642,0.1551431295838471,0.9327997246608215,0.5175508123408358
3041,-0.03443781682781503,0.6056456874841541,0.32219197919231407,0.18704789710293632,0.9514899474696288,0.5288601910042537
3042,0.22973559620114367,0.48350472371211994,-0.16090815173268247,0.664318169075402,0.8628334614458409,0.412599844785491
3043,-8.0,-8.0,0.0,0.0,-0.0,0.0
3044,-0.8546349804879153,1.1546450070597547,0.2684878373307798,-0.007109004739336508,0.9710941753465665,0.9936381294256492
3045,-0.6310559648168058,0.9296646439772066,0.3566253283341812,0.04466858789625362,0.9489380096758845,0.9742124712973596
3046,-0.16769045038309152,0.7677467443353442,0.4194980481167723,0.6416442256062084,0.774068655886743,0.8137029068370127
3047,0.10046471650012484,0.5878641221828278,0.37828687843857617,0.6017435399551134,0.7753196922030193,0.49372187757845604
3048,-8.0,-8.0,0.0,0.0,-0.0,0.0
3049,-0.08065616617767452,0.7754733253450489,0.3759861812430123,0.74843311411267,0.7394209355786062,0.6787598837934233
3050,-0.23691979181539705,0.7710365405690284,0.3952843315822458,0.2745540539731431,0.9325686222856748,0.6519756018760049
3051,0.162120923243613,0.5139118588551045,-0.02857284301092546,0.6299512201031627,0.6454114240542255,0.4266565668323856
3052,0.13564291252905528,0.5438895675840459,-0.16413380764952087,0.5840878434935273,0.7435148337191652,0.47518114974411985
3053,0.14968543934164277,0.5026631506756786,0.04728753299273898,0.5611625798197672,0.7492655009700164,0.4023043044442126
3054,0.03554644689956917,0.787109204409328,0.24445007351349574,0.21062651791057949,0.9405122149770708,0.5046005566741174
3055,-0.20110871294268637,0.7092864652072616,0.2006267635942775,0.3282098027295695,0.9289884359759424,0.6825395782848728
3056,-1.0536049848239342,1.0519018604779784,0.2972832371555215,-0.007905138339921007,0.999214065296752,0.992925688976378
3057,-0.9655593552960936,0.9629996332280778,0.32897183015663617,-0.011904761904761932,0.9952987988079034,0.9893465909090912
3058,-0.04860998467012089,0.5819283820173957,0.474168204704152,0.5290082661053374,0.7853367778180914,0.6252002319722554
3059,0.11705233736507328,0.6140525955704301,0.43181201457746327,0.6336264668192039,0.7447978660459891,0.6195899380877397
3060,0.15791621961406993,0.42656122759690146,-0.15484060401887334,0.6194415618705659,0.5873984479511288,0.483652945315497
3061,0.16696816439257503,0.5153755963839866,0.1442336019135289,0.6198357744641845,0.8301981109740465,0.43757025966744556
3062,9.392474308084594e-05,0.5084621579312675,0.19615901617088374,0.16837876928430184,0.9351832469922307,0.45727250537656267
3063,0.27328870977264463,0.3693865660216105,-0.2430592114431027,0.7649477829602938,0.7459587601037319,0.4197240452282937
3064,0.22874635101312304,0.42978359249858106,-0.08635580557576122,0.6943501002881086,0.6999439959550926,0.4220736778114314
3065,-8.0,-8.0,0.0,0.0,-0.0,0.0
3066,-0.5108876645319633,0.8099181939242472,0.35283812006757287,0.21415965878266943,0.9539992091798654,0.913344896110782
3067,0.01744569657482422,0.6438159330425856,0.4203549257144899,0.4958695824189991,0.7669233755685201,0.6228628149143911
3068,-0.6882470440183127,0.6891668033272532,0.4427640705623241,0.038878315925990656,0.9694384747951881,0.9349223404661124
3069,-0.1955619843625345,0.9653569032864557,0.28959648782028247,0.06097729482431905,0.9175525752317346,0.8136533911105623
3070,-8.0,-8.0,0.0,0.0,-0.0,0.0
3071,-1.0536049848239342,1.0519018604779784,0.2972832371555217,-0.007905138339920972,0.9994218137999116,0.992925688976378
3072,-0.7502312482288473,0.7509888529570827,0.4048082467989443,0.05249541313456838,0.9665988082756578,0.9161816630323247
3073,-0.7197952975640245,1.0044512570659616,0.3353618412188534,-0.022942007590219714,0.978379232596768,0.9569938253124872
3074,-1.0536049848239342,1.0519018604779784,0.29728323715552163,-0.007905138339920988,0.9992746464447124,0.992925688976378
3075,-0.6162313555553165,0.6173358453037483,0.4866081655977192,-0.06442681279574554,0.9681182347019214,0.8696064264616814
3076,-0.3924725421390868,0.7484242764013863,0.44650932364860946,0.08076901106633928,0.9710179968784004,0.8276544492627302
3077,-8.0,-8.0,0.0,0.0,-0.0,0.0
3078,-1.2041199826559248,1.2032700902169777,0.24999614401718148,-0.003937007874015736,0.9994250084723755,0.9964767156862746
3079,0.05400100065679699,0.550147158047775,0.2802169214214811,0.27353655198913446,0.96539852721707,0.46765988244977325
3080,-1.1663194968153108,1.166465975721201,0.23936368273035502,0.13491694435749416,0.634029391093815,0.9999794727461775
3081,-1.2041199826559248,1.2032700902169777,0.2499961440171815,-0.003937007874015748,0.8915591718303318,0.9964767156862744
3082,0.033528473018784824,0.523564499399488,-0.058645004250879026,0.4283219215078101,0.8855466471098282,0.4580502420496096
3083,-1.0536049848239342,1.0519018604779784,0.29728323715552174,-0.007905138339920969,0.999109514263291,0.992925688976378
3084,-0.7769670263470918,0.7780377317566374,0.3988367079211348,0.04807847132283201,0.9672427708672604,0.9310110431687069
3085,0.18544206922507564,0.4969459497080944,0.3627155917128969,0.7006108127318958,0.7848650290305722,0.4364329867151437
3086,0.12104603410042711,0.44020597398446587,-0.22303174929891625,0.5250687232546334,0.8320259856018323,0.4913997122538627
3087,-1.2041199826559248,1.2032700902169777,0.2499961440171815,-0.003937007874015728,0.9990201330782625,0.9964767156862746
3088,0.17084969039341352,0.532298184072982,-0.09022084500495606,0.6018998274088415,0.758075930905406,0.4828366830981354
3089,0.21327355125037484,0.4745377751530703,-0.23626164780706038,0.6879530568577562,0.7179232420279436,0.4943424460620197
3090,0.13838714881633274,0.5190759833397575,-0.17377917633547366,0.5234458448206872,0.8481839350233751,0.4356713694220167
3091,-8.0,-8.0,0.0,0.0,-0.0,0.0
3092,-8.0,-8.0,0.0,0.0,-0.0,0.0
3093,-8.0,-8.0,0.0,0.0,-0.0,0.0
3094,0.030440742233400122,0.49187401049000423,0.17253679759552634,0.2560599946241576,0.9466648516299698,0.43005588688979013
3095,-0.6569547491972869,0.6570545934885414,0.4376494016296532,0.03063208135573678,0.9613268998795962,0.868522201328257
3096,-0.7525749891599529,1.0523365286478543,0.31561339053595017,-0.017964071856287445,0.980553845922481,0.9839245775347916
3097,-8.0,-8.0,0.0,0.0,-0.0,0.0
3098,0.17047368688189954,0.5381808881452558,-0.3490539718185695,0.6151875916263146,0.6532168539822161,0.5692865503606862
3099,0.11288479569405112,0.4657701261381604,0.08569473898853079,0.5001589034704691,0.8678901540479761,0.44339536749775216
3100,-1.2041199826559248,1.2032700902169777,0.24999614401718145,-0.0039370078740157185,0.9993875337852801,0.9964767156862746
3101,-1.2041199826559248,1.2032700902169777,0.24999614401718148,-0.0039370078740157445,0.9874320946065834,0.9964767156862744
3102,0.010752859667211304,0.5824250419457397,0.0798450953378391,0.2475900454207636,0.9380176138905157,0.4738558644174922
3103,-8.0,-8.0,0.0,0.0,-0.0,0.0
3104,0.27388767893003246,0.4040696643697948,-0.2530069898639217,0.7634810707879744,0.7346981613566677,0.3924959298996576
3105,-0.036337838051514866,0.549779963206472,0.24943291273616616,0.03770723468105628,0.9738766895102765,0.4868920611867184
3106,-8.0,-8.0,0.0,0.0,-0.0,0.0
3107,-0.07725088031936037,0.7094443629900411,0.41516915862531417,0.38638051929617706,0.7829823366660277,0.7104685242928448
3108,0.033671866932212656,0.4338498757498819,0.1281566622742146,0.2482180941974825,0.9485138203553058,0.40193192857133786
3109,0.18961566847907385,0.5170276409457173,-0.12854621758695406,0.7240744011576854,0.8032850388781057,0.4824239763370719
3110,-0.01337202728818547,0.6437279150456127,0.24231114430662565,0.10895690337208315,0.9583624626304872,0.4409119455618132
3111,-0.8546349804879153,0.8503518585725097,0.3736866341406292,-0.02000000000000002,0.9678621526714942,0.9821028386454183
3112,-0.3029681170766228,0.7787349845250477,0.41848968474802584,0.48659414672448636,0.8835235748761642,0.7794283096261239
3113,0.044244013700844076,0.5204746632995193,0.14052964426473583,0.19210775870718547,0.9098154952242707,0.454986770191848
3114,0.20796673272857205,0.5460030131612867,0.15133152915745304,0.7348509948735799,0.763878224818643,0.4092049168006699
3115,0.051644090973829264,0.6984956569910263,0.4432550915310355,0.5322541393832089,0.766489985182291,0.702204710599432
3116,-1.2041199826559248,1.2032700902169777,0.24999614401718148,-0.0039370078740157384,0.9993140430879556,0.9964767156862744
3117,0.2476990322898315,0.4969422314569344,0.009252518809351337,0.7044604036169708,0.7966255488565629,0.4236786894517693
3118,0.11600923219860705,0.5114853189132432,-0.18449338080638025,0.5100579467259896,0.831439405570854,0.4417625366901172
3119,0.16866555054967258,0.5114511166545528,-0.13927013365345778,0.6132412537158621,0.7474849317617791,0.5080669343968388
3120,-0.15347347840980857,0.6942932017851455,0.32459534190250894,0.060183298145399244,0.9450350719292453,0.5083332598363761
3121,-0.059218097252450294,0.5663935834952423,0.30615982112678314,0.3969946407543504,0.9390697230623247,0.4879044354011288
3122,0.011822684920708789,0.5652336784573201,0.09941580212075307,0.29788301855892035,0.9106603768574546,0.4829696054104525
3123,0.004259299888602787,0.5035161245028283,0.08272229358104763,0.2607085725049796,0.9106629355999484,0.4473954415116095
3124,-0.2631106006378203,0.7380807842427124,0.42240140411548927,0.43177249106323207,0.8556349354121036,0.7576961027620532
3125,0.20518295277388773,0.421163947696748,-0.23684680897381474,0.7232823332421429,0.5482715565241997,0.4941649798885326
3126,-0.03036293601154136,0.7895841151269433,0.3138535625370787,0.19628628124850242,0.9451479678469599,0.6059567975930936
3127,-0.08039164193343727,0.7152047272236506,0.28833445894232074,0.37116462376229586,0.9155430746620619,0.6241950880993375
3128,-1.2041199826559248,1.2032700902169777,0.24999614401718148,-0.003937007874015742,0.999425025371037,0.9964767156862744
3129,-0.3802850860494169,0.6327976510624728,0.45947278458658064,0.008539635747121459,0.9612477881499997,0.6808151353759573
3130,0.22491457020329966,0.5467540082319386,0.05444856051764058,0.6652918946556032,0.8002007779846416,0.4668067391260998
3131,0.15973393655175958,0.5030243453642959,-0.09839835546666725,0.5938370085617453,0.6485573788214135,0.44975323702218656
3132,0.06672819472381149,0.5357229301859804,0.21727456565605024,0.30513039695805577,0.9009924282694597,0.41147453408733725
3133,-0.20544376079917098,0.644092724253605,0.3169279860640016,0.3237918088225576,0.8500189483493009,0.7089659251817207
3134,0.18100845633450505,0.4260561023518928,-0.13796064651578743,0.6268555043254381,0.6265938527601013,0.4739326746091016
3135,-8.0,-8.0,0.0,0.0,-0.0,0.0
3136,-0.2650852272764567,0.7164312321876687,0.31287485579189545,0.32492897207105387,0.9202669607744692,0.7448495546678973
3137,-0.06252345479246896,0.690204060310685,0.41019635641929625,0.5296267865292803,0.8123036248505363,0.6584244516292164
3138,0.24289259147654854,0.5005156830976152,0.1285618458155749,0.7144280822424623,0.7857747460002554,0.41685648445899415
3139,-1.2041199826559248,1.2032700902169777,0.24999614401718148,-0.003937007874015741,0.9977969286759563,0.9964767156862744
3140,0.12277070211573128,0.6122375304566806,0.11224305309809081,0.5289636692368824,0.8696999218003357,0.44793289790656127
3141,-0.04942487497713471,0.7146051514822157,0.2910094506014966,0.3687244235386003,0.8880660180325469,0.5972289926163302
3142,-0.25776937889815993,0.7844150369011732,0.32615638971330607,0.2652210568328613,0.922539988330971,0.7492819142140962
3143,0.11897539168674473,0.4822407714749366,-0.14984574465909065,0.5874347504867918,0.7840477062860426,0.46270597249382867
3144,0.06972676459504203,0.5808577648508467,0.09149351846592,0.3941388693116678,0.9177074340974437,0.4495822936258692
3145,0.045522250167961464,0.4273466670827937,0.07421850900213336,0.236680421870875,0.8674723562671347,0.48269325759152854
3146,-1.2041199826559248,1.2032700902169777,0.24999614401718145,-0.0039370078740157185,0.999367840348232,0.9964767156862746
3147,-0.4846022812517655,0.8785526544015855,0.36689838226621496,0.10061612493397964,0.9546675397326884,0.7941260650198912
3148,-0.03908910430813946,0.47922489852015593,0.25201609449499157,0.08017414627318158,0.9541781743592087,0.46629873899790225
3149,-0.24959483066469834,0.8010170403293599,0.35505438989654864,0.09133409556005588,0.9178506430637987,0.7632264851390784
3150,-0.6353449006209246,0.8440475083073077,0.3992953370105618,-0.03135088173689979,0.9153801938241634,0.8716405795217386
3151,-8.0,-8.0,0.0,0.0,-0.0,0.0
3152,0.14733325695329386,0.5248981837322783,-0.03102217398457649,0.5963596829331956,0.8547569405933281,0.4537544465217558
3153,-0.01651271698391059,0.5689878875874533,0.17776991322450894,-0.0724183090766534,0.9486409909099003,0.431289904419333
3154,0.03904352857236237,0.5572747464987649,0.2628332781134328,0.2232705698009207,0.942560074602075,0.46176387341247765
3155,0.003345092550305064,0.431468635390039,0.005505947422693083,0.30764619727424725,0.8791791973815479,0.4452062409878848
3156,0.0510831144560287,0.46710730600112055,-0.2015026033137064,0.39661730227632597,0.8693014760433548,0.4895395594616733
3157,0.07350151872549933,0.45644528059010475,0.04931454006181297,0.41495268593119844,0.9237831534717278,0.43559351860830686
3158,-0.023401302887064906,0.5339833369590863,0.21874960492746554,0.04320665014351171,0.973369286519463,0.42230092787518997
3159,-0.06250035925781984,0.4228285179460209,0.09578370547571306,0.0747425991567085,0.9610462904146105,0.403167789733812
3160,0.06726993510346772,0.5528822377442084,0.23797648361219434,0.3327352881636915,0.9353183987521473,0.5117428655714719
3161,0.0584809306430206,0.5632139726879347,-0.11348392755270684,0.3401257648982439,0.8767586101190955,0.4739606218448299
3162,-0.03071116745147225,0.5292142588775037,0.20899491690730385,0.14835381779754642,0.9651438734403788,0.45060529357383866
3163,-1.0536049848239342,1.0519018604779784,0.29728323715552163,-0.00790513833992098,0.9992137560060523,0.992925688976378
3164,-8.0,-8.0,0.0,0.0,-0.0,0.0
3165,0.053450123144593444,0.5440111571629632,-0.1364439527917746,0.4066642664789601,0.8938001321511979,0.5268003927716697
3166,-0.01582142046903773,0.5814007877862485,0.30188015704644094,0.06751705384971377,0.9712289391560561,0.5099553770184311
3167,-8.0,-8.0,0.0,0.0,-0.0,0.0
3168,-0.007727811111193184,0.45162860883998546,0.23562435531536316,0.24681842136085883,0.9129475391575457,0.4657296344948856
3169,-8.0,-8.0,0.0,0.0,-0.0,0.0
3170,-1.2041199826559248,1.2032700902169777,0.24999614401718148,-0.0039370078740157246,0.9992694624545881,0.9964767156862746
3171,-0.11842874977590369,0.686060718995278,0.315222411798453,0.15262545445024253,0.9406720447142779,0.5258495738740236
3172,0.016961982335179194,0.4595843040299559,0.07013227523438777,0.24347077967294858,0.9260746794547333,0.4358363372398418
3173,-8.0,-8.0,0.0,0.0,-0.0,0.0
3174,0.13535813901807997,0.6050363140615077,0.056543513926215594,0.4600889940370799,0.8723360533855511,0.43785380323943907
3175,-0.07392343795092592,0.4883905471441565,0.07540079773532932,0.051590905909849695,0.9536421618625138,0.4395218333069314
3176,-1.2041199826559248,1.2032700902169777,0.24999614401718148,-0.0039370078740157055,0.14501126995180372,0.9964767156862747
3177,-0.03763709846551347,0.5886482442966452,0.20016074483094315,0.41137641397168767,0.9140335365270177,0.5043600917643096
3178,0.014197319289381168,0.5704406296854175,-0.0060296335510640585,0.3031716292403161,0.9233680315150288,0.46619293115244614
3179,-0.027176480387416765,0.5002084307743739,0.23453811916312992,0.24187259854208565,0.9399249877214135,0.4500285370391505
3180,-0.02762808618999279,0.41976983100258625,0.17922706434804356,0.0907319326882472,0.9530488183932434,0.4099975250724168
3181,-8.0,-8.0,0.0,0.0,-0.0,0.0
3182,-0.027562970493305035,0.5179216479756875,0.24321907500161488,0.13649832799831113,0.9480429726287328,0.46854010695044446
3183,-0.019731886308449038,0.5028989157689183,0.18078263370913247,-0.021784212432366227,0.9708285859405521,0.4204908414167799
3184,-0.9655593552960936,0.9629996332280778,0.3289718301566363,-0.011904761904761956,0.9990916399780055,0.9893465909090915
3185,-0.4049643867645463,0.7229067134990045,0.39860183983551967,0.24939653889411686,0.9513533743313924,0.7352631287304651
3186,0.0178152423026624,0.4812300372482488,0.09744525851934328,0.269152330855293,0.9138395560533792,0.428810045821157
3187,0.04972191172697145,0.4715721709375681,0.0580957334407196,0.28981253364065035,0.8897657484156625,0.4314162153851753
3188,-1.2041199826559248,1.2032700902169777,0.2499961440171815,-0.003937007874015748,0.9993135093026639,0.9964767156862744
3189,-1.2041199826559248,1.2032700902169777,0.24999614401718148,-0.003937007874015743,0.9972363202374479,0.9964767156862744
3190,-8.0,-8.0,0.0,0.0,-0.0,0.0
3191,-0.025343076160267475,0.46512648518482413,0.16724435603904378,0.17283707226053274,0.942614422603239,0.42737471236612073
3192,-8.0,-8.0,0.0,0.0,-0.0,0.0
3193,0.08764990991040959,0.4560499030443666,-0.09778289550048866,0.2678244071303317,0.9214457867507799,0.4372337471908138
3194,-0.46992435507027014,0.8070913253062947,0.3694264570870773,0.17509487371155366,0.894125258692605,0.6930651207512392
3195,0.10583262258484091,0.3736607187848347,-0.0682253579148147,0.4277571205485052,0.9033466731896073,0.3839885416853709
3196,-0.10644747768617459,0.6877739675106164,0.31472020213002727,0.09468532722525101,0.9530238616339562,0.5837805046307877
3197,-0.009442873713479624,0.7185972304347147,0.2654495397353298,0.018348706691548894,0.9535394760869766,0.5038926891797612
3198,-0.020524738601766852,0.4355865294866377,0.29883276817965854,0.2864264627702951,0.9476749654283037,0.4255188622612698
3199,-8.0,-8.0,0.0,0.0,-0.0,0.0
3200,-1.2041199826559248,1.2032700902169777,0.24999614401718148,-0.003937007874015727,0.9991342488545404,0.9964767156862746
3201,-0.005456930914016396,0.5363125288622198,0.3327391522112841,0.19622022428166574,0.929975786625034,0.5103065361762481
3202,-0.051443942790873276,0.5976145197741309,0.23613415599103801,0.06890370442038896,0.956039730168076,0.4566577576929872
3203,-0.056101309059445145,0.5327511921946475,0.16448594626715793,0.15596749263430543,0.9411373633018894,0.43652139821280134
3204,-0.05956624183658696,0.5595147285891098,0.1439562835848374,-0.0801183134207305,0.9637266287029927,0.4580083718581605
3205,-8.0,-8.0,0.0,0.0,-0.0,0.0
3206,-0.06981605401890822,0.5621085766090194,0.34287814494289826,0.09004447856566192,0.9586495276701196,0.5101804387928988
3207,-0.02414802547830192,0.6387603327262711,0.22536801414180702,-0.012892364090383097,0.9524489641143764,0.45700245289442404
3208,-1.2041199826559248,1.2032700902169777,0.24999614401718148,-0.0039370078740157185,0.9993819545661745,0.9964767156862746
3209,-0.14465703061621407,0.6984688459635051,0.40892105594960537,0.19913388875054247,0.9510266872842232,0.6597188572681258
3210,0.02279215307427617,0.5454339719168729,0.18265854351185898,0.291732520847628,0.904122604923831,0.4727126961710817
3211,-0.02538941969294913,0.49775156526234615,0.15258119012789184,0.1805747281215882,0.968854344031922,0.4093964770506169
3212,-1.0536049848239342,1.0519018604779784,0.2972832371555215,-0.007905138339920932,0.9627819182896602,0.992925688976378
3213,-1.0536049848239342,1.0519018604779784,0.2972832371555215,-0.007905138339921004,0.9992643813625415,0.992925688976378
3214,0.11328645279192434,0.7704233454480339,0.15559061251292255,0.4255446454252969,0.8164933710834636,0.5162728889052908
3215,-0.05502883592538163,0.4683495468310945,0.23171046772140813,-0.003935700424233548,0.9699573552598361,0.41354095884777237
3216,-0.8108210036536865,0.918218656831841,0.2754539887186229,0.0656854999233716,0.9952625001142922,0.9988029218137455
3217,-1.2041199826559248,1.2032700902169777,0.24999614401718148,-0.0039370078740157384,0.9993140430879556,0.9964767156862744
3218,-0.7510871928220008,0.9225478125877619,0.300625179483521,0.0988956527642101,0.9289517392970243,0.8827379927494097
3219,0.03835733712565601,0.7318963129024417,0.23077741527393447,0.259089866599842,0.9216626184362776,0.4887386927552338
3220,-0.6645293596321123,0.9641793146007505,0.3647976838580517,-0.033783783783783904,0.969132869654012,0.9697699360699865
3221,0.003232978832709998,0.5518945235942347,0.14221542339117058,0.21260644927090874,0.9313534470915505,0.4342953136182496
3222,-1.2041199826559248,1.2032700902169777,0.24999614401718148,-0.003937007874015739,0.9993819545661745,0.9964767156862744
3223,0.03283335604106405,0.5254901693146659,-0.009090351531043955,0.12729827380489758,0.9408249073727363,0.442192287205746
3224,-0.03568913345352616,0.5927506841652223,0.24594471081199332,0.08378871776422316,0.9572430087612174,0.47185105325639026
3225,0.048689083538811795,0.5261846074095159,0.2094341635138408,0.34585750834803203,0.9124832780704866,0.4430841874421896
3226,-1.2041199826559248,1.2032700902169777,0.2499961440171815,-0.003937007874015728,0.9990144774855492,0.9964767156862746
3227,-0.6020599913279624,1.0788564658550812,0.2927831848776412,-0.025125628140703602,0.9718056932915795,0.9775165790790787
3228,0.012559511067705583,0.7436448549648109,0.2968312477105568,0.23700012757013644,0.9585764239736733,0.5026758620207086
3229,-0.4014603144221216,0.7340939386371677,0.4218503464905421,0.07994614615222773,0.9669207359212417,0.7871122282786708
3230,-0.11340786822403431,0.7993431067715726,0.3766780149360158,0.35834916975248626,0.9117687261256334,0.6746234543541328
3231,-0.7525749891599529,1.0523365286478543,0.31561339053594994,-0.01796407185628744,0.9803558970615214,0.9839245775347916
3232,0.0407059623947826,0.42220826986030363,0.05128566073999799,0.2920474654809231,0.9024332510700364,0.42557864975410087
3233,-0.6310559648168058,0.9306907830502538,0.38529979333848435,0.03239929947460594,0.9586389483208603,0.962390988372093
3234,0.017895638238373566,0.48237788022395056,0.09265287913340396,0.2199933424095578,0.9298834498160008,0.431277984632808
3235,-0.036386289917535494,0.6043229302036136,0.169169519824874,-0.0035728334087742173,0.9558343910763156,0.42231755515057656
3236,0.08458790147685444,0.40145740224936943,-0.016522897279200918,0.4614108462167272,0.8605249141090746,0.41443624126093936
3237,0.059819718036253466,0.5062742028060196,0.13438141829224967,0.3799289231120282,0.9359100070712745,0.4495069751412067
3238,0.03419904185379528,0.870281374006528,0.2700777449476626,0.20404324378837627,0.9525279342468536,0.5435684809251993
3239,0.007789016912458447,0.44864338236563905,0.17829142522579952,0.20606035947320306,0.941295280043495,0.4667803277495369
3240,0.02186633117061309,0.5469758769883526,0.1123896189811336,0.37016873153942037,0.9134265023211973,0.40446507590154496
3241,-0.7269987279362623,1.0267181050116716,0.3291317133489503,0.09171861086375777,0.941074715134454,0.980477411308204
3242,0.07242608481285548,0.4991623592368793,0.09988126759207121,0.3677349586847471,0.840548417017141,0.4737396816042169
3243,-0.058346692072822066,0.7860607661603346,0.261340159936729,-0.046241924419645336,0.9612455950508705,0.49344713846250055
3244,-0.006091184064068309,0.45375194629907456,0.1093145660643894,0.19921359928166385,0.9191539338311457,0.4343079429246011
3245,-0.04464541852823814,0.46212334797925014,0.2034134540093031,-0.005005244039045284,0.9659152243059036,0.4176875164512282
3246,-0.0021822719284012165,0.5401030310549818,0.08059379116087816,0.20274905411046776,0.9402891798408146,0.4898459605612257
3247,-0.9030899869919435,0.8996702747267908,0.35346325169573195,-0.0159362549800797,0.9736353118925819,0.9857390873015873
3248,-0.03980043591897584,0.5573090684152896,0.18664247647083523,0.202406419088636,0.9582860713670864,0.4168515336652017
3249,-0.10006862023744911,0.5791840897893208,0.2492194200004278,0.12883575466713243,0.9545110572731919,0.484605653604889
3250,0.018908845994155148,0.515815535231694,0.03536105437075498,0.30716628081378805,0.9372682400398378,0.4068225374142117
3251,0.05403311386492777,0.6478038653338821,0.21064178163494526,0.2905300585287947,0.9007416000524929,0.4365036586027766
3252,-1.2041199826559248,1.2032700902169777,0.24999614401718148,-0.003937007874015731,0.9992274832368327,0.9964767156862746
3253,-0.03087383093340589,0.48933717468733134,0.1931194779124339,0.07809883266499722,0.9746216452584051,0.4267808449222205
3254,0.0082881680639241,0.7568036045616104,0.22094530816858549,0.20458459568561913,0.9198674268373325,0.45850594325475114
3255,0.014485679516728791,0.5147219735108733,0.08257778141227866,0.23671336035160964,0.9144076834078878,0.430506935030596
3256,-1.2041199826559248,1.2032700902169777,0.24999614401718148,-0.003937007874015705,0.9991407653099177,0.9964767156862747
3257,-0.019271868417624852,0.5657967659366374,0.36714762116280963,0.35079500174054185,0.9507350036687786,0.5044705154073894
3258,-0.11805774176333887,0.641958001683161,0.27864247679299303,0.17567102100414356,0.9374748441698041,0.5581935348859209
3259,0.019173821775202653,0.5299920182897737,-0.033640485042810794,0.4008022490501441,0.9105989117963873,0.48304314143470495
3260,-0.3101106239781213,0.726670932112969,0.396625340850046,-0.011414589412489141,0.9726138115572159,0.6053005408063834
3261,0.03702491177192576,0.5443433950737333,0.18891532380071244,0.40682866255800504,0.874250729653987,0.44244803492300877
3262,0.042517874538005485,0.7683121596565834,0.33409161938355547,0.46654120723794446,0.8462912955630042,0.5395045135746082
3263,0.04493467312668517,0.4986908435005773,0.27282990167187,0.2938664988419258,0.9008552272099613,0.4396568103123579
3264,0.0339052736638603,0.5489249072808072,0.27156564108971687,0.4410898994755934,0.8990761441979325,0.4404561125430645
3265,-0.05056606266873311,0.5129209902059413,0.22987090732815138,-0.007467388206274421,0.9561243724129761,0.4548624281825591
3266,-0.058596163020939646,0.49196675283486935,0.14671840932964672,-0.06867979699506425,0.930559945844518,0.4431424649104947
3267,-0.06240766388745001,0.5400158598899628,0.18049615710615036,0.022942036296523676,0.967067072459662,0.40371121859193865
3268,-0.2035934476109595,0.5867914208693655,0.32427123058539525,0.30005442384593994,0.9226130393073545,0.5731406487686246
3269,-1.2041199826559248,1.2032700902169777,0.24999614401718148,-0.0039370078740157315,0.9991817963737726,0.9964767156862746
3270,0.018536170115372307,0.6337172584737951,0.2732091919919885,0.3979489792534278,0.885280645467704,0.4531015727492938
3271,-0.021113226004587725,0.49624402028900466,0.20706064757328196,0.06997680403336379,0.9642984571619742,0.44115510193899654
3272,-0.00555490954800187,0.562493053771863,0.19072511689320626,0.16541996361718708,0.9223950205523045,0.4390901530154661
3273,-0.05816570838150978,0.4684935194352856,0.15268625842188732,0.10595941358164027,0.947067775690655,0.4542011402844301
3274,0.23748309141526275,0.4414615057616082,-0.1311185209711136,0.7992272483693078,0.6857142542520158,0.46077095146481545
3275,0.2111923792612426,0.5675793450904361,-0.33875448812915576,0.6589877820704301,0.6044513614530911,0.5605559284818903
3276,-1.2041199826559248,1.2032700902169777,0.24999614401718148,-0.0039370078740157315,0.9991401701884722,0.9964767156862746
3277,-1.2041199826559248,1.2032700902169777,0.2499961440171815,-0.003937007874015745,0.9779089429337907,0.9964767156862744
3278,0.15911261874148475,0.5775866898142593,0.2465141171619883,0.45947984142384657,0.8933565729360833,0.48275944735085763
3279,-0.40308998699194354,0.8800841215571585,0.3995043677967552,0.4377362452750944,0.9484994596650702,0.9364968893768297
3280,-0.006830623033364318,0.5528681483064186,0.19580758312437138,0.2673223400998277,0.9379258226738486,0.41396119877351845
3281,0.18084174469840078,0.4378885492864109,-0.16023066130364155,0.6376190436361563,0.7966315690029537,0.4891370392294742
3282,0.13107414737260425,0.43977751933562426,-0.10052876649372526,0.6285192005662822,0.6485687389406313,0.44741534520725934
3283,0.11323973156206493,0.48315941630845516,0.10424558972729375,0.45247594788103757,0.9081251674587957,0.42441335901782845
3284,0.08942194893707628,0.6408022764087714,0.29916252737511106,0.3680783721414785,0.9104159437289885,0.5991572137423083
3285,-0.4584391357387885,0.755540569262441,0.4446443050423276,-0.012541350111888826,0.9629531795519222,0.9231947151552455
3286,0.04679013638664649,0.44171019205593415,-0.021406255578659335,0.2787014614382849,0.9361653450935976,0.3863200407685374
3287,0.12760512996050324,0.822263763605981,0.27523666684089615,0.4878777450549472,0.8568082587537421,0.5931601237268608
3288,0.08595648904230872,0.7598550580941174,0.20164077625233914,0.6425575458415702,0.7813287492962256,0.7840440761341824
3289,0.3309258314293934,0.3898260925684893,0.12191781079296733,0.8275796378708771,0.5832853379357509,0.38057673692443467
3290,0.048707622766414695,0.6524469800752944,0.31207236791870163,0.46331141845812923,0.8398217618966877,0.5512843312296225
3291,-0.22862740219283315,1.0054674041056777,0.2566461856697039,0.2150860737346985,0.9303599837624591,0.8965425826804845
3292,-0.11898912495844612,0.8286635952738707,0.41011719150942794,0.2750189537528434,0.9274758615358684,0.7369483791347
3293,0.03749976708029261,0.5198719902694013,0.21070281211510924,0.2314202562097826,0.9528115694254047,0.4692379800583734
3294,-0.5173381906621012,0.6687854880131984,0.47468777928899497,0.03752066072410056,0.9479245073330552,0.7501559761400705
3295,0.250272417659638,0.4139036958906992,-0.17776112130982247,0.7561633214981487,0.7008005298046014,0.4236533124661482
3296,-0.13656894723713117,0.5690424220490468,0.3406161941766196,0.18284026685153174,0.9521579317693694,0.48883421338209376
3297,-0.15250324498813342,0.7621072805540813,0.2696763057721567,0.37177552576927003,0.9038015437339789,0.8525873369553401
3298,0.18640008154207094,0.576270195061733,0.395866476711753,0.7405510566728594,0.6902560391255191,0.5494545765751312
3299,0.04221529476231709,0.6714615105211321,0.2652017863812468,0.5707372245972078,0.847083940168712,0.7245850439553628
3300,-0.19747525581765546,0.8725400337103383,0.31527289951526855,0.28531390427343095,0.9018681062137733,0.7333346139058965
3301,0.46041751610111625,0.38380637869896433,0.09038580048090282,0.9053206360693344,0.5065692399795632,0.3843034370219361
3302,0.1576068419401985,0.7237250370274911,-0.3789699491481541,0.6440322476654441,0.7890321861634597,0.6828507963827088
3303,-0.4990671381059631,0.7471556621888609,0.39178111177116404,0.14823696167502998,0.9439845881509954,0.8147448967555686
3304,-0.28394060203487087,0.9073373098812055,0.2653351393190084,0.3397894082157386,0.9166530020775348,0.9052784732139635
3305,0.33284317959573173,0.5005460273223722,-0.32750936268546615,0.8314171736715951,0.5966488907799073,0.495167680522395
3306,0.12733327939354966,0.5749378322251947,0.24990244649469384,0.4015033722221216,0.9339019949352587,0.462986180936643
3307,0.36368590897085074,0.5000843715587467,-0.46112692433296226,0.8813497606953036,0.5495844753259732,0.5753939825366524
3308,0.2717113897506561,0.5947938789499851,-0.35714960397697093,0.8504410295142931,0.5485237982091762,0.6203420096766834
3309,-0.39894831446685836,0.7826773288932121,0.3072799142174769,0.30668475970003484,0.9244023770614846,0.8998677483443411
3310,-0.03637813734740392,0.8714202949308153,0.2957912631637063,0.4531149811028023,0.8870156206509444,0.7793316459712855
3311,0.18045240127930026,0.7242119853952472,-0.3590711969846383,0.7087999935565509,0.7274947612852177,0.7344135626965715
3312,-0.016814781055500876,0.6087149117480904,0.32670521811752157,0.6056643127539583,0.7407431261649502,0.570354999870715
3313,0.016170956009937124,0.7863717960383956,0.29068356004756823,0.5298610385568785,0.8345040950141165,0.7319397745755672
3314,-8.0,-8.0,0.0,0.0,-0.0,0.0
3315,-1.0536049848239342,1.0519018604779784,0.2972832371555215,-0.007905138339921007,0.9993663367646288,0.992925688976378
3316,0.2796961568330384,0.5484359275389876,-0.41034307731635866,0.7992621102270123,0.5725514905023315,0.5935178895349955
3317,0.23651221003077225,0.518474873844313,-0.183578613788885,0.742859344068147,0.8426547829742501,0.5153273525622091
3318,0.24746936252442972,0.5873765694179387,-0.1152133388557896,0.7628910091713572,0.6613331047628723,0.6042650791112908
3319,-0.815044357464103,0.8098943791441969,0.39104171852525965,-0.02409638554216862,0.9136157032216482,0.9784375
3320,-8.0,-8.0,0.0,0.0,-0.0,0.0
3321,0.20881989149596936,0.5684878814048643,-0.21731280373297346,0.6718546068409892,0.6139057105095708,0.5190223161037927
3322,-0.24066682157042507,0.9074953876419021,0.2774171063716287,0.2784299946305567,0.8401777227112328,0.813594995003917
3323,-0.35437877068489293,0.6520920965955144,0.38123022625408703,0.1347327841538486,0.9709772480573233,0.5892470801836441
3324,0.10838894951771534,0.5001141127797327,0.17561471018726243,0.4197060038216533,0.901742207587108,0.4406808734726765
3325,-8.0,-8.0,0.0,0.0,-0.0,0.0
3326,0.32454579602184463,0.4429631907957432,-0.3421454603006932,0.8270195397201944,0.6430411422878216,0.484726470508413
3327,0.18475039634498386,0.6696122584391638,-0.37286256921862826,0.688962842579561,0.7042114625587275,0.6798366347757104
3328,-0.5888955219667878,0.8885391542946242,0.41226088431947583,-0.05474452554744528,0.9690362452975856,0.9510180669978192
3329,-0.16460382863653544,0.8055611514960493,0.3398513937258877,0.1241745871745475,0.9444842246826901,0.5831208555270582
3330,0.1596381527664551,0.4158875615226862,0.04606172822872508,0.6075291155421165,0.6885732205263333,0.41080852214297925
3331,-0.2061647537531557,0.6425868862427111,0.3886671208694612,0.15128727975155626,0.9585514207298067,0.5617622184659499
3332,-8.0,-8.0,0.0,0.0,-0.0,0.0
3333,0.12569276478622868,0.6551283491228056,0.2999140466418131,0.4330986976664451,0.9063605886471164,0.5684995349153329
3334,0.19523103444495216,0.5027038326259832,-0.25544520163513634,0.749921422672062,0.6695827799410646,0.5433645518499406
3335,0.1732911431831917,0.4903627966875363,0.01739897248893997,0.5932864098604054,0.703748504099937,0.46300741034207993
3336,0.07116354783902491,0.6104113875591923,0.20385827986760352,0.3490407267282816,0.9413376676450255,0.43821975252429685
3337,0.04855740758542322,0.4662149206137736,0.08167698110025383,0.35696282124020545,0.9414843736960962,0.43624112660748104
3338,-1.2042652280251986,1.2031731717750898,0.2499948921122127,0.0008914609465154779,0.9993464305676485,0.9964539134876339
3339,-2.401346005980155,0.4388060893493149,-0.2144243874946855,0.9991485117916026,0.17390794965674913,0.4501427783077332
3340,-2.3939795089847076,0.32421395705082867,0.4007484453755103,0.9990705990018981,0.15286138657423753,0.4468459036156089
3341,-8.0,-8.0,0.0,0.0,-0.0,0.0
3342,-2.4027517353389825,0.2621040587948755,-0.20611564929745935,0.9995541363274849,0.1472524499209953,0.3368528915824502
3343,-1.0536049848239342,1.0519018604779784,0.2972832371555216,-0.007905138339920953,0.9585379631081049,0.992925688976378
3344,0.18093126238393298,0.590062450197257,-0.0817501512413195,0.6323611780424426,0.8115993613107626,0.4595688663087182
3345,0.2611774780559502,0.4925065107541381,-0.2944733601289546,0.7681053740063946,0.5912306955486477,0.44685277173785065
3346,-0.007868445964104085,0.5628544573405463,0.19246600677276002,0.19614003902851465,0.9501832620788785,0.45137109664217423
3347,-0.2918926968544226,0.7352302734696813,0.32645302348046795,0.24179971685088683,0.8610255592780337,0.870644470219137
3348,-0.42596873227228116,0.7218800627101768,0.45288017628475347,0.18552456843505974,0.943931256298283,0.9164640654648954
3349,-0.46462478704693005,0.9131556147018144,0.2682958828624014,0.3534595967666407,0.9358525983354018,0.9717432499234704
3350,0.28746005608921377,0.5492502988075398,-0.4524089525463944,0.8137092548816146,0.5724127308789917,0.6633240066857604
3351,0.16307478514761128,0.45954212545901624,-0.24809981121069313,0.634698125867361,0.7259205380079413,0.43998427290790276
3352,-0.815044357464103,0.8098943791441969,0.3910417185252597,-0.024096385542168693,0.9665907671042077,0.9784375
3353,-0.08544745611897703,0.6802599700465456,0.32257177625755296,0.5233115787629719,0.7946074756854069,0.5833493727459147
3354,-0.8546349804879153,0.8503518585725097,0.3736866341406291,0.18400000000000105,0.9245460384972582,0.9821028386454183
3355,0.09100566101244069,0.740876975847046,0.3154997270737702,0.38381319831498995,0.906323596636805,0.6755707315240005
3356,-8.0,-8.0,0.0,0.0,-0.0,0.0
3357,-0.6471483065025064,0.9467882459030255,0.37533320555800276,-0.03788353162179079,0.9335376274976115,0.9661019839413783
3358,-0.00819655650955209,0.6410044031943377,0.420855116435003,0.6028827527167315,0.7329474399233326,0.6326204062398375
3359,0.12958442953485488,0.48215506908992223,-0.238727223193014,0.6145918872722,0.6738341691265362,0.48126268412044737
3360,-1.2041199826559248,1.2032700902169777,0.24999614401718148,-0.003937007874015706,0.9991748798680459,0.9964767156862747
3361,0.2904454316289534,0.531327106152418,-0.45963999543746886,0.7992187146537092,0.6111160266778027,0.6459139720247754
3362,0.2564636230511609,0.4568160582667399,-0.25434884242577266,0.7571063027145797,0.7500268136220618,0.5116747591200559
3363,0.14774584693634613,0.5128607947101704,-0.24167312016822706,0.6112656341862841,0.681374313641295,0.5265542120737469
3364,0.2349429391882694,0.4674083161921307,0.043344288272099504,0.71094235589514,0.7235349582685604,0.38591501262357886
3365,0.2688765833155978,0.5889685163814755,-0.17867077394075553,0.7810830031140791,0.7431727428825925,0.5675626229611289
3366,-0.20355548618331826,0.8005329893166699,0.32599977587374857,0.26151223450361316,0.9054938714117003,0.7602123334413459
3367,0.21804710132084923,0.40506718204391623,-0.10597229095360984,0.6909940867051952,0.6045547156352549,0.4127004733146008
3368,0.3277304633211148,0.44312362268243194,-0.38881197059866524,0.8387291959861207,0.6374005991386636,0.5155371981792848
3369,-0.2358899328501581,0.7240064683728847,0.29004004490762475,0.32126237140714425,0.9051255536544799,0.7667489189625696
3370,-0.815044357464103,0.8098943791441969,0.39104171852525965,0.14658634538152568,0.9597819905566093,0.9784374999999997
3371,0.12365701285167754,0.4497108532454462,0.10894347948159788,0.60247132891598,0.8959694801804486,0.41922989136835564
3372,-0.2553064370107041,0.7282243326928775,0.44017515414496744,0.44371871171240906,0.942323823576254,0.8818388605442178
3373,0.0375192961234971,0.41248596877031735,0.0773473626184366,0.36476047796069627,0.879549759349156,0.39456768288254923
3374,-1.2041199826559248,1.2032700902169777,0.2499961440171815,-0.003937007874015749,0.7811441513056641,0.9964767156862744
3375,0.2685407869898695,0.43572462576711096,-0.0012391932627924735,0.7589379799381454,0.5879435658378618,0.3794453254950836
3376,0.2347297276226966,0.5763484277945482,-0.1620092933031389,0.7877338300299734,0.5978016382145852,0.5240939096878972
3377,-0.6834236400768122,0.6738866996031537,0.45434144551508365,0.14493293591654263,0.9552615158441138,0.959661989795919
3378,0.07842443565115151,0.5041618495313536,-0.07634959786720251,0.3845840028765405,0.9295204729572132,0.462187505886802
3379,0.0202603419668951,0.880501659735167,0.2904552978306735,0.35640971523774473,0.8930186126476456,0.7105125833713013
3380,0.24108047718001452,0.508178706904905,-0.33924075409811905,0.7200075656148546,0.6763162305071155,0.5447714788309778
3381,-8.0,-8.0,0.0,0.0,-0.0,0.0
3382,0.06249436360389508,0.5444329701290505,0.28511018681526873,0.25241469298696,0.941148436030672,0.4798750918463974
3383,0.20666049428966665,0.42587880117999477,-0.14527020254706358,0.6693340069795592,0.6152895493469541,0.4663904792532758
3384,0.01615685387576669,0.46915545663777886,0.05320968786127589,0.11080006778350167,0.9422523206604007,0.4491866026101344
3385,0.1703356370811923,0.448356118265623,-0.09259816837724993,0.7061909785246229,0.7000134458521822,0.48313460966992827
3386,0.12291707933207345,0.42621059546698464,-0.07736052292212853,0.5109712984611032,0.7252368623258336,0.47377817002090356
3387,0.058620968304649385,0.7936318879560426,0.31421761110975566,0.43419990159827865,0.9080023181345649,0.632998075454508
3388,-0.006532554337970599,0.6392799411042079,0.39985125259804294,0.5171773236433147,0.73099711679632,0.5964603279452797
3389,-0.8546349804879153,0.8503518585725097,0.3736866341406291,-0.020000000000000004,0.9796832958281843,0.9821028386454183
3390,-0.815044357464103,0.8098943791441969,0.39104171852525976,-0.024096385542168645,0.9325953495446406,0.9784375
3391,-0.08910854884826917,0.6822743460219584,0.32471522049887364,0.5279489704470341,0.7553315057778565,0.7364866369565916
3392,-0.24500066517759486,0.8440367756668528,0.3347554854069768,0.42843259301058845,0.8968845457101563,0.986290037653074
3393,-8.0,-8.0,0.0,0.0,-0.0,0.0
3394,-1.0536049848239342,1.0519018604779784,0.29728323715552163,-0.007905138339920983,0.999274364739819,0.992925688976378
3395,-0.815044357464103,0.8098943791441969,0.3910417185252598,-0.021952851997938137,0.9769473409483957,0.9784375
3396,0.002430516635548796,0.49966931832249584,0.14776251562078724,0.1249388448555643,0.9565051936401274,0.3968391207189903
3397,-0.19753976470750534,0.6656400078908764,0.263772422160902,0.4156017388976069,0.9018865482197287,0.8990363959747573
3398,-0.6274074086671474,0.9259738255383626,0.2833967386345243,-0.06198866918341345,0.9192468872150775,0.9959708250546169
3399,0.23930049610461795,0.4423277737778118,0.128883702757213,0.7160488523792363,0.6034619450680473,0.3908139424106856
3400,0.2470074022937267,0.44548916279572565,-0.24203835208738875,0.7579334105713021,0.7639376481005797,0.4486621713461306
3401,-1.2041199826559248,1.2032700902169777,0.24999614401718148,-0.00393700787401575,0.014023154387264623,0.9964767156862744
3402,-0.9655593552960936,0.9629996332280778,0.3289718301566361,-0.01190476190476195,0.9993774296640835,0.9893465909090912
3403,-0.2498774732165999,0.8547341924177407,0.40283802248426576,0.3607088472654696,0.8865894252612794,0.8495357844316177
3404,-1.0536049848239342,1.0519018604779784,0.29728323715552174,-0.007905138339920969,0.9993518735141736,0.992925688976378
3405,-0.17951097132083396,0.651333832695124,0.4743358647316371,0.5254086421751101,0.8073235969928454,0.7758339878363139
3406,0.1811557095594405,0.4329847322776668,-0.1438367454038813,0.7361860673007433,0.666220316720478,0.4356171669863949
3407,0.06389570431838615,0.40072006319295794,0.1376257300566418,0.4980540985425063,0.9438966139230266,0.39010714712231565
3408,0.1438015128675514,0.5680583061542178,0.2084107671767654,0.5810822859123146,0.6831160452636408,0.4155463327739894
3409,0.2345856844200412,0.48623832983423576,-0.3835317140936705,0.7440264248690279,0.6098065962636364,0.5330159679859127
3410,0.1830285130216607,0.4847650982895948,0.23489066109776843,0.6351760092625135,0.9048512313193229,0.4073925250143751
3411,0.1326825700727661,0.7137583676263974,-0.3334786809271988,0.6408617808820848,0.7826551770798106,0.6651845779308855
3412,0.13466282457280024,0.4770433321846956,-0.04891046155771774,0.5565431436431368,0.6880908000621027,0.4061070831112699
3413,-0.6834236400768122,0.9830893197212026,0.35363399579227933,-0.029735682819383307,0.9647668838645528,0.9733917961608773
3414,0.23972727622808432,0.5807293868265301,-0.4344795385301093,0.7718652146242605,0.5767646261754543,0.661578649369909
3415,0.08913213918428058,0.44002299076135093,0.13321988500049942,0.4404241596370352,0.9343554829664579,0.45602016575632087
3416,-0.11389501224651855,0.8885126630904071,0.28162823300859485,0.6225212219616474,0.841108481809008,0.8702115042157292
3417,0.25564981274956833,0.4792790760422262,0.15780961190519183,0.7692492380895342,0.579736155889027,0.39374701300297543
3418,0.1701893304908107,0.6813689123474757,-0.26945392469523904,0.6163933668714002,0.7341020553339695,0.5852724489450047
3419,0.14876235018635628,0.5037490024922466,0.016952727859210592,0.5295725739705226,0.7767792968630863,0.437150498486232
3420,0.0201909748868536,0.41859297838230436,0.16361635253707218,0.19327385695198457,0.9027615914860947,0.42909490365498765
3421,0.20048960538437702,0.5032534406258945,0.30547932909560976,0.7865908798456841,0.5585326572262955,0.46383767549761
3422,0.09234115024157345,0.544542846445872,0.42892883355419914,0.5603927074723183,0.6745791889229616,0.553258010648456
3423,0.17019295022269446,0.6330126947802831,-0.3028981480081491,0.6769490687946835,0.6707004622066078,0.5471145905900533
3424,-8.0,-8.0,0.0,0.0,-0.0,0.0
3425,-1.2041199826559248,1.2032700902169777,0.24999614401718148,-0.0039370078740157384,0.9992392910725677,0.9964767156862744
3426,0.24186543076056477,0.4789258990980183,-0.3617809839212484,0.789848939901553,0.5870868002163652,0.5389880626243475
3427,0.14420776836445828,0.4161704377203435,0.001972868161724108,0.6258604665088672,0.7732889415786781,0.4177235142173103
3428,0.1920838988327945,0.6401986686163439,-0.3895768636429053,0.7146385378213828,0.6982663789261188,0.6403419598763428
3429,-1.2041199826559248,1.2032700902169777,0.24999614401718148,-0.003937007874015733,0.9992272683465959,0.9964767156862746
3430,0.09417382936066063,0.6656676055892525,0.42468150291345674,0.6925553289321965,0.7645907433684447,0.6384679494658129
3431,-8.0,-8.0,0.0,0.0,-0.0,0.0
3432,0.2546278099022264,0.5743952752308322,-0.42648609511113117,0.7749347296283746,0.6501929818173684,0.637248208549572
3433,-8.0,-8.0,0.0,0.0,-0.0,0.0
3434,0.22141408776609894,0.37735360050802447,0.03756230360605725,0.6909062282765001,0.645617173339618,0.39958360359993755
3435,-1.0536049848239342,1.0519018604779784,0.2972832371555215,-0.007905138339920998,0.9730861740080313,0.992925688976378
3436,-0.07289443779071005,0.857080418767334,0.40209753961085054,0.5339912280701766,0.7926182190738218,0.8285493307740824
3437,0.23297822604016027,0.6116581958216254,-0.0315679399783868,0.759759103612362,0.6593481285911569,0.5141910865140178
3438,-0.9655593552960936,0.9629996332280778,0.3289718301566364,-0.011904761904761973,0.9938882275698887,0.9893465909090916
3439,-0.5430103352889651,1.019653162791342,0.32350339786354027,0.06575395295025098,0.9512891768600342,0.9708400350489723
3440,0.08806223318740267,0.5106736954019686,0.08142992095994188,0.39502736076391154,0.8898027346155858,0.3987832503124324
3441,-0.0587213278476016,0.6582637291477708,0.1496536661171198,0.042615450912281395,0.9547884328249542,0.4458808460528569
3442,0.23561651174906362,0.5552372730537598,0.33575576438725085,0.726052259299046,0.5621159034007545,0.4489320779290042
3443,-0.23172969460724507,0.8031287773241413,0.3068154633073703,0.502033357952002,0.783761588021618,0.9322131435511521
3444,0.2086609303513022,0.4355686761817729,0.15980082003937668,0.7706936566919765,0.5277712136505355,0.3905750781548487
3445,-0.19352533312095577,0.7954974427122447,0.41612455466048626,0.4725738396624459,0.7838043398959916,0.8593502229292802
3446,0.029918216717284594,0.6356803658590556,0.18948096966282832,0.17382935787842793,0.955303779970804,0.4356534767038654
3447,-0.07305573956153677,0.4879463628261494,0.24213872701686207,0.4841719444366483,0.8999678529339309,0.5840980165299451
3448,-8.0,-8.0,0.0,0.0,-0.0,0.0
3449,0.04492192600009358,0.5344191345693194,0.16263370674561167,0.19126726446246145,0.9579293623414264,0.4268859142569056
3450,-0.1977013703033387,0.9027661366410117,0.36514523444537006,0.2716149386084585,0.8710206135883596,0.8228400637760517
3451,0.13662879488452292,0.5546031641192556,0.43210751529679986,0.7369153412672542,0.5826327109521678,0.5928255707166116
3452,-0.1681789790028621,0.7687540529623106,0.4327041422784636,0.6340251711194516,0.7776835349097289,0.866047055913821
3453,0.1884693689509892,0.456490567590323,-0.1031079961615665,0.5954234635318164,0.7617802808536238,0.4133088445717056
3454,0.25744399222733294,0.5883689059100082,-0.23805979324892698,0.7548273795074056,0.6420746201001961,0.5054123869685307
3455,0.15730305276337472,0.45449772925388204,-0.12109295659179553,0.553813796471445,0.6749602544598993,0.46170167904356796
3456,-0.7525749891599529,1.0523365286478543,0.3156133905359501,-0.017964071856287414,0.9883081487121588,0.9839245775347917
3457,-0.3044497079291339,0.7816455744654136,0.42705758736354704,0.4858870967741926,0.8654367620982684,0.8231969656330036
3458,0.2137494152640299,0.6374636544144232,0.4335718084426241,0.7791520179307613,0.5356494247990301,0.5723001188768172
3459,-0.23436035634661548,0.8342128423905146,0.4003269882598625,0.4854919292851657,0.8316567204735712,0.9411586405061474
3460,0.05662863184539031,0.6353239605513281,0.400693657839141,0.6111107598814235,0.6951161835768727,0.5847242001664789
3461,-0.5671696069293766,0.8666387434582894,0.3292577070080142,0.20667067987524473,0.9416836776422585,0.9437119545339384
3462,-0.0895131835923761,0.7827168560382652,0.23342418979049906,0.6754691074505844,0.8615510099848324,0.7900813445198671
3463,0.30528395510805423,0.5165521528689317,-0.39612566584949005,0.7908718269553842,0.6744758879893,0.5270578828538056
3464,0.01851650135665284,0.5621730379348161,0.21954838578821867,0.21320093079494729,0.9570279281830916,0.4780408249757533
3465,-8.0,-8.0,0.0,0.0,-0.0,0.0
3466,-0.5430103352889651,0.8427114505990115,0.4426604193252921,0.2851421706047256,0.9142515769184829,0.9353268320039878
3467,-0.0031567293384111685,0.4713276655301231,0.05523457240192976,0.11249154018958833,0.963263703132348,0.4303536634570703
3468,-1.2041199826559248,1.2032700902169777,0.2499961440171815,-0.003937007874015748,0.9992480036048254,0.9964767156862744
3469,0.2580797876068098,0.5019198578604115,-0.11183337057352041,0.7685879713297543,0.7533954154013156,0.4764065988340272
3470,0.044603715859740975,0.42437746553548433,0.09407847492248199,0.26553789276830814,0.9232309705093401,0.44380651456067755
3471,0.1605355412627526,0.6519241050399194,-0.2304569580476197,0.6516093753458716,0.7482096788760345,0.5527231219562767
3472,-8.0,-8.0,0.0,0.0,-0.0,0.0
3473,0.02754819672261738,0.604759760002442,0.12963642145089496,0.2179100532853349,0.9108684345975402,0.46610042332265667
3474,-1.0536049848239342,1.0519018604779784,0.2972832371555216,-0.007905138339920997,0.9349710495642907,0.992925688976378
3475,0.2515059078105813,0.5357971430089151,-0.3102110265500071,0.7717041480048525,0.5737050838222496,0.5582727121526638
3476,-0.21602535049646238,0.6944512460407299,0.4172217689295952,0.32160333325954743,0.9079179175859755,0.6478235116130241
3477,0.2280676031714066,0.5884621123489081,-0.17590388307832594,0.7266040170814438,0.7098361036614167,0.49512194485867733
3478,0.0014722290959689876,0.9095642283398453,0.31470738558679234,0.4157201701012197,0.8778029988068992,0.6844962268947473
3479,0.08264371919409015,0.5661889485760868,0.15509531867271165,0.3890532961948119,0.9371848655804835,0.4085823292716499
3480,-0.23341145718316755,0.6988009584787666,0.386295915125438,0.2822627145615008,0.9268515553903366,0.6474607911059197
3481,0.07616255040279253,0.581829079303621,0.292367874267877,0.29251997082110087,0.937096120110025,0.48649563207875246
3482,0.1521610870285242,0.46253534013999914,-0.14883083952322004,0.6694316847595698,0.7473967158687194,0.4334183689737497
3483,-1.2041199826559248,1.2032700902169777,0.24999614401718148,-0.003937007874015707,0.8915591718303322,0.9964767156862747
3484,-8.0,-8.0,0.0,0.0,-0.0,0.0
3485,-0.41422818434751973,0.8934658244598022,0.38787788561546704,0.08376375477206371,0.9464555623079504,0.9212460867620753
3486,0.26886147037028246,0.5555106197385625,-0.38277522810401715,0.8282717107704898,0.7046375940270296,0.5449654212825225
3487,0.20813579151739175,0.41113129837797197,-0.2726246246941965,0.6611126907874596,0.7732386312020273,0.46160426692990963
3488,0.08603645319460373,0.6080612470629035,0.3088275758548854,0.42486177790238794,0.9316114127897674,0.578135735598852
3489,-1.0536049848239342,1.0519018604779784,0.29728323715552163,-0.007905138339920981,0.9988922626240171,0.992925688976378
3490,0.21924704945794551,0.484759773676333,-0.19376462557777405,0.7002414393007533,0.7481848503533384,0.5279286984053545
3491,-1.2041199826559248,1.2032700902169777,0.24999614401718148,-0.003937007874015748,0.9992082585863937,0.9964767156862744
3492,-0.40081188856655164,0.8741576957512532,0.22238419263404438,0.19812332254449752,0.9359834299773545,0.9711786166515575
3493,0.10701833349824616,0.47042606410156396,-0.2282944497981255,0.5954214240135121,0.7275286749664122,0.5201795401748791
3494,0.054823786361992824,0.4188450520648736,0.18594371222612588,0.3687321240046873,0.9110317174286683,0.414495253475852
3495,-0.48054096698481513,0.7789112226581809,0.449394996874431,0.18418647166361996,0.957811691176659,0.9214957524271846
3496,0.03562177548215589,0.6364987712024238,0.2561891038413062,0.17671904204038758,0.9547672117874669,0.45943021927846694
3497,-0.7041199826559248,0.6954675535516895,0.44381286160017597,0.0632653061224495,0.9763914031218763,0.9634781504065044
3498,0.2109227535039013,0.47935320569298,-0.1478142915794223,0.6250585807740668,0.7946240730165829,0.41005358474315945
3499,-0.6645293596321123,0.9641793146007505,0.3647976838580519,0.13851351351351346,0.9603059786784242,0.9697699360699865
3500,-0.6471483065025064,0.9467882459030255,0.37533320555800287,0.12179085785848418,0.9704863555977808,0.9661019839413781
3501,-0.9655593552960936,0.9629996332280778,0.3289718301566363,-0.011904761904761953,0.9696177766000312,0.9893465909090915
3502,0.28058775709298933,0.44553082715361364,-0.1811902659066098,0.7717474006883887,0.635474531299289,0.5273792146670194
3503,0.2764693575004554,0.4401072185699171,-0.32119571057579543,0.7681280863044846,0.7601038281533888,0.4852365332652909
3504,-0.01926160613483762,0.7237248615418365,0.3514684625297342,0.4397153257907608,0.8559252395112259,0.5525999790692091
3505,-8.0,-8.0,0.0,0.0,-0.0,0.0
3506,-1.0536049848239342,1.0519018604779784,0.2972832371555217,-0.007905138339920969,0.9993613943427362,0.992925688976378
3507,0.1080231602317174,0.9749043209288359,0.2597889232969174,0.23067864503498225,0.9533659231339795,0.6853532338228354
3508,0.3047975780155661,0.4855486599590782,-0.1552282458615773,0.8086286424053714,0.5363652555507515,0.49472915981114873
3509,0.2032116210904461,0.6120936410919482,-0.36732679471146595,0.7049866888520981,0.6512500346809522,0.6523423015902864
3510,-1.0536049848239342,1.0519018604779784,0.2972832371555216,-0.007905138339921,0.999352646939687,0.992925688976378
3511,0.16880507318748486,0.6015319082160449,-0.21913596824785128,0.6858835528604588,0.686638171101866,0.5764018447402716
3512,0.18831687181555193,0.5253214539945985,0.3872673532058324,0.6688986497236934,0.5838053393714783,0.49394087928757613
3513,-1.2041199826559248,1.2032700902169777,0.24999614401718148,-0.003937007874015735,0.9993678403482318,0.9964767156862746
3514,0.05284781605383262,0.7534507924582329,0.21932620187426802,0.30490379009793406,0.9496842712014426,0.5058340988030029
3515,0.13049217721053505,0.4227435533885815,-0.1867150854701575,0.5547220013866714,0.7435011264809365,0.4811736872586269
3516,-0.005916075299999488,0.6571351591075464,0.18114093324072844,0.1527449497006781,0.9306768706505181,0.44539462618305253
3517,0.21755965496257676,0.6298746952439173,0.35369799831195303,0.731538338131217,0.6271273888379049,0.41386937425694603
3518,0.2264095110799252,0.47181176566925503,-0.28337624625242475,0.7748521457425174,0.5887117477270688,0.49819103901649336
3519,0.23218228398147583,0.595919773161841,-0.430619805682893,0.7479262960830146,0.6243320850055599,0.6574161040179448
3520,0.17657170478858122,0.46960501649279907,-0.11341272719808787,0.599976924035045,0.8187236081182002,0.43072621372734865
3521,0.2424135483001834,0.49193891466522605,-0.4148786215893614,0.8007779780975647,0.6159033673075134,0.5800067406275197
3522,0.23116428164132174,0.5030678477988297,-0.2827655314748303,0.7297145973881255,0.6311559810982157,0.5489645485864185
3523,0.12777846436177692,0.6987540110391497,-0.35323597376313304,0.6946182014209805,0.7769466794001995,0.6336827598241701
3524,0.14458976457245434,0.5734579376212086,-0.24409023969371202,0.6119690904333941,0.644745359443621,0.5056957536750244
3525,0.2311514585791109,0.538879730596601,-0.35115101576621693,0.7161139797208369,0.6097433411393853,0.5617632526385531
3526,0.19835004384415067,0.4708685856757559,-0.10849143334564802,0.6419205455116047,0.8478064031347592,0.46200076869553763
3527,0.0392618245366723,0.4001337574466093,0.14096466888663964,0.29597042247378,0.9528886777495102,0.4146422961493936
3528,0.007657463699937604,0.5470349915314898,0.1689273334123572,0.1579226579934386,0.9450004249022956,0.48917553424298926
3529,-1.2041199826559248,1.2032700902169777,0.24999614401718148,-0.003937007874015707,0.9992914510983018,0.9964767156862747
3530,-0.9030899869919435,0.8996702747267908,0.353463251695732,-0.015936254980079705,0.9561266509216806,0.985739087301587
3531,-0.27245855259569685,0.975209722532498,0.33604844850781446,0.3050562449263616,0.8975367192933742,0.9289819887118194
3532,-1.2041199826559248,1.2032700902169777,0.24999614401718148,-0.00393700787401571,0.9993557541241181,0.9964767156862747
3533,0.286017685845825,0.4540718087979406,-0.19997896880190077,0.753783399697656,0.786326750859932,0.5000213101024151
3534,0.22045157859993703,0.500264212252352,-0.12938499807991943,0.6669102626170246,0.723524728625466,0.505447709014055
3535,0.13065884013018927,0.4264125487113321,-0.018138533140561394,0.531403693890719,0.7756475949117981,0.4748374832996167
3536,0.1666268763075392,0.6484053218169609,-0.3407862989290088,0.5428131784637412,0.7679147523470771,0.6186284687672666
3537,0.31516323989653205,0.3971843116205983,-0.1922565865418134,0.7887576692967274,0.788295029346957,0.41421742998922334
3538,0.12028664018836248,0.448365101447294,0.1643368605641946,0.4960314735351472,0.7819917997579973,0.42794926284795165
3539,-0.014331526850282616,0.4584815033204953,0.057893811112500575,0.2576829453846108,0.9375504552452464,0.4079427146432158
3540,0.030231275548937574,0.8571262179066099,0.32625015572728483,0.529537907813459,0.8424124431905144,0.9165980198357584
3541,-0.7815709626487963,0.7755506535407398,0.4063159950721614,-0.026079492220836942,0.9615295515984159,0.9747427208835343
3542,0.05876277178515713,0.7409349810350493,0.32198582889008853,0.5170161121211775,0.8937525113995168,0.5922196188502267
3543,-0.6834236400768122,0.6738866996031537,0.45434144551508354,0.04992548435171402,0.973125819063441,0.9596619897959188
3544,0.13637882934295337,0.5053928422151958,0.17071541811523017,0.47311008081487665,0.93594789321761,0.4393869141391648
3545,0.20714777442963064,0.5372617726570155,-0.35212558028196944,0.7421083463864471,0.6102424716546778,0.6026317706759792
3546,0.051730343072532436,0.7883865910875394,0.3792545985183353,0.6710766284247781,0.7482869377460816,0.7368500304903675
3547,0.1848460809186584,0.4873900309490753,0.3045459353782021,0.6407499979056173,0.6692968937652894,0.42357731988292513
3548,0.2071863124964842,0.616519128674829,-0.40527850602591553,0.7637410445300316,0.6572594576514652,0.6139973058463367
3549,0.04351371303276772,0.5321737242913955,0.23745631339914786,0.26769715900699204,0.9235186111634469,0.4687353832351634
3550,-8.0,-8.0,0.0,0.0,-0.0,0.0
3551,-1.0536049848239342,1.0519018604779784,0.2972832371555217,-0.007905138339920969,0.9993140430879556,0.9929256889763778
3552,-0.7269987279362623,1.0267181050116716,0.3291317133489502,0.09171861086375775,0.95242777123532,0.9804774113082039
3553,0.1982161091550734,0.6434357324832967,0.16634133416313085,0.6792435358772976,0.7238424886726343,0.3912252050642715
3554,0.27495245076892194,0.42783202377811386,-0.27931260303341676,0.7584764846098344,0.6947385947565141,0.46206697740143476
3555,0.11210585486789035,0.42159045821120683,-0.028941776892040645,0.5323614060730658,0.741294717979838,0.4489980161739162
3556,0.325723223905586,0.4281902067687506,-0.30260552436449323,0.8039993415496431,0.7090046183995287,0.4626810851900658
3557,-0.9030899869919435,0.8996702747267908,0.353463251695732,-0.015936254980079684,0.9880180359928243,0.985739087301587
3558,0.02087064204769103,0.5259422579497667,0.1335540152955375,0.30722491132698654,0.9164675732160179,0.42381522630856655
3559,-0.15187724735078342,0.752301514226002,0.36488818676941265,0.3208494335041489,0.8396653701040505,0.631503706175222
3560,0.041907359563213446,0.5568033685291761,0.20708614088809918,0.4996198488955636,0.7895187646671896,0.47139944389623895
3561,0.2810894060990601,0.5483117307959416,-0.3125791473395943,0.8036552795037387,0.5211355292218933,0.5520301237362016
3562,0.23537572369583815,0.42888085328634834,-0.20926022966310004,0.7579423149785662,0.6705575218027736,0.4656299629093624
3563,0.06130185527207062,0.49803810457412373,0.12469931212175332,0.22248977420008742,0.9270479530074388,0.43908670898248986
3564,-0.39772805429605707,0.8749376141199391,0.40204656989138016,0.03727039609183804,0.9385106278024871,0.9329414418449883
3565,0.023961413480957153,0.48754525160324935,0.3660963553116863,0.5393495842940936,0.7152830271663506,0.4983376634602107
3566,0.21475139505597138,0.41448786811357285,-0.22333462529238648,0.7080620767685394,0.6235959314892712,0.4772265317091184
3567,0.2289311792660396,0.5978385099828052,-0.3508760813930447,0.7093670648436486,0.5928503151901463,0.5926400045203755
3568,0.02917840716494997,0.5326258970401789,0.13235213323540831,0.0013124079578841418,0.935229726572547,0.470231912151189
3569,0.24249395758099704,0.5449200296289943,-0.4002637781244872,0.7500733031205252,0.6152275591266367,0.5824433773579761
3570,-0.46555935529609355,0.7616505026917568,0.4290120172504217,0.3950600055819156,0.8918129060677241,0.9395714633129515
3571,-8.0,-8.0,0.0,0.0,-0.0,0.0
3572,-1.2041199826559248,1.2032700902169777,0.2499961440171815,-0.003937007874015748,0.9445237043117481,0.9964767156862744
3573,0.2655624161448349,0.4569077761099689,-0.1363924213530235,0.760921293389621,0.7604398360391482,0.47560581378915356
3574,0.1805904739510903,0.45801761616985837,-0.2784358902594416,0.6628627210485664,0.7002195923399583,0.4706315837131397
3575,-1.0536049848239342,1.0519018604779784,0.29728323715552146,-0.007905138339921014,0.9991406900335371,0.9929256889763781
3576,-0.0263235728710818,0.5903794511284455,0.2044220120153946,0.10378209482857347,0.9570068749470462,0.48377952189953544
3577,-0.3629327164834346,0.6383092456031687,0.2913902932637707,0.13107981862605017,0.9184910183021182,0.7183745665224555
3578,0.16492963588040296,0.5371602218531355,0.2949381666376192,0.6595971290572687,0.7291495381584431,0.43118093472207564
3579,-0.43208596048078696,0.7263693144728699,0.4365950884293603,0.1235173232652125,0.9576853735609051,0.9436278688767641
3580,0.2438069051410126,0.4274018957781416,-0.1038806130329146,0.7553652858614573,0.6953528146019589,0.38148941170792317
3581,0.010981968591260114,0.5866404995662223,0.4266071343003048,0.642902226300241,0.7332171409462404,0.5908655517519357
3582,0.17532069604477735,0.5781737273433026,-0.33369163986187705,0.7058381080499824,0.662154562959412,0.6146732752084849
3583,0.27019495811850863,0.5100384739666288,-0.41815397566179197,0.8311978542045021,0.5728982791675997,0.5911029277106565
3584,0.2398040379356745,0.4363266926907579,-0.11402493753997194,0.7387395596761941,0.7381145642193727,0.4379269212139969
3585,-0.05526667479506773,0.8110959555179715,0.23888676331881847,0.32177313909632704,0.9399909814709198,0.6505354261545189
3586,0.08394618355367006,0.4191475841517455,0.11789514296385652,0.37996732111122716,0.9226176813638619,0.3898772652573129
3587,-1.2041199826559248,1.2032700902169777,0.24999614401718148,-0.003937007874015731,0.9992274832368327,0.9964767156862746
3588,-0.9030899869919435,0.8996702747267908,0.353463251695732,0.2380478087649422,0.9514083724524718,0.9857390873015868
3589,-0.19517553350846778,0.6622467400207516,0.1617726618460955,0.47616290336814,0.8970347026221509,0.8057157480455149
3590,0.0025338052209929684,0.46606163155253677,0.38116066058654186,0.36621632304693835,0.8495523883089799,0.5147385170254547
3591,0.23353448565885743,0.39777631323743184,-0.2007359003000539,0.7309268714275728,0.6804192746622166,0.40918954467711044
3592,0.21297969394453525,0.6237088085553075,-0.31189757128200957,0.7144974184772395,0.7344433450796364,0.5519148268039361
3593,0.24768721933086407,0.35714746413307114,-0.1823298862169616,0.7579160254243936,0.6977987027751338,0.3682149141048887
3594,0.09773049551360329,0.4635733815253451,0.15510906953047796,0.45733583641064274,0.8683666166686544,0.4450769968641314
3595,0.1316012009820186,0.6393998380599669,-0.2742582211670043,0.6206028711818115,0.7160711045485009,0.626412333084823
3596,0.017782173207332955,0.5942809809274143,0.29802716732587914,0.1504677432806627,0.9513325212869843,0.45648134551600433
3597,-1.2041199826559248,1.2032700902169777,0.24999614401718148,-0.003937007874015705,0.9991407653099177,0.9964767156862747
3598,-1.2041199826559248,1.2032700902169777,0.24999614401718148,-0.0039370078740157445,0.9942844740633958,0.9964767156862744
3599,-0.20569749083846312,0.5571290221491063,0.40038180183119443,0.4926211998607743,0.7433866758987487,0.5624686146684585
3600,0.21564406979859904,0.5988842516608276,-0.12421813168641696,0.7159829241164315,0.7068417106283643,0.49441069611228666
3601,0.17818510757315806,0.4214258582156613,-0.2711503378642042,0.6171690639459834,0.6697003736662843,0.45815734337573444
3602,0.15173992803002992,0.41516569732222763,-0.1439095167357138,0.5751590090222135,0.7546088146095218,0.40516541152919044
3603,-0.10305806963245828,0.7147446652260686,0.31034370552644075,0.35906756422397007,0.8755572451228116,0.6462691037862475
3604,-0.21008862311457513,0.8136319515815417,0.30489158901507246,0.2947833433341148,0.9203597560959135,0.7454614696646504
3605,-1.2041199826559248,1.2032700902169777,0.24999614401718145,-0.0039370078740157115,0.9955449399554168,0.9964767156862747
3606,-8.0,-8.0,0.0,0.0,-0.0,0.0
3607,0.13188653913558693,0.3995141840539396,-0.036043001096957974,0.6293839354577079,0.7107248498693768,0.3539854654107301
3608,-0.9030899869919435,0.8996702747267908,0.353463251695732,-0.015936254980079747,0.9717510219563806,0.9857390873015868
3609,-0.2022385098478427,0.798927427058673,0.21615206872075376,0.5425905818034955,0.8763638412186849,0.7500777438688063
3610,-0.012435506669069998,0.5281448163983444,0.375968777901979,0.4168388464167919,0.7938173610327838,0.5321830714259059
3611,-0.03105036785868337,0.712092726929568,0.3785135214658201,0.4589381917659325,0.7795092200403058,0.6049504394616025
3612,-0.1473454259312113,0.7453650305446688,0.3707593407171403,0.4683485729788554,0.8601131172516259,0.6213334343187903
3613,0.21296377820244433,0.40712656494808414,-0.1570353509622934,0.7167375650516158,0.7010333439501666,0.4368735366752593
3614,-0.1123729667107897,0.8869305426034637,0.3109669362028791,0.5422455981948626,0.8940463364470695,0.7712804856466976
3615,0.041289711104895405,0.5898516995263876,0.2923914573407222,0.31117223871087335,0.9357771406702278,0.5205480373926449
3616,-0.19596704631935197,0.9766744781319232,0.2928623082006293,0.20033624496002964,0.9272910113384606,0.8685933332682164
3617,-0.31126274600727644,0.7808562337177385,0.32718742909128373,-0.1808815301660018,0.8943335692108872,0.85294513836641
3618,-8.0,-8.0,0.0,0.0,-0.0,0.0
3619,-0.13508740616478235,0.5964254835982614,0.2767205054844855,0.3566399972569832,0.9028299938095228,0.6723180862555953
3620,-1.2041199826559248,1.2032700902169777,0.24999614401718148,-0.003937007874015715,0.9993165687556914,0.9964767156862746
3621,-0.25726577211360707,0.9691177266935566,0.3007351684798574,0.16453378290090154,0.9086482969484301,0.8927163015323887
3622,-0.1577754512424649,0.8126614462193692,0.36801813389040194,0.3974694209562875,0.8638715503409472,0.6947506456030028
3623,0.30993030423070533,0.3761774416845128,-0.0536390694112774,0.7955678816587335,0.6667865991297162,0.35511682821681456
3624,0.21066399562468477,0.4847277437837997,0.09065781009125642,0.7022144669961371,0.7317859191404988,0.40118002764671884
3625,-0.13852373606011714,0.6821259182128769,0.3845260378950395,0.44479211667503615,0.8353674337968827,0.5843847914375
3626,0.22826444362730589,0.5583296635079028,-0.3569623425069743,0.7377422920435558,0.6825106643383053,0.5801378881472415
3627,0.017795588382423073,0.7178130040781329,0.3545567915998614,0.32373910144948687,0.8875739792727968,0.6015062032085674
3628,0.08117712152231378,0.6216126807600948,0.24824745199531548,0.2127646315267183,0.9628660753397079,0.4853289864151952
3629,-0.33792310274444054,0.6303353280182804,0.4848329741867399,0.2875924404272801,0.9101984903917816,0.7816181282722513
3630,0.017910009520685083,0.6088707861062882,0.25019326528276714,0.351597764408955,0.9491283666262039,0.46900028335557187
3631,-1.0536049848239342,1.0519018604779784,0.2972832371555217,-0.007905138339920936,0.9254844257580642,0.992925688976378
3632,0.3146875455628046,0.4109585117026531,-0.3189291303735362,0.7979227159684706,0.7534431310656368,0.4513534133598814
3633,0.15758743854020618,0.4190841445342335,0.10641471658788142,0.59648885792504,0.7124036896256546,0.3956414842621646
3634,-0.7815709626487963,0.7755506535407398,0.40631599507216126,0.11866359447004687,0.9443132136113884,0.9747427208835339
3635,-8.0,-8.0,0.0,0.0,-0.0,0.0
3636,-1.0536049848239342,1.0519018604779784,0.29728323715552174,-0.007905138339920955,0.50861931966854,0.9929256889763778
3637,-0.4716948409330439,0.7173066170439938,0.23296663937866433,0.5037313849878033,0.8595865260770162,0.9061024897355052
3638,0.17035757508763053,0.6333272079821517,-0.32257616280249685,0.6659459806782094,0.7094441261475631,0.5701010107318217
3639,0.09222984602850123,0.4291165314552493,0.22234333876947007,0.4709581519947518,0.7209827577155451,0.39879799147408374
3640,-0.08148897468740093,0.5711068047421499,0.3673241734782121,0.41044724837607943,0.8802069968680065,0.48404281072041655
3641,-0.2751686988677747,0.5680537966855264,0.31049185933537465,0.24310909179624857,0.9388218637534339,0.5393944242738969
3642,-0.6310559648168058,0.9306907830502538,0.38529979333848435,0.032399299474605986,0.9681809675112643,0.962390988372093
3643,-0.0616800373457054,0.965544566185912,0.2896329117046043,0.24715466434826047,0.9232772157144031,0.7026367167524237
3644,-0.34611831083852523,0.6396264667769295,0.48421848869119155,0.256432246998285,0.951467357962563,0.7570440573770492
3645,0.13571472765495185,0.6681496084422937,-0.17005407173776915,0.6622215496165825,0.715882804107631,0.5503604268504809
3646,0.042699457679194655,0.48629673865967776,0.2651077819633707,0.14827819605635245,0.9583808381869661,0.4375118529146034
3647,0.1385877900453102,0.44603824486431864,-0.21345592958212148,0.6082296366658836,0.6640098754478911,0.45397300915703376
3648,0.21584959743526932,0.600139871732912,-0.3491923501042833,0.7181428415657712,0.6077876373381047,0.617872555512664
3649,-0.2633234851336799,0.7366552884206372,0.34699964213869855,0.41140796570426225,0.9153644705831121,0.6451124027319213
3650,0.24581648721674146,0.4829726759984947,0.10676599125953745,0.7321983174848623,0.7626942785438791,0.36760249853866983
3651,0.25032213446836155,0.48601516661618027,0.0013246296600236116,0.6876219116804452,0.808981747419324,0.40032369191577055
3652,-0.6645293596321123,0.9641793146007505,0.36479768385805195,-0.03378378378378385,0.9459913023987271,0.9697699360699865
3653,0.24337174345935647,0.5072097180890678,-0.13942932458613636,0.6962760556425274,0.801825517920186,0.40177230959913846
3654,0.13401473814550308,0.5576201516274482,0.24924651389769917,0.5839550411452457,0.7757868201632778,0.43709361740345454
3655,0.18719745657362538,0.5056059617004464,-0.3488219339061977,0.7080134523002359,0.6729261637854559,0.6045880885486161
3656,0.018536349968640203,0.6728198140153288,0.33729014690002423,0.4654796164075383,0.843044278317445,0.5217082332085868
3657,-0.17872735335928835,0.7747455942052864,0.20350659519382566,0.6394158765440422,0.8796325169430289,0.7892131218755352
3658,0.23561426157689683,0.5299002137881859,0.09674686610894931,0.7687733640171369,0.7651668217227279,0.4370877495320021
3659,0.2379701319039476,0.4427013019567871,-0.2082485631413317,0.7472035216778181,0.5340265611348335,0.4889034699213863
3660,0.17910543717310298,0.4711735227919904,0.2503128766412989,0.6405962683818872,0.7843679939681116,0.4372647813412899
3661,0.06455968548298145,0.5560769553456962,0.21937237641955734,0.3522233467202882,0.8944151024556753,0.4583205225868212
3662,-0.5051499783199059,1.2032700902169775,0.24999614401718148,nan,2.234964165193191e-30,0.9964767156862747
3663,-1.2041199826559248,1.2032700902169777,0.24999614401718148,-0.0039370078740157315,0.9992694624545881,0.9964767156862746
3664,-0.7525749891599529,0.7456808469171364,0.42000012286277116,-0.0323886639676112,0.9580792157454048,0.9710181451612905
3665,-0.12224874161785385,0.8701366113174595,0.3061104764041459,0.30903132757066565,0.9198126809547206,0.6013231765253625
3666,-8.0,-8.0,0.0,0.0,-0.0,0.0
3667,-0.25257498915995297,0.5393902102352885,0.515545815435833,0.2762395736793327,0.910828247685685,0.688105396678967
3668,-0.2759896109728477,0.9678083047977843,0.2963623846567133,0.4308603117253149,0.8611676952288406,0.9975898776508896
3669,-0.09433149140508464,0.6877287503754432,0.24954848988749395,0.4575750366638132,0.9030061681749953,0.6177772284150498
3670,0.31076794477376124,0.3888005694094634,0.025363877551596154,0.8114468939967445,0.59767568006787,0.39703932737578945
3671,0.1550428188531731,0.4195972928890525,-0.17946041770557483,0.5803967971567814,0.6858570172024661,0.43589658452411545
3672,0.0054584331924527035,0.5533102917696742,0.22692725934142383,0.20382212526398047,0.9497277397129631,0.4496624997139019
3673,-0.5536049848239342,0.8519848933578581,0.40247102341056945,-0.00020644095788603927,0.925822546353818,0.9527138157894736
3674,0.19250691778584936,0.434736975759876,-0.25841528076382936,0.6585044266320955,0.6352852583287747,0.44630364686287805
3675,0.13350426236205748,0.6946667680572782,0.3207211503260595,0.34786205174366874,0.9414028298159668,0.551482281008378
3676,0.016160379112639796,0.41812677850423763,0.0859512020679976,0.1632366297802335,0.9562510904254248,0.4376779924127785
3677,0.09608918061732254,0.6280605189383581,0.3523469831846266,0.5374984906475644,0.8169019102526377,0.5516379109767628
3678,-0.9030899869919435,0.8996702747267908,0.35346325169573195,0.23804780876494036,0.9700952042351902,0.9857390873015873
3679,0.20971167535955268,0.5117361788818121,0.2669282219792169,0.682088656572501,0.7092758504225216,0.4554900449558089
3680,0.15689313861552198,0.6479359482742245,0.27972742839549386,0.5351795192693302,0.7825508880473938,0.5286217977073211
3681,0.04733071481479511,0.5259976214537786,0.175199285026033,0.3305729116084038,0.928492735934192,0.4303942425984391
3682,0.028368965189749084,0.5447397429792098,0.22011961399605817,0.3014549055864601,0.9204020336532404,0.5030911136008588
3683,0.2602694641944305,0.4325038461391018,-0.26391425399292834,0.8029560015962202,0.5813002275397139,0.4841537087684645
3684,-0.3114550651505413,0.6017531865079223,0.49368654536777723,0.14417043630526782,0.9485514546368199,0.7805468920244064
3685,0.07436772093891088,0.6371197103017742,0.28355594558500796,0.4152651065862372,0.8653696546076359,0.4904148612825078
3686,0.2322741248716522,0.36440440657590545,-0.25744137957944835,0.7231519621990029,0.7475821649113542,0.37808520738405205
3687,-8.0,-8.0,0.0,0.0,-0.0,0.0
3688,-8.0,-8.0,0.0,0.0,-0.0,0.0
3689,0.2770848533796464,0.42016117123709,-0.22260412453168316,0.777128766659555,0.6993175172770842,0.36577568281928363
3690,0.21207720380987993,0.4968377246633184,-0.226092323341937,0.6568298870002682,0.7344871718206689,0.4446303952069819
3691,0.2371167743530281,0.5430630886663886,-0.30197332180558,0.7870115400966313,0.7888204315425564,0.502231320992255
3692,0.2750486975250632,0.3654329635524196,-0.2858784554981173,0.7605982849748707,0.699689572620081,0.39362565309068165
3693,0.029182609959692962,0.5212358148509175,0.2680355822887149,0.3635430987845876,0.8964311724641209,0.45078758724799006
3694,0.14705831154950497,0.567397108577087,0.23187929983531805,0.5051953916592148,0.8439396808559407,0.5354040033481388
3695,-1.2041199826559248,1.2032700902169777,0.24999614401718148,-0.003937007874015743,0.9994165715723284,0.9964767156862744
3696,0.19303787488513646,0.5731898674865822,-0.3413639145754535,0.6687754497037803,0.7682104585892588,0.5612887894026701
3697,-0.9030899869919435,0.8996702747267908,0.353463251695732,0.2380478087649412,0.9239359586399252,0.9857390873015868
3698,0.04410491893817437,0.5079973324248998,0.24583497765112644,0.2682083746349183,0.9510540952401101,0.45229469997191235
3699,-1.0536049848239342,1.0519018604779784,0.29728323715552163,-0.007905138339920976,0.9993477217856602,0.992925688976378
3700,-0.08635575920215034,0.7031141614293828,0.45267775396149523,0.1511318242343541,0.9528896604564929,0.6337457851637764
3701,0.0303450237289297,0.6386382653024686,0.28886619102414507,0.2188037310852416,0.9419953948331875,0.4939307454804467
3702,0.07376343169329179,0.5854697574077942,0.26347576336653916,0.46520019810333874,0.9044587016114318,0.4558229060341569
3703,0.23093794966887388,0.5119355038942819,-0.36293322891009777,0.7784887449924393,0.6509880326290725,0.5255812651497499
3704,0.1521598484690213,0.6419473490808546,-0.35438820088754597,0.5804305791736544,0.7882111433201238,0.6045151159377619
3705,-8.0,-8.0,0.0,0.0,-0.0,0.0
3706,0.0556013703914308,0.5089764360429241,0.23527486366891381,0.33666103605174313,0.9394186478688856,0.4493482312436052
3707,-0.005080191969207378,0.7319543592963282,0.3075442662315566,0.34688518474812674,0.9352059263769584,0.6057247106213681
3708,0.17057185849419745,0.41741370476498146,-0.19152425322350694,0.6194539079482645,0.6965709779824378,0.46542711064374653
3709,0.007502954312479137,0.798631637440029,0.39482837413261357,0.2379601701505257,0.9553443841604395,0.658489903507004
3710,0.16274249322495762,0.5019408642922661,-0.2142563824249704,0.642346678076941,0.7125374469337595,0.5538767015740896
3711,0.08675707259682343,0.5346247982763187,0.1880576702378445,0.44506692966865685,0.8258590768523278,0.4875523719382745
3712,0.26446445233097077,0.4845954198936327,-0.3893475603528566,0.7550405073093718,0.7209257510195776,0.5868703532192566
3713,0.013733197442272615,0.6129453628432753,0.29146921553984406,0.10182174284474399,0.9567845758258061,0.4652675177598422
3714,0.18392326870288728,0.3989469391809929,-0.1843843416499167,0.7220942265906656,0.6669669675572254,0.4050573857761284
3715,0.1776106938497879,0.6118343595631215,-0.3755790876787291,0.7052221621059237,0.7054239760809293,0.6492280917267441
3716,0.054905447984689264,0.5874976919508057,0.2731289563878622,0.26540251343993676,0.9639237558196169,0.5153098686260611
3717,0.20629381062060528,0.47567881231712456,-0.18741717314622017,0.7553039280418914,0.6939017450945038,0.5104326405349286
3718,-0.16702463525991126,0.5755966742288969,0.29614797434356926,0.34147194519945406,0.9157172960302957,0.6326821590270978
3719,0.05759544363953053,0.6248190762051304,0.2842025754492875,0.3437259467414629,0.9478672453957987,0.492038268459818
3720,-0.26254175341565894,0.6930673732969408,0.23805630256426008,0.17533346444688036,0.9141684222406453,0.6937324207789083
3721,-0.37274106681513774,0.6718374374676246,0.5146554305633727,0.027694160144491275,0.9597408213765429,0.6011941919696363
3722,0.20860812077218308,0.5992947881530947,-0.24873715159858684,0.6710805413203451,0.7697585419381074,0.5746084788418264
3723,0.16709448297849247,0.4214370969310387,-0.009207599702452987,0.6146338705443738,0.8503302806253928,0.4371213378152908
3724,0.17842436308320123,0.47976583908140574,0.23191303939956945,0.5988901393178596,0.9064893572903998,0.4052781926653637
3725,0.043163944125388536,0.544162966389695,0.3197417542706297,0.4780224166591444,0.8913155269754037,0.4804401310198622
3726,-1.2041199826559248,1.2032700902169777,0.24999614401718148,-0.003937007874015742,0.9994098487263104,0.9964767156862744
3727,0.1509244794614045,0.3702905488179266,0.04655151108804545,0.6012951366995968,0.8555201523446552,0.3867195663687706
3728,0.050700586816072916,0.5552436286976566,0.14923369654460827,0.1646791102962121,0.943660288234511,0.45938408549654836
3729,0.22756381621134758,0.8875314024724441,0.28059839864811464,0.6536334702894353,0.8415982762969776,0.8495147410614858
3730,0.27130116092263235,0.6638100031344955,0.4309439753684812,0.7579931891379068,0.6096548519870931,0.6447182838128728
3731,0.17101835011202,0.6752117870281387,-0.13962899832965403,0.6595837432985295,0.7298107183354344,0.5963247380035903
3732,0.08726552083106896,0.45348263650832843,0.13699231426192693,0.3094167325848612,0.9324229472266145,0.41331281137863507
3733,0.09043472732510247,0.44661390693747427,-0.13972981125636613,0.517465122399507,0.8752052649083225,0.4385280497846422
3734,-8.0,-8.0,0.0,0.0,-0.0,0.0
3735,-0.7525749891599529,0.7456808469171364,0.4200001228627711,-0.032388663967611295,0.975624427727427,0.9710181451612905
3736,-0.4085876791426752,0.8881000785108776,0.39055121475067084,0.10369068541300522,0.9815387027754057,0.9173590793503226
3737,-0.2665893509600747,0.8780718778014445,0.38133658620282856,0.04552406985094822,0.9430643957685455,0.7107755926561841
3738,0.19633292821209838,0.7506617303323868,0.3810932573109776,0.6355982284231521,0.6441852915812952,0.6549212300366499
3739,0.10922476106282501,0.616901915237383,0.17719868278069204,0.5434771007054686,0.9203035292449293,0.4162845882650245
3740,0.3937436769897042,0.7663828631444886,0.4226023138314633,0.7376348739462206,0.638356040342876,0.7873661963408456
3741,0.2567090732933898,0.5323195750603159,0.052109568563092214,0.755448488310227,0.6469358233083359,0.5433148255671496
3742,-1.0536049848239342,1.0519018604779784,0.2972832371555215,-0.007905138339920958,0.998006641879594,0.992925688976378
3743,0.2013842774797468,0.4429222641798948,-0.3251154535817563,0.7398790356895064,0.587302679038798,0.5360185505880026
3744,0.15923420950405875,0.6091720066204596,-0.0926642921623595,0.636814470028976,0.7682016580579625,0.58792360380671
3745,-0.7815709626487963,0.7755506535407398,0.4063159950721613,-0.026079492220836973,0.9861819404298894,0.9747427208835344
3746,0.032159690569330664,0.5818998254296704,0.19286824150948947,0.2803516550266983,0.9073390629081518,0.45973035168027687
3747,-0.9030899869919435,0.8996702747267908,0.35346325169573195,-0.015936254980079684,0.9966479276480003,0.9857390873015872
3748,-1.2041199826559248,1.2032700902169777,0.2499961440171815,-0.003937007874015728,0.9990273878578948,0.9964767156862746
3749,0.1780004086496521,0.46030300056580375,-0.22853915509654213,0.6607259943311269,0.775185946331012,0.46416076646600146
3750,0.15293220116762526,0.5343411593885311,0.2156166742104071,0.5217166477832234,0.913195511878874,0.38739293644424405
3751,-8.0,-8.0,0.0,0.0,-0.0,0.0
3752,-0.7525749891599529,0.7456808469171364,0.42000012286277116,0.0966599190283403,0.9698684258141349,0.9710181451612905
3753,0.11022728816622351,0.5978909463682992,-0.2076668948198793,0.522082041272028,0.7800281827117828,0.48833594598736985
3754,-0.5647431821795103,0.8644096497323351,0.428158174386883,0.16044776119403012,0.9524394812002778,0.943246243169399
3755,0.1573143461501431,0.4099696626244176,0.07228900935515127,0.5886578058435953,0.8559873376540491,0.4102968730521802
3756,0.028571443068284325,0.6875936706202623,0.4474768501111071,0.10297259466627352,0.9579555657860361,0.6122940252436434
3757,0.27195032392217494,0.514566472837573,-0.338662692856197,0.7962703495039777,0.7203872863133141,0.5122373667920249
3758,0.14900884492031805,0.4493186082668316,-0.1769611593979485,0.5365245449675226,0.705395089253617,0.4774589093782964
3759,-0.9655593552960936,0.9629996332280778,0.3289718301566363,-0.011904761904761956,0.9993054099786327,0.9893465909090914
3760,0.1653943253870515,0.5584452876465457,-0.2705443398746448,0.6161570335496034,0.6973556324490825,0.545629747923453
3761,0.2376166101333418,0.5923014519267311,-0.3927793234365105,0.7341570841947378,0.6170283620493245,0.6223347462290728
3762,0.2015193319656341,0.4631955921929782,-0.10739971853338617,0.6326084928430616,0.6795055921080905,0.4794349301155605
3763,0.07265256438014503,0.5367835767947331,0.23912720801347712,0.34152546962466307,0.9589772731660883,0.4218744903907782
3764,0.1818110514789509,0.6695712891907108,0.3893570562999095,0.5206610538161938,0.848419415421848,0.6283388463520162
3765,0.11863785485721366,0.6196656832235274,0.24017597803984905,0.5137819827760981,0.840666875538714,0.47143691704984697
3766,-0.03776701231587123,0.484632604103248,0.3220119621203528,0.3536816139355754,0.8776384522335966,0.4426778294359146
3767,0.09841683890240223,0.5893006744040948,0.3424817499133881,0.5303623293235684,0.8644153832976874,0.5023325493290145
3768,0.24657508147632454,0.43585229450168517,-0.3018524434765424,0.7674832338226438,0.6149736609576236,0.5194544776734997
3769,-0.9030899869919435,0.8996702747267908,0.353463251695732,-0.015936254980079695,0.9683552208038563,0.9857390873015872
3770,-0.25257498915995297,0.7363470365449509,0.46415043587693633,0.1955357142857151,0.9440647380252174,0.606968305687204
3771,0.018659088113071348,0.5335242188750654,0.2994666011096096,0.5347442203414421,0.8571076211161448,0.6195019092091408
3772,-8.0,-8.0,0.0,0.0,-0.0,0.0
3773,0.11379387421252578,0.570908696822205,0.19121316494844048,0.46097604861400937,0.8928508888112954,0.4374279947087353
3774,0.20656526628041197,0.632143705012501,-0.3345705563828741,0.7013856546775629,0.6491732709978609,0.623108082452796
3775,0.2822920215253608,0.4754872357625418,-0.42351264198385524,0.784311730473283,0.5960140918268713,0.6000384722066906
3776,-0.018651741631280624,0.4578625176617821,0.02334563288025194,0.07936193697097872,0.958113755889033,0.4211124616073215
3777,0.1102431991217596,0.4510862313682915,0.08182938128744115,0.5403023546358413,0.7625552526657656,0.4372966455065161
3778,0.2006496326908686,0.5690585982719245,-0.2374609037969332,0.6802938955666595,0.7097064080354788,0.5248625323179076
3779,0.186517147251482,0.5175602627700129,0.07361538283960904,0.6525927269394248,0.7015739156741622,0.3743572544835107
3780,0.2690475929291832,0.3831817565475995,-0.2542487465741578,0.7880779721344514,0.65082858528924,0.40533232730427643
3781,0.09332048350596073,0.39453665645721275,0.05360329194592124,0.45124504064412735,0.796658361581601,0.4402308984210158
3782,-0.20230978504715252,0.828594290405539,0.34149532064050636,0.21860652033347172,0.8866387330859191,0.8686157986353702
3783,-0.13575969907772137,0.6220688081930033,0.4896366594323341,0.18083522682754852,0.9642565676545478,0.5449714204301913
3784,-0.020814575781455836,0.6311531858197137,0.326686416687059,0.2402234372380599,0.9058019573454318,0.5160237223010181
3785,0.1268841827907744,0.6025975732693812,0.20293786007640358,0.26343664195146854,0.8906958384030327,0.4522232920569714
3786,0.25062837497023227,0.6051736005861094,-0.2944256735072942,0.7272832318165052,0.6744891054258275,0.6208952285976095
3787,0.16225588070503652,0.5739295129173501,-0.3780446209508986,0.602596070888031,0.7382967458751069,0.5634184601715312
3788,0.17366321968159773,0.4378940823198987,-0.2324335166519676,0.6566490198928528,0.6378046873221893,0.4515317784874822
3789,0.22470229666139777,0.45636350005722737,-0.15195859635191206,0.6932244024061806,0.6451151733169137,0.5200744212094827
3790,0.16728560314943375,0.673742601713098,-0.33349545873071723,0.6749806492422888,0.7501838576389853,0.6210520447217345
3791,0.277611880948632,0.5707752321994095,-0.18345363534400494,0.7719325864290165,0.565395269268247,0.4459325394098366
3792,0.11007448165074689,0.4470412029122947,0.22075283388898545,0.5394572153428213,0.8371234468949266,0.4214531700756459
3793,-1.2041199826559248,1.2032700902169777,0.24999614401718148,-0.003937007874015743,0.9994057833067326,0.9964767156862744
3794,-0.1488251275063003,0.6256371986607994,0.4900502701863749,0.15121567138239023,0.9402362686908602,0.6564770268865963
3795,0.07367303104889969,0.5251498866260721,0.24771945352157193,0.3090891161177866,0.9352900013224065,0.42368480211685017
3796,-0.01240046997896005,0.45987334063865815,0.0626694246978055,0.24411547527030136,0.9271372106243837,0.44037049476729795
3797,0.15229707964067227,0.6203785070546619,0.35029299271403863,0.559913388643378,0.8653777283243406,0.5339923106025949
3798,0.14111578730087962,0.44051559310948446,-0.2089657131933516,0.6322817443682844,0.665936344997446,0.4365681241096649
3799,0.11578362904384105,0.5680965303067143,0.2811002201171912,0.46034823580575523,0.9102707565095551,0.4762013419081264
3800,-0.15393471009714332,0.7610220771735989,0.42494008011472684,0.2633231377975985,0.9080990026949877,0.7373028311887703
3801,0.23201727451814513,0.5585428755024663,0.0978150057633135,0.6599883594909473,0.8787704610526563,0.49668751874779526
3802,0.264394625068814,0.5890878818695712,-0.373067964017147,0.7900244088301851,0.5903353979361409,0.6284847063426262
3803,0.2120641189490434,0.6216990130107372,-0.21318186678105572,0.7141821148961415,0.7323990969581888,0.5682851231121413
3804,0.0764307091686032,0.6460459539380992,0.43470206364106295,0.2585383690264155,0.9254625381455304,0.6097286522633745
3805,-1.0536049848239342,1.0519018604779784,0.29728323715552174,-0.007905138339920943,0.9438529826002474,0.992925688976378
3806,-0.227674155545532,0.8261724389124314,0.31045701999259273,0.43659340485166914,0.8004412100730957,0.9494691245138595
3807,0.24232853031566426,0.572666841661502,-0.3493130666515469,0.7649960091634949,0.6359545780030493,0.5428517129649013
3808,-8.0,-8.0,0.0,0.0,-0.0,0.0
3809,0.2172529750627349,0.6106879660778091,-0.32362245528963346,0.7208921900210757,0.6888802344869399,0.6058032826728488
3810,0.14919852897155822,0.5519580609654587,0.30524889633103236,0.5004087449820879,0.894683695756195,0.477829230570195
3811,0.2557122699874899,0.5640216553527733,-0.2173673427903037,0.795544932344731,0.7292606188590293,0.5091264583178212
3812,0.196639293986665,0.6208929655547218,-0.3400355222873554,0.7133580060741838,0.7207043336300172,0.66235395620313
3813,-0.21073411552280238,0.4951192207550426,0.5244592118210323,0.046096109899297175,0.9569081259794758,0.6163887729809179
3814,-1.2041199826559248,1.2032700902169777,0.24999614401718148,-0.003937007874015727,0.9991303099354943,0.9964767156862746
3815,-0.6310559648168058,0.9306907830502538,0.38529979333848435,-0.042031523642732015,0.9724897412285853,0.9623909883720931
3816,0.17224026241070975,0.5410025743524624,-0.3213883269176174,0.6592366879601262,0.7220491916548387,0.6077994092109026
3817,0.20680815857325954,0.4219007106610706,-0.23667183727894417,0.717063939699227,0.6447504617839669,0.43889393633418333
3818,-0.07890998150147778,0.7946834820486017,0.4018428257833968,0.1799192165801581,0.957990353380358,0.6816651721165611
3819,0.07576788888974113,0.6633405948686277,0.26602067094374,0.32539020888074527,0.9254276187102796,0.4824737222270505
3820,0.008428787788592958,0.5256969700003428,0.1670825757309859,0.11774804904543018,0.943044684783694,0.44416191603438426
3821,-0.4670512632940062,1.0676992138975157,0.30502762901109626,0.5927655314072454,0.0075011285953519935,0.9883256479530643
3822,0.27603783940815646,0.580295613441948,-0.222221945152952,0.802447603181405,0.722130570161094,0.5451956906813801
3823,0.08108337560310551,0.5449367285128378,0.12537335068344227,0.44300485129668615,0.8392084933504039,0.4456751983286196
3824,0.11908188045560997,0.6177705119591486,0.39360788724661944,0.16351466032909914,0.9267950423548632,0.4944923229865388
3825,-8.0,-8.0,0.0,0.0,-0.0,0.0
3826,0.10174167134774613,0.5165346509149021,0.42026154243359093,0.2530026364612833,0.943689305353418,0.46586131375798234
3827,0.008768657963480513,0.48214352634987323,0.10960184631798131,0.16965021169226271,0.9019065359821483,0.468902960078342
3828,-0.019837254501800124,0.434149131177272,0.05609621421843387,0.17486595803409283,0.9456146063488794,0.42614842215823595
3829,0.0018505574589580255,0.465856282860839,0.14554120024124528,0.1004232341893809,0.9475801579663694,0.4398746862332164
3830,0.07000189039489882,0.6451827473235976,0.298219825213996,0.4976600706296037,0.8924722024361482,0.5219060080165284
3831,0.1317112606499698,0.46499944785395403,-0.11828023534546755,0.5306401879979135,0.7409484407522682,0.43535360854737665
3832,-0.34276664740918134,0.9250383892814014,0.27965533381037294,0.2203174166869021,0.8671641620858986,0.9761276385260848
3833,-1.0536049848239342,1.0519018604779784,0.2972832371555215,-0.007905138339920998,0.9986916444750744,0.992925688976378
3834,0.1676348997082901,0.6398728723615478,0.43293277214663906,0.1998431414519443,0.9677778339219282,0.5422932435440784
3835,0.2687199893523066,0.5320706878784645,-0.2245285963454088,0.7767097755152657,0.7509879347222636,0.5769712590029685
3836,0.0060724526726792195,0.5196863985747252,0.12749655866180534,0.21878300245884855,0.9322158431753207,0.4453205074737192
3837,-0.40651067828935294,0.7473106069371693,0.25622815430465995,0.3347491396246953,0.8912420161670356,0.8891661395244701
3838,-0.09146534179299334,0.5833312573126815,0.4589264963346668,0.12195257595758341,0.940595902757745,0.5080571868008948
3839,0.04224384274997949,0.5190491873526619,0.09502972044246898,0.23417538295685858,0.9172440598720724,0.46597646875099014
3840,0.26036633426153216,0.45794538229862874,-0.3225412422160607,0.7677193286484911,0.6421000428186818,0.5004576550533953
3841,0.15299681195137646,0.6228180435854699,0.021964140738227597,0.49889107159245855,0.943596255296212,0.5345723564208326
3842,-1.2041199826559248,1.2032700902169777,0.24999614401718148,-0.0039370078740157315,0.9993557541241181,0.9964767156862746
3843,0.23604335527425796,0.5258356616655339,0.14355199910608288,0.5173248514978067,0.9240832769261454,0.5381879518570925
3844,-8.0,-8.0,0.0,0.0,-0.0,0.0
3845,0.1235016467404837,0.40774689055770774,-0.05215236702960433,0.4094742780128568,0.8485219725951336,0.3787463607303471
3846,-0.9030899869919435,0.8996702747267908,0.353463251695732,-0.015936254980079705,0.9901864495268848,0.985739087301587
3847,0.10917070995717212,0.6588870607032585,0.3552009899910586,0.5188663538391279,0.892546529797968,0.5240237167904188
3848,0.18612139093130203,0.5228616392006747,-0.005661369403658754,0.6753388385065994,0.7507221135259378,0.5484764980956578
3849,0.009049084543934265,0.5120578054391725,0.23941726738551522,0.307751744663047,0.9013663153114514,0.4392284740208538
3850,-1.2041199826559248,1.2032700902169777,0.24999614401718148,-0.003937007874015724,0.9990585879233147,0.9964767156862746
3851,0.23267643585174588,0.5997164042041084,-0.22864292411960607,0.7783929661847953,0.7261751407652788,0.6226866827185432
3852,0.1944464203696134,0.5962919679100408,-0.3301107249751327,0.6829030519640529,0.750472524427129,0.680956169236247
3853,-0.03850317215042135,0.4852496274658981,0.06436997345051979,0.14388455838005154,0.9557746818288401,0.45594763815769285
3854,0.023254895541107552,0.4759071938261455,0.08560196907801206,0.1406012581795183,0.9573569046849619,0.4516579215418633
3855,0.25588642774773673,0.381552119864098,-0.27584525722120323,0.7953229851697458,0.6496836041744373,0.4293948683678406
3856,-0.14548433482804263,0.7607654624642398,0.43421831237170194,0.27873736611857014,0.9472901570693316,0.639383948005404
3857,0.06552237272433378,0.7735085548872214,0.3109040599193697,0.34666834329952795,0.9385509172171342,0.6051960836904478
3858,0.25020000556477157,0.58602401421036,-0.29703388474047643,0.6947296474344128,0.7179559943151006,0.5627123229900421
3859,-0.030585291624159138,0.6229503862811984,0.34958725117248884,0.47777801515163504,0.9187691118580241,0.5438766678289556
3860,0.12979387115455626,0.5266790487327613,0.12331760830562294,0.540347867096433,0.8751162071071944,0.4813732322806916
3861,0.19663546470815815,0.47243948650607137,-0.23942263579800688,0.6977087203913565,0.7051249798730543,0.5358220449783352
3862,0.2798751814808153,0.4021975088051541,-0.2927706871180753,0.7556323891496641,0.6887165101319782,0.4599894190802467
3863,0.07256734321685458,0.5082483512231846,0.18512866825493932,0.3371690842139514,0.9359968204801529,0.4413184198860881
3864,-8.0,-8.0,0.0,0.0,-0.0,0.0
3865,0.08420375638476559,0.49444342921366885,0.08053558287283775,0.38194196662041185,0.8954628858095689,0.4625223323131036
3866,-0.19734803917043064,0.6482622130483828,0.26450794319854803,0.058331650496883575,0.961529274254206,0.4773855987809004
3867,0.08917366967995267,0.7162050575298422,0.42622169121085385,0.36981279493125263,0.8947143668097742,0.5852773015757221
3868,0.07353667452747108,0.4751481756185083,0.036734788373557176,0.372163154675722,0.8924581353172979,0.4008486680728564
3869,-1.2041199826559248,1.2032700902169777,0.2499961440171815,-0.003937007874015748,0.9445237043117481,0.9964767156862744
3870,0.10456231321934886,0.5171136807496184,0.2152380636896443,0.3043075132200567,0.9099423185590192,0.5263208467816025
3871,-0.9655593552960936,0.9629996332280778,0.3289718301566361,-0.011904761904761942,0.9764909089697024,0.9893465909090912
3872,-0.3224059858744561,0.8010562195926347,0.4415331636913611,0.18802122820318423,0.9527849241815286,0.8117829106280194
3873,0.38537989998136574,0.5635512315429965,0.09232208889378106,0.5878340354352503,0.8545613791291445,0.479586202228897
3874,0.2666375725514862,0.5821424666451083,-0.4014477579574979,0.807535905395709,0.5816370074566651,0.6966506356635935
3875,0.27244045639542763,0.3923052913138839,-0.3286112415290031,0.8148767715985885,0.533167386773687,0.4003133445467098
3876,0.20694891644275343,0.5998831061577597,0.3345463295446058,0.5575415087032223,0.9300054635637649,0.513776597400994
3877,0.07292077948885463,0.4700943529762313,0.13631305399599813,0.354945920202585,0.8953590266033743,0.48304008380434416
3878,-1.0536049848239342,1.0519018604779784,0.2972832371555216,-0.007905138339920924,0.9271365186972286,0.992925688976378
3879,0.3018910493465083,0.5255778940801228,0.3224539458867551,0.6153535878645652,0.8747226261971836,0.44983782768976477
3880,0.26069335013728556,0.6406001411519066,-0.3843543493363884,0.7737697405342467,0.5839825743934264,0.726302213722911
3881,0.26362231841532063,0.5385490570867436,-0.27606720311747895,0.8271571141986545,0.5929849209967579,0.659593220874603
3882,0.3014061601133353,0.48532708367124827,-0.32994640120394586,0.8305604086204379,0.5013980887892759,0.5465322439727685
3883,0.1819292247886371,0.44480984710519245,0.21691496180483588,0.673536392575918,0.838075882830153,0.38861308299331543
3884,0.05419767120853919,0.5249611136421939,0.03550146737800836,0.36370114590208463,0.9271675834727167,0.4692115735498969
3885,0.3160089336961513,0.4951953627888819,0.3902299806753245,0.7939958005260743,0.814571156193828,0.4568651324402116
3886,0.0009393116175912929,0.5739907193144845,0.13805657247230538,0.4197758699813556,0.8854207387218019,0.6147814867463122
3887,-0.8546349804879153,0.8503518585725097,0.3736866341406291,-0.02000000000000003,0.9737668939473648,0.9821028386454185
3888,-0.051444297932612904,0.6592438875828294,0.4578945786898257,0.2973201063832889,0.9584176179122463,0.7016789270184803
3889,0.34380051816765295,0.6004871152447646,0.3068046890546272,0.6557138410317016,0.8396612873824184,0.4291235502794105
3890,0.21380325086556926,0.6648953297304736,-0.19062583110236778,0.6974868902787835,0.728804161345319,0.6037269482111987
3891,-0.7815709626487963,0.7755506535407398,0.4063159950721613,-0.02822580645161287,0.979843351093728,0.9747427208835343
3892,0.03825876198076289,0.5192286827940372,0.09870807892054566,0.2617709198768528,0.934828670409517,0.4223821527320249
3893,-8.0,-8.0,0.0,0.0,-0.0,0.0
3894,-0.6310559648168058,0.9306907830502538,0.3852997933384843,0.032399299474606014,0.9675864252285845,0.9623909883720931
3895,-0.004743082854504903,0.5274313705504567,0.2463400358686541,0.18263352884981757,0.9531332471914089,0.43497293312743873
3896,0.20079962923965375,0.4129436301184308,-0.2605588129711312,0.690775043072587,0.6032832600570978,0.47967923329296763
3897,0.05600337140073548,0.4404979464862826,0.20761518195701395,0.38946894961558165,0.9321445929251482,0.4190950408964412
3898,0.05354417672111512,0.4864315179844251,0.20422985847717853,0.16150430862706852,0.9511150990628723,0.4674516853772948
3899,-0.8546349804879153,0.8503518585725097,0.3736866341406291,-0.02,0.9360391516480452,0.9821028386454185
3900,0.052873902617109815,0.5692897741170754,0.21298852945721683,0.35994428051563976,0.9390677149103013,0.4086879433734893
3901,-0.7652014611771013,0.9589618857435148,0.17720740927110476,0.37641673569603384,0.9775517202116494,0.9984063973312425
3902,-0.041702309766618414,0.7545214785701627,0.3006337642409706,0.29840277009973554,0.9217138929967038,0.7331960057836227
3903,-1.0536049848239342,1.0519018604779784,0.2972832371555217,-0.007905138339920972,0.9993361433839453,0.992925688976378
3904,0.01058462516487988,0.5095221030376665,0.14238611155461467,0.1664039736390294,0.9239280534464407,0.4746040619079399
3905,-1.2041199826559248,1.2032700902169777,0.24999614401718148,-0.0039370078740157246,0.9992914510983018,0.9964767156862746
3906,-8.0,-8.0,0.0,0.0,-0.0,0.0
3907,0.29490825446370944,0.6810013030369958,0.40650146403555676,0.7456108385282301,0.6605387274244456,0.5807061362634267
3908,0.22826337370823346,0.47536769346303986,0.02240711629924722,0.700205425572907,0.7523888270450404,0.4941312231588699
3909,0.22459874389448797,0.5805387345258393,0.014030316884912249,0.761712833154294,0.700381865935756,0.5137427001755266
3910,0.309162367179892,0.6490982248149136,0.36919907772982197,0.7679076440795717,0.555723681066019,0.6058794077973141
3911,-1.2041199826559248,1.2032700902169777,0.24999614401718148,-0.003937007874015731,0.9990720545619032,0.9964767156862746
3912,0.21089919090327472,0.507649399816474,0.1641822749284588,0.6909551599343181,0.7597065863872761,0.41014602288870694
3913,-1.2041199826559248,1.2032700902169777,0.2499961440171815,-0.003937007874015731,0.999046635928278,0.9964767156862746
3914,0.14048681201932245,0.4954240415584111,0.24912807739626566,0.5366463088856626,0.7808050672156311,0.47452205000226266
3915,0.15158576588793485,0.6693872556374859,-0.33849196162864004,0.6304853014585378,0.7972059946372657,0.5814228341122529
3916,-0.5051499783199059,0.4828359856100533,0.5519447575088916,0.06869565217391324,0.9388947139814164,0.9027665043290043
3917,0.26080632753606275,0.5694803688321034,0.009553340096155407,0.7973496339110014,0.6547204460353963,0.462319119353791
3918,0.17579167546908264,0.510964714340449,0.10291138605025492,0.6326286623805912,0.7496537584970279,0.4516873586353612
3919,0.08234819789406975,0.5853686142385842,0.2961528269615528,0.342805212717056,0.9328143484331609,0.4464655341165074
3920,0.26330670972909387,0.4509822276400048,-0.37935582203807827,0.7912580138799845,0.5980793930370096,0.551135924923547
3921,0.05914055348950574,0.5556229685267846,0.29680817105178137,0.24274379728865636,0.9238859702546068,0.49848276869505465
3922,0.18306122823622353,0.5329774063446161,0.07558573415148168,0.6372821242018748,0.7985045338812551,0.4623354632476499
3923,0.202226986337175,0.6142931486837453,0.1978794201470822,0.5801743713466766,0.8849833716963409,0.4600110306615453
3924,0.0057028112828082424,0.43885305503447924,0.19039849196018727,0.2748046238072756,0.9510781452307971,0.41877674392256053
3925,0.12706152736595167,0.4472889579181605,-0.029469124765021823,0.5914214391639091,0.7813970062947453,0.3824759363934033
3926,0.13408086018077894,0.4987633333276132,-0.23145053307832075,0.5935375613791651,0.7024035616891113,0.4981068304905574
3927,0.09193699543020446,0.4716487359003811,0.23019281014112386,0.4504681561874963,0.8102804433095459,0.45867017251916886
3928,-0.03657675340937311,0.6343340610272983,0.3160939026532213,0.17964723671620403,0.967688283388109,0.4840952085858874
3929,-0.23377119030742446,0.6709474064466157,0.29073187908749665,0.07597130947859178,0.9356856803347968,0.6813834895526224
3930,-1.2041199826559248,1.2032700902169777,0.24999614401718148,-0.003937007874015739,0.9985545211197737,0.9964767156862744
3931,-0.7269987279362623,0.7192272219101704,0.43242211334710523,-0.0365853658536586,0.9609199396179382,0.9672634109311742
3932,-0.4119495329080445,0.7094180852345762,0.3591453949169576,0.24427572520220167,0.9207064408592823,0.7190310500677829
3933,0.16761578579541236,0.5053199237300455,0.08941343235997075,0.6089250312439622,0.8817468287761513,0.3889199191047988
3934,0.12332085617086143,0.4477376034016527,-0.12971235042290308,0.5268623526546129,0.9098205855347898,0.39814573644058954
3935,0.055516124459987666,0.5365906163324979,0.14223789228188272,0.5017102545712767,0.7836553758689631,0.45100331884760325
3936,0.010436116583919656,0.9403657124954404,0.2646175669619634,0.17700111211227018,0.9709531445157693,0.6013080204996074
3937,-1.2041199826559248,1.2032700902169777,0.24999614401718148,-0.0039370078740157445,0.992618927873336,0.9964767156862744
3938,0.13022958374093063,0.47416878598590856,-0.049903031880564316,0.542327429206278,0.9310903977237512,0.4357100432265297
3939,0.020777477705072406,0.46447445587073877,0.2899783344820419,0.3663492706791251,0.9470805383094182,0.4627159768118919
3940,-0.9655593552960936,0.9629996332280778,0.3289718301566361,-0.01190476190476193,0.9558567473305769,0.989346590909091
3941,-0.8546349804879153,0.8503518585725097,0.3736866341406291,0.38800000000000046,0.9423978471243459,0.9821028386454183
3942,-0.8546349804879153,0.8503518585725097,0.3736866341406291,-0.020000000000000042,0.9409000077405462,0.9821028386454185
3943,-0.18816564603372546,0.47452857009079125,0.253637303650558,0.30480654993857775,0.9235136003496632,0.5485237211592654
3944,-0.42596873227228116,0.7262603757095736,0.5195985687942464,0.07838983050847446,0.9737103772773502,0.7078667803970223
3945,0.10842904343808664,0.564033085855296,0.07120268662245398,0.4934081975083282,0.9202301163994524,0.5074099186689459
3946,0.16511238718429602,0.49450307621880146,-0.09958330058227531,0.5697265945306944,0.823164472837131,0.4785671951915317
3947,-1.0536049848239342,1.0519018604779784,0.2972832371555218,-0.007905138339920958,0.9992976786622376,0.9929256889763778
3948,-1.0536049848239342,1.0519018604779784,0.2972832371555216,-0.007905138339920988,0.9992853945236201,0.992925688976378
3949,-0.815044357464103,0.8098943791441969,0.3910417185252597,-0.02409638554216868,0.9226857230344555,0.9784374999999997
3950,-0.10070704463999994,0.5783399411660564,0.4872732315887552,0.12732349905860943,0.9355501763461394,0.6191855251491212
3951,0.16356315511421338,0.4948958526466591,0.04572685236568829,0.5152273230711862,0.8060806061208959,0.4640287718106879
3952,0.012475533945215812,0.5110163093190994,0.13056790200535298,0.11981896692605956,0.9639400538783208,0.45998003138071947
3953,0.007917481200531455,0.6977075448847242,0.3036571137891457,0.19561665139472714,0.9425542108604018,0.5854058776691524
3954,0.20209852173131157,0.47603000095378895,-0.08927778992080386,0.6995166619250051,0.6893276002682311,0.378548900636801
3955,0.07779092159497243,0.46317317287654125,0.15671718238822685,0.3687680967136315,0.9084378220082969,0.4749380721435652
3956,0.16254115556744977,0.48137208013670707,-0.26007626068699013,0.6319531651208634,0.6924263931395711,0.4675801692364344
3957,0.0603616433100137,0.6087466152357575,0.27405163474452005,0.3752124860001418,0.9128785792057856,0.536929481121954
3958,-0.1700270517828439,0.7860363583588791,0.4156214028326019,0.05065673889400143,0.9622349321807653,0.6254074870956999
3959,-0.2129843661361406,0.7053571483542332,0.4501057309028555,0.06719712096364487,0.9620564518618264,0.46646691812675756
3960,0.1133600817139375,0.6420510748146687,0.19513679745425896,0.46371522837334195,0.886934285803126,0.5630847669956784
3961,0.26118504940990955,0.6062814055499748,-0.1047649064803894,0.7928306964057017,0.725718300436963,0.423314503691089
3962,-1.2041199826559248,1.2032700902169777,0.2499961440171815,-0.003937007874015748,0.9993135093026639,0.9964767156862744
3963,-0.08410543358344266,0.5510413189764882,0.21649380970481405,0.21655224687259134,0.9670198759905564,0.5238595950284
3964,0.1943779669842557,0.5404919945069974,-0.3018442922142572,0.6361026505660151,0.7630223068299178,0.49096333844606205
3965,-0.18744395849236056,0.4793234567430726,0.35513051265970497,0.3213314563243022,0.9485623551125529,0.479094531496587
3966,-0.06145027892302899,0.7141447915099681,0.31774848121899757,0.20051090895951285,0.9529592939944213,0.6167175765157411
3967,0.27250409486851523,0.4663281928549562,0.13681432811096428,0.7562492874598341,0.703118437660256,0.44582616158104144
3968,0.1215088633888108,0.4421522013600028,-0.16946419714929747,0.5759092066544367,0.6782824909467957,0.5085773455094043
3969,-0.33628247485002616,0.6325483801899006,0.37234178258469003,0.44834672924457736,0.8976896180262411,0.5646671507524215
3970,0.0386744412708324,0.5346938405511131,0.11313616399188936,0.21975283533487008,0.9466388472596304,0.46713225574207035
3971,0.011497495381428833,0.4525356150251922,0.19848491293131482,0.04621376530824186,0.9627199109609816,0.4814798173771257
3972,-0.20425601567780777,0.7240852485076474,0.40207230629809493,0.2805554692555221,0.932334362503813,0.6325456698629912
3973,0.1537868769889203,0.55446576779048,0.25881063619508726,0.5732455064049127,0.8493583959059793,0.4233375647505483
3974,0.25607354208322824,0.5065715295283902,-0.1979877574520937,0.7083514836686163,0.8050812573242356,0.41334159718183755
3975,0.2900721450338802,0.34640531005905373,-0.2796799298772424,0.8002196225737837,0.7061535722489412,0.38398702209101987
3976,-0.41422818434751973,0.8934658244598022,0.38787788561546704,0.058940888871502416,0.9587755618101581,0.9212460867620754
3977,-0.29771215813238944,0.5949004185910798,0.3812270608669195,0.27306731203188345,0.9130631890902733,0.5999272929045657
3978,0.2579353807774028,0.3883609796423717,-0.07466735309695294,0.7533907817348767,0.7520093225515497,0.37261382516830216
3979,0.1858207737953763,0.5530373816382023,-0.026274570197347066,0.6700218253294297,0.7427791259964496,0.471485626167344
3980,0.18483273322146526,0.39264939375915264,-0.18062299110552613,0.6765721039802605,0.7618797245786133,0.40017818203936784
3981,-0.012405164080810561,0.6911293772617919,0.3419006577058363,0.3970361177331877,0.8198905340842562,0.5173848545561016
3982,0.2434675555421186,0.5047085145430488,-0.18462712520388247,0.7268712630136094,0.8110663363804318,0.47605320937523093
3983,0.2616120394898084,0.3786931277976214,-0.07893127262493481,0.752671929786498,0.6536571382736441,0.3762387250438582
3984,0.04202245985298979,0.5237265338746204,0.1282150346862656,0.279140005339731,0.9165833658434552,0.48670997401448196
3985,0.06738972307189081,0.5239077031888243,0.2331132069826514,0.44369045262804624,0.8364194863605221,0.3921957997939078
3986,-0.05964566338218486,0.6450879156534184,0.3312545715476292,0.21030073435150443,0.8772623446134722,0.4981423986086473
3987,0.17460785034094184,0.5770418102336524,0.24200753253763402,0.570774431945338,0.8325917196405325,0.4957771210259112
3988,0.25720877459702135,0.5478436939783391,-0.17606620446687962,0.7176286603292038,0.7102052671010333,0.4066247672922581
3989,0.13402783118594144,0.4030421749656425,-0.10580721282220898,0.5613170092660583,0.7681821114711186,0.43016752452807316
3990,0.0354731685029941,0.3980803130891675,0.07508352893469954,0.3086660879669935,0.900380833912802,0.4207292510079106
3991,-8.0,-8.0,0.0,0.0,-0.0,0.0
3992,-1.0536049848239342,1.0519018604779784,0.2972832371555215,-0.007905138339921,0.9953316256198441,0.992925688976378
3993,-0.6020599913279624,0.9016970392464679,0.40372261716414415,-0.05046343975283222,0.9742103809483056,0.9548477564102568
3994,-0.6160743531280841,0.6029628917595936,0.4900028616127288,0.07916666666666623,0.9626703617816248,0.9440806535269706
3995,-0.5764837301042718,0.8761372331451357,0.42039635510537754,-0.00023073373327186237,0.9628079107802993,0.9471507352941176
3996,-1.0536049848239342,1.0519018604779784,0.2972832371555218,-0.007905138339920957,0.9992346250828131,0.9929256889763778
3997,-0.46555935529609355,0.9458214591606064,0.3554424131493935,0.030562943329543794,0.9576651069331734,0.9271537162162163
3998,-8.0,-8.0,0.0,0.0,-0.0,0.0
3999,0.09766025206030195,0.3806785027492926,0.022615691815897836,0.581321565076204,0.8952516682729085,0.3696226889970967
4000,-0.3823936444128311,0.8617278360175928,0.4060754839208086,-0.025402118477834464,0.951650674969585,0.8914062500000002
4001,-0.2302477272314582,0.6837248967232457,0.4054034013699859,0.14356788252061975,0.9275526733865237,0.6259299731482877
4002,-0.25476478054733265,0.8550530980995167,0.3401838211201381,0.15874636018222182,0.956438520430795,0.6800532554293358
4003,0.022699994397582215,0.5710782187990557,0.26846692914154896,0.39894269287441053,0.9396560283231019,0.4702048448152323
4004,-0.16613010139169143,0.574427624436756,0.24725993756681128,0.2699465601447358,0.9429490277202272,0.638054678691211
4005,-0.9655593552960936,0.9629996332280778,0.3289718301566362,-0.011904761904761946,0.9986616396840401,0.9893465909090913
4006,-8.0,-8.0,0.0,0.0,-0.0,0.0
4007,-0.04447818464335183,0.6159619765940685,0.28304103566607697,0.26549250085866866,0.9436849886557672,0.4427410418435523
4008,-0.4363226479632399,0.9294338073691457,0.2583040392039021,0.5144661390218462,0.9190829498542603,0.9986779798515493
4009,-0.17360586230627545,0.6478407247320911,0.4317184372401211,0.21924050034182016,0.9494247118614315,0.6011286384047159
4010,-8.0,-8.0,0.0,0.0,-0.0,0.0
4011,0.14484148766587196,0.4701409872950677,-0.28617460651681004,0.5987980054812956,0.698148386384522,0.4776406430939144
4012,-0.6020599913279624,0.9005615363782236,0.37315035165494265,-0.03658536585365845,0.9545765689451445,0.9672634109311742
4013,0.15688797506978844,0.4697590091752775,0.0797491504830644,0.5899577094610984,0.8548660590090462,0.3811551282812967
4014,-0.815044357464103,0.8098943791441969,0.3910417185252598,-0.02409638554216864,0.9632821326494517,0.9784374999999997
4015,0.290629861936352,0.4667286634351056,-0.12852159982937794,0.7860730209128166,0.6951304092993515,0.3745323825116408
4016,-0.5111087633501811,0.762614713615557,0.22462505510048006,0.26833309736112754,0.8916925337991303,0.8291911626156058
4017,0.1877523260650813,0.4944858647670674,-0.060642220776468726,0.6388580411816973,0.8174946548960855,0.4628285206450017
4018,-1.2041199826559248,1.2032700902169777,0.2499961440171815,-0.003937007874015727,0.999007189994274,0.9964767156862746
4019,-0.7269987279362623,0.7192272219101704,0.43242211334710534,-0.03658536585365852,0.9532668349593436,0.967263410931174
4020,0.2555501096256633,0.5343136124092802,0.026736692577181684,0.7255509814983233,0.7912881185665882,0.413489046036064
4021,0.17521082498718296,0.5385004111248178,-0.22543659438225638,0.6315388614083516,0.6800708976012221,0.4915807762095368
4022,-0.052486843208291264,0.5177039527820216,0.20473524033592483,0.24905986843945296,0.9533721316802696,0.4611748791058265
4023,-0.11228300442477304,0.5867663456806596,0.2666528708093991,0.40654805859317644,0.816510039470319,0.480726368078193
4024,-0.8546349804879153,1.1546450070597547,0.26848783733077985,-0.007109004739336502,0.9738089785952793,0.9936381294256491
4025,0.12093084774087066,0.42622323030454157,-0.24525945828003778,0.5756890222925951,0.6985260902210727,0.4733086310222369
4026,-0.6471483065025064,0.6358314606457377,0.4732942547866938,0.02733630006357286,0.9655146575715793,0.9519354423868314
4027,-8.0,-8.0,0.0,0.0,-0.0,0.0
4028,-0.002583105367070447,0.5201709646998512,0.22563856494058296,0.23306874395212743,0.9611324688257314,0.4531427406252044
4029,0.2834676383950865,0.385315688044086,-0.35674508645662434,0.7912710793539931,0.5964663085314396,0.4379652240187526
4030,-0.7525749891599529,0.7456808469171364,0.4200001228627711,0.09665991902834013,0.9456538521526399,0.9710181451612903
4031,-0.11915005561675814,0.75617505867165,0.29893632001509174,0.16844517091250555,0.9251375925787227,0.5232890756807478
4032,0.19962531053632115,0.4392721693470704,-0.09389169037227967,0.6462524874833335,0.7547967468706984,0.4109517124526661
4033,0.10600139268428305,0.5122188363035385,0.22947248822169036,0.4415275034727487,0.9074911521454957,0.44113157990838964
4034,0.0011304444555463402,0.47656524872321593,0.2150950235061032,0.3013883580719928,0.9580090573761464,0.43981445959903437
4035,0.11066308096579391,0.6613975164062661,0.3115158925865108,0.513011476364481,0.8644203931510175,0.532792979770214
4036,-0.23187864658084045,0.7147864282705533,0.47574676733357235,0.19374182293938086,0.9456797377211958,0.6128472222222223
4037,0.24395067083038488,0.5479404006137479,-0.12187287032937963,0.7400638129761136,0.7653949946497413,0.4334195340093257
4038,-0.1295568209045486,0.6450858101754046,0.2822451985521879,0.24069065508425228,0.9193470525356314,0.5738381820767932
4039,-8.0,-8.0,0.0,0.0,-0.0,0.0
4040,0.2556964777031357,0.40379234000779207,-0.262836915505323,0.7451307223845368,0.6980066917712735,0.455793220870625
4041,0.17463563876468471,0.58403150212018,0.1362573203580344,0.6921126884456481,0.8385989660854931,0.5056240754992749
4042,-0.10801478089686016,0.7386405410881764,0.31753299581921324,0.3061917727066636,0.8943920208569478,0.6836625941384039
4043,-0.14802596389299075,0.6669047926592262,0.2961431717328677,0.32685843461668396,0.9325397556644535,0.5919194393175845
4044,0.1961753400485848,0.5223730446909198,0.1300360868252314,0.6720874385081343,0.6806062763172563,0.4826896482459396
4045,0.04961110225479545,0.4695491934845754,-0.12828297340436962,0.3720650205978262,0.8383269345636353,0.41139229751085127
4046,0.014687447475609246,0.6387681073738157,0.3186905896554828,0.10838657447414601,0.9561313299558877,0.5250493037697346
4047,-0.05276373901529748,0.5954110336234537,0.22957617086181573,0.3288545311091708,0.9349863656549459,0.5366145071788869
4048,-8.0,-8.0,0.0,0.0,-0.0,0.0
4049,-8.0,-8.0,0.0,0.0,-0.0,0.0
4050,-0.6310559648168058,0.6188436651510967,0.481895687437192,0.09306461173681095,0.9515622384753574,0.948024276859504
4051,-0.2525877849656279,0.7267461644044482,0.3742721894659963,0.10724954845314416,0.9616904894459204,0.6314560625100718
4052,0.1442636290276679,0.5524895698885686,-0.08851535014398271,0.6037589215808129,0.8253415303976899,0.45556797818275074
4053,0.15701626228364332,0.5638624006388762,-0.3189708947951927,0.6219281263286787,0.733657267080938,0.5224228635970469
4054,0.20109645680096247,0.5230722175103015,-0.23017464014800768,0.7055434137633361,0.6591339010745594,0.5055320565542525
4055,0.05515902757341291,0.7284492982884628,0.2910423029256668,0.03710103298815506,0.9453405269389883,0.5448260395540092
4056,-0.6834236400768122,0.6738866996031537,0.45434144551508354,0.04992548435171386,0.9557270089940605,0.9596619897959189
4057,-0.22944539668064812,0.7006884475768415,0.29591162088040246,0.18381952872895818,0.9624964837371242,0.4494223655664303
4058,-0.002059094659731609,0.743522868275923,0.2955483314939712,0.29124714210161223,0.9624012439152517,0.5380854567492989
4059,-0.05035035990465475,0.46710694142318926,0.05204932171301729,0.30297807467474613,0.9437916336153274,0.4785602011666723
4060,-1.2041199826559248,1.2032700902169777,0.2499961440171815,-0.003937007874015728,0.9990144774855492,0.9964767156862746
4061,-0.9655593552960936,0.9629996332280778,0.3289718301566362,-0.011904761904761934,0.99660000994865,0.9893465909090912
4062,-0.815044357464103,0.8098943791441969,0.3910417185252597,-0.02409638554216871,0.9655667565422512,0.9784375
4063,-0.22212972223912328,0.5096557170756446,0.1588655211018871,0.42638514077831213,0.9078394624952321,0.474931169406039
4064,0.05294722867660638,0.44499707850437015,0.17702912184092728,0.45438210949727914,0.8716120695664602,0.42313706922242683
4065,0.1840530103649637,0.4395581725557438,0.09643389887281688,0.6517460006173179,0.720703848892367,0.4183666811281641
4066,-0.7269987279362623,0.7192272219101704,0.43242211334710534,-0.03658536585365858,0.9467360364825872,0.967263410931174
4067,-8.0,-8.0,0.0,0.0,-0.0,0.0
4068,-1.0536049848239342,1.0519018604779784,0.29728323715552174,-0.007905138339920943,0.9297745692278777,0.9929256889763778
4069,0.18290944639982898,0.5596487174250061,0.09509341048035583,0.65559771177499,0.6500167056979702,0.47606636769287214
4070,0.0032462225147880347,0.6354768417832425,0.24817283151060313,0.03926952129288117,0.9632615535360006,0.47791806266055675
4071,0.21788895808364528,0.37538565492617404,-0.053500554360089464,0.6987232860403276,0.8054164950626269,0.408906606698939
4072,0.12367453448914625,0.5830297894158554,-0.32455590988946853,0.5606880720785348,0.7233923236329772,0.5950351396476913
4073,0.09351671854405179,0.5381122941170823,-0.07295752492644306,0.45988913537552795,0.8678969936396227,0.49421678216930787
4074,0.07110807876410118,0.37661884826548914,0.04411480369766896,0.46818122528236555,0.815375387954555,0.3870782409853287
4075,-0.14681548677255177,0.5297594809265191,0.3472710257528858,0.20277566743106182,0.9612571591877449,0.5405048397976061
4076,-0.26952504325126736,0.5630777803792506,0.2966030258188028,0.2691036644808338,0.9595946295149014,0.49754042829034567
4077,-0.016370414798371934,0.5021516272697105,0.3165106725307621,0.28410946498339534,0.9585566430070814,0.4762237714570675
4078,0.029078414168498413,0.49561080392567464,0.274975942052443,0.31290294722683376,0.9336382259891595,0.4584265726324063
4079,0.1998454558738619,0.5488358560649541,-0.009043810323924333,0.6382134667499016,0.723064648408984,0.4628615672457993
4080,-0.19069555999336754,0.5811071360354694,0.40919554426204474,0.12167868332706451,0.9601573076072683,0.5632410941990379
4081,-0.15607513607902607,0.700545671675527,0.37017592829382395,0.1297864898632439,0.9719560780304802,0.5980661992355465
4082,-0.2397940721709471,0.5757165903085835,0.34900474394306225,0.0002714351630068742,0.9664143728432333,0.508618212666778
4083,-0.027778590655348722,0.5319966417586546,0.20473792578808633,0.08817310772360108,0.9721270996627608,0.45618052180589064
4084,-0.9655593552960936,0.9629996332280778,0.3289718301566362,-0.011904761904761972,0.9993318925958868,0.9893465909090914
4085,0.1074118784590473,0.47274252295591934,0.053163236506029644,0.40871850369471513,0.8370316633532054,0.4031591567343892
4086,-0.028826550763680087,0.8971901888701977,0.28443144441220125,0.24111961728531553,0.9394715345051284,0.6224716353695416
4087,0.11488002671839437,0.5445038593056637,-0.1432275223806998,0.5349101042829284,0.737000125344567,0.4973943240412418
4088,-0.25194998447610534,0.8942441702991119,0.2970132294180013,0.13406751704510397,0.8729442723343789,0.7572574711047684
4089,0.14008962881361595,0.38364966268856227,-0.13522098517308692,0.4895454263208844,0.8706381588235711,0.4179604476438061
4090,-0.01697349063164969,0.531227394750913,0.13125610322830567,0.09387364415055707,0.9492959321563254,0.451127909215326
4091,-0.02098133400705886,0.7119327314412367,0.27348596747017345,0.512646308859565,0.8376245241195385,0.6330725144368279
4092,-0.13615878389570987,0.603706094232147,0.31388032258067966,0.44910394922127533,0.864600932737233,0.5293300491469055
4093,0.1919875358160456,0.43584463757297914,-0.22068503323164032,0.6636607054806115,0.6271643796327241,0.5182782012860716
4094,-0.27245855259569685,0.7538944674456155,0.43043647216215164,0.16521705796503053,0.9079129785822013,0.6615837938472198
4095,-0.21525818001150093,0.8235839005320071,0.42063357182397315,0.35569221967963355,0.9018451949931443,0.7536413346542643
4096,0.17076748845206705,0.5867968845816054,-0.2887713283002557,0.713290037773994,0.6553540109795106,0.5692988152684298
4097,0.15874838188959373,0.5096217583573904,-0.24971617724181658,0.5709691602930065,0.6938729719272039,0.5235775792394503
4098,0.21268120264100338,0.40321590407113483,0.025716794169669873,0.7273901838535339,0.5317078253024848,0.4530778110713543
4099,-0.22942497933346842,0.8384412964358794,0.4080863037765646,0.36476868327402157,0.9322414403238196,0.7442292910825447
4100,0.09041020785429986,0.6057094155966343,0.08606985207720708,0.42808186031962087,0.7509439332735526,0.4588861236260361
4101,0.07774143344137031,0.6084933759116354,0.2286423023738488,0.6141974497518291,0.7243419699306517,0.5107281849012946
4102,0.1610074188400594,0.46234605631076203,-0.09270033766469599,0.6459568421766009,0.8373442518700069,0.4005348795436515
4103,0.10366425358144855,0.4816821498282644,0.18830674411966625,0.3303081408023156,0.8104865751577696,0.45175425742284236
4104,-0.35033489460695655,0.8285932474612584,0.3959750842915607,0.22547132982745863,0.9169725593660015,0.8598101650325417
4105,-0.02988466614629665,0.623897131524104,0.38508528351249643,0.5423795357736195,0.7833145752503938,0.6341856624568631
4106,0.1364774330140365,0.6971207318627263,0.13149297303310212,0.5326516021643039,0.8406849143516776,0.46702020094468893
4107,0.15950437532137932,0.646397337701137,0.2211808086660838,0.4998942344130676,0.8514574785698409,0.499747471089428
4108,0.2069227047348913,0.546837218201764,-0.3229153527387587,0.7144349440268172,0.5909706502062823,0.5564916448721503
4109,0.09183015533765643,0.5139611361595476,0.21711850764357996,0.38785793470086194,0.9588482872827688,0.4144205513796866
4110,0.10531556634092268,0.6296930412871772,0.2365820810851773,0.4663838271987803,0.8117317475808206,0.46974475142610717
4111,0.19463001735019914,0.4606718864308487,-0.23725252220679327,0.6627340144468059,0.6516716144688266,0.5178976573866061
4112,0.11348070408583762,0.3910488253692554,0.06550359570827613,0.6076949966675392,0.8522844886265796,0.3760356035306807
4113,0.21788814285057378,0.4882068497365273,-0.11563672934852026,0.6669737577477964,0.6877165916655035,0.45658093143203965
4114,-0.04804779635692875,0.6069731702624063,0.16330438591676627,0.26977162011217865,0.8790229524182857,0.4927514938736883
4115,-8.0,-8.0,0.0,0.0,-0.0,0.0
4116,-8.0,-8.0,0.0,0.0,-0.0,0.0
4117,-8.0,-8.0,0.0,0.0,-0.0,0.0
4118,-8.0,-8.0,0.0,0.0,-0.0,0.0
4119,-0.1504479333146653,0.5981135683380621,0.31309911447509403,0.12971460976293625,0.9517382888351847,0.521858552147253
4120,-0.7269987279362623,0.7192272219101704,0.43242211334710523,-0.034423118986609554,0.9507979209597873,0.9672634109311741
4121,-1.2041199826559248,1.2032700902169777,0.24999614401718148,-0.003937007874015707,0.9445237043117484,0.9964767156862747
4122,-0.2595283521122014,0.7718731814886166,0.3304990688463335,0.08748617001677116,0.9499555058825749,0.6748835978772314
4123,0.04795899411094604,0.45115076954166705,0.005196084770936009,0.3481186815293796,0.8237149258385584,0.4329583042708554
4124,0.03597811276133218,0.45000018245797135,0.0868222319332395,0.26455301998705655,0.9109253768722706,0.36298951330009493
4125,-1.2041199826559248,1.2032700902169777,0.24999614401718148,-0.0039370078740157315,0.9991033734792842,0.9964767156862746
4126,0.08142538620562913,0.6219584345320694,0.10682480650193539,0.4795091493462218,0.79407452904325,0.42193938861012775
4127,0.03651254607256391,0.4522576327917974,0.15310679450047476,0.35196682897058357,0.883326810747031,0.42312203257782877
4128,0.008999261906209437,0.41365309991573473,0.14917593490052386,0.3109538083512886,0.9309625885113698,0.3879037129157437
4129,-1.2041199826559248,1.2032700902169777,0.24999614401718148,-0.003937007874015742,0.9994098487263104,0.9964767156862744
4130,-8.0,-8.0,0.0,0.0,-0.0,0.0
4131,-8.0,-8.0,0.0,0.0,-0.0,0.0
4132,0.017712545219026054,0.5701739314591269,0.26219137126338404,0.5056037086948513,0.7874669598089348,0.4334899435043725
4133,-0.4161455224496552,0.7119872912947313,0.20839249734420445,0.2541972427754529,0.9127811432933507,0.8517323922289838
4134,-8.0,-8.0,0.0,0.0,-0.0,0.0
4135,-0.008739578362152306,0.4653123969774062,0.10608622106222157,0.11670330827169194,0.9461591165752735,0.4296347399773226
4136,-0.004410108720606522,0.5972146504690284,0.2744311571502131,0.20318421367323233,0.9348305079749802,0.4871906780540307
4137,-1.2041199826559248,1.2032700902169777,0.2499961440171815,-0.003937007874015748,0.9992694624545881,0.9964767156862744
4138,0.06435509785663966,0.47554275579177246,0.25697990113037233,0.2628114604650712,0.9322685613829904,0.45389658193681354
4139,-0.04080560426823245,0.47389294951975375,0.18346851335117925,0.1096455503542636,0.952934443968915,0.4227480439248136
4140,-0.14339836094225364,0.5420860497992047,0.32118538181641165,0.005605960421684473,0.9672305375719475,0.46120518986929787
4141,-0.9655593552960936,0.9629996332280778,0.3289718301566365,0.32539682539682496,0.1546854515524367,0.9893465909090918
4142,-8.0,-8.0,0.0,0.0,-0.0,0.0
4143,-8.0,-8.0,0.0,0.0,-0.0,0.0
4144,-0.12493873660829995,0.608311876951499,0.46776158828494097,0.12348462448255486,0.9297708329299265,0.5690171038151136
4145,0.07582707378460359,0.5580278878055095,0.15756917812626914,0.3581771343397312,0.8903321542399457,0.4115837874427831
4146,-0.19402505122838395,0.521786258945844,0.2774396538273833,0.13385997028478677,0.9569699892062294,0.5005570830262184
4147,-0.6310559648168058,0.6188436651510967,0.4818956874371921,0.01748666271487829,0.9635991730050619,0.9480242768595044
4148,-0.3044497079291339,0.5981001803765317,0.5015549752005551,0.13334051901043437,0.9478439537419043,0.6109384240777704
4149,0.022404668513177437,0.528742517197123,0.0667815274176226,0.3401938846294,0.9570309166148094,0.41149039533966936
4150,0.09660783713781106,0.46151550314753803,0.1617108479087099,0.4491713198368683,0.829730842945506,0.39693404729544524
4151,-0.029984170910981548,0.5558926063210718,0.2625198141595673,0.20752404961833643,0.9398725846652446,0.4022802958978013
4152,-0.014418920226974741,0.7304163994191357,0.2906399503378162,0.14375752756202204,0.9545022469488303,0.5345175246166135
4153,0.05011257768598467,0.4619299654659205,0.171637420049661,0.3808708144504701,0.9175383385555616,0.38471958513556703
4154,-0.6834236400768122,0.9830893197212026,0.3536339957922793,0.2511013215859035,0.9385399115967361,0.9733917961608776
4155,0.03516326514099689,0.5783244477025352,0.4691180118526684,0.37149713237454884,0.9546467561599841,0.5218275051519835
4156,-0.013535222133272143,0.49001489389694003,0.17283892989695396,0.22100008121932685,0.8794675839699048,0.4220235176488258
4157,-8.0,-8.0,0.0,0.0,-0.0,0.0
4158,0.00927048727696483,0.57128760123826,0.25822561040937914,0.2728835825943443,0.8882404747041003,0.4374840434236329
4159,-0.7041199826559248,1.0038082459403321,0.3417726854065419,0.38455349959774887,0.937400470329606,0.976963141025641
4160,-8.0,-8.0,0.0,0.0,-0.0,0.0
4161,-0.016571347691610432,0.571987704180446,0.2880175771431352,0.19636893701430078,0.9408207747422132,0.4922419909899415
4162,-0.7269987279362623,1.0267181050116716,0.3291317133489501,-0.021816562778272288,0.9531615401680859,0.9804774113082039
4163,-8.0,-8.0,0.0,0.0,-0.0,0.0
4164,-8.0,-8.0,0.0,0.0,-0.0,0.0
4165,0.06901011703772557,0.5040571673529927,0.18003396336696856,0.27625917904193903,0.9332532293363546,0.39789853405378794
4166,0.05422160752467549,0.4678212947806174,0.2665688147516614,0.37560380945687033,0.8125707175565399,0.4371512374188466
4167,0.04959328321247283,0.4531292614621998,0.2632728802082869,0.31217689144809124,0.8501950435535921,0.4486427881515138
4168,0.013975964926892466,0.5777870604563534,0.2429137269640643,0.2219875628410485,0.9288824819588444,0.4570854615392857
4169,-3.064657924844056e-05,0.4805385363648645,0.12333173550100096,0.22981259762228595,0.9443317713191988,0.4082772996928179
4170,0.040508976106035106,0.7019475897286023,0.19266697849634265,0.3929087827649843,0.8789853969992333,0.4654919923028671
4171,0.10630024733533514,0.5231137001044166,0.15803242649021157,0.4015329248211286,0.873687005799135,0.4073990384105798
4172,-1.0536049848239342,1.0519018604779784,0.2972832371555217,-0.007905138339920972,0.9991933896417458,0.992925688976378
4173,-0.15242013903545393,0.6258773250992953,0.3241211210668368,0.23250087488219764,0.9330333630165465,0.4624533963071766
4174,-0.112502026325555,0.5072838242041572,0.3339683955345371,0.12666309949777607,0.9655509499866699,0.44840458186270404
4175,-8.0,-8.0,0.0,0.0,-0.0,0.0
4176,-0.18145849326259608,0.7886106014066961,0.4100397102650708,0.08838757396449698,0.9418266414262612,0.7477850682087781
4177,-0.18540673368561295,0.46862859649618804,0.5227333195636567,0.11001533869186382,0.9467847829806214,0.5692587158980753
4178,0.018860455824072267,0.49150162657767155,0.2025460583155622,0.3386557972352403,0.9328710110189706,0.42266798174116504
4179,-1.2041199826559248,1.2032700902169777,0.2499961440171815,-0.003937007874015727,0.9990080005828403,0.9964767156862746
4180,0.16339976825528854,0.49070174580278875,0.051488365925517345,0.5720910547580028,0.8508948023213837,0.3859528448975378
4181,0.007502954312479137,0.8022404854802013,0.386702071744892,0.21260413644464707,0.9001953137807323,0.6335721895030813
4182,-0.7525749891599529,0.7456808469171364,0.42000012286277116,0.0966599190283404,0.9608131927820104,0.9710181451612905
4183,0.016737933512622236,0.4882783463776555,0.12399867252089665,0.244822806057322,0.9225085954479768,0.4115702730832723
4184,-0.08984830392615985,0.5696640695869504,0.31660961588426434,0.13077506466340116,0.9641444421354215,0.4370348744315738
4185,0.18545441789386605,0.38329674499593747,0.17335441571735882,0.6084864639231066,0.7314356269440155,0.3770402312877778
4186,0.05747477489053012,0.4860338246375369,0.23433541890784873,0.3756298526569925,0.9172306343489989,0.4354154925698394
4187,-0.04889332324698499,0.5518586085296588,0.21757297421395297,0.013154983506865805,0.9447326399384482,0.4659464974546424
4188,-0.04976728487596814,0.7179660497486687,0.31192868164506854,-0.010807829029954773,0.9495418746614056,0.4875330721368397
4189,-0.23573331799405356,0.5275125886031975,0.16884101566324858,0.16920565149328215,0.9651681227300226,0.5317225142617621
4190,-0.15393471009714332,0.636033812503666,0.5048412385326175,0.1996600976785228,0.8977085220930462,0.5941736222847949
4191,0.006773315181604598,0.546367640633133,0.222418396514833,0.23876067968440823,0.9574476668181422,0.4340942513160583
4192,0.08361742334906212,1.0857118215846793,0.25471010847439923,-0.049762233526119165,0.9839321267911311,0.7701563550245518
4193,-0.19292871048441118,0.6131780110649229,0.29553173075025063,0.03776799410632996,0.9488264001437854,0.5626760329295013
4194,0.3165368365532386,0.5096880482377889,0.24679244962458635,0.6577469945152065,0.8621414815577941,0.4113435525189774
4195,0.053153893674218244,0.5536944479759001,0.4729068675655238,0.2100371747211893,0.8639129458722777,0.6061440256456334
4196,-0.8546349804879153,0.8503518585725097,0.3736866341406291,0.1840000000000004,0.9182698385131889,0.9821028386454183
4197,-0.2019592957646035,0.8220177757798485,0.3944279462878249,0.08866150984039961,0.9739632217477991,0.5738406275880548
4198,-0.392609323337689,0.8662197028872469,0.274975626275238,0.3113469169274436,0.9337020264947408,0.9822719471243104
4199,-8.0,-8.0,0.0,0.0,-0.0,0.0
4200,-8.0,-8.0,0.0,0.0,-0.0,0.0
4201,-0.08229720162515942,0.5327229324419244,0.31228511248118374,0.2048862693797843,0.9548012087421853,0.42961666196693404
4202,0.006791599982477865,0.45491768041008057,0.11638655921430231,0.15642844730512273,0.9521128615371626,0.4354073668918743
4203,0.11028600520293017,0.4647430922003677,0.1364237497916569,0.39369597865495415,0.7699819205357077,0.44214426514246824
4204,0.02636199557393189,0.5426204301012825,0.17951821664324885,0.24730318713635938,0.9489971982157953,0.3890243657425394
4205,-8.0,-8.0,0.0,0.0,-0.0,0.0
4206,-0.4966333086705158,0.7964680323663431,0.47385115248762505,-0.010901883052527225,0.9642104059710138,0.9148848684210529
4207,-0.16405314071879665,0.45380130558682635,0.10281846942328546,0.4745604629079196,0.9377298120908938,0.5906934522591807
4208,-8.0,-8.0,0.0,0.0,-0.0,0.0
4209,-8.0,-8.0,0.0,0.0,-0.0,0.0
4210,-0.43208596048078696,0.7291958600488044,0.46102822312409825,-0.009401286491835562,0.9338321976232589,0.9069360835694052
4211,0.028443087524418823,0.5579598718635154,0.24070109428710346,0.4536441934071308,0.8061667642308966,0.5102638773767404
4212,-0.5888955219667878,0.8885391542946242,0.4122608843194758,-0.05474452554744534,0.9733160632375754,0.9510180669978192
4213,-0.35942907843054855,0.6540899937148918,0.2187862390119156,0.1470910694374597,0.9133139005561411,0.6782262642681076
4214,-1.2041199826559248,1.2032700902169777,0.2499961440171815,-0.003937007874015728,0.999161203642193,0.9964767156862746
4215,-0.1756675569876885,0.65542394006614,0.48444777624383334,0.0038207263673047448,0.9706135436988224,0.6316910885167464
4216,0.07062216745866834,0.528879361130665,0.37851887203850176,0.398966752980102,0.86203348536929,0.5397165423583412
4217,-0.01952487343431132,0.4660182224390082,0.06108691641485012,0.27071435277678113,0.9273114918103976,0.45485099922002253
4218,0.004279395377745542,0.41572860473847867,0.10097460714506581,0.3435861785149865,0.9131845691470007,0.3945974170189782
4219,-0.2234840662402794,0.6282948779649539,0.25843758576069703,0.15731117459664762,0.9649534395778459,0.45228755410965127
4220,0.07276100473817625,0.5134775331822126,0.27414123608348007,0.44427038051964696,0.7764781557770449,0.44210513801670104
4221,-0.056886869575128333,0.6874225131476758,0.41801537298947533,0.08747692003947513,0.9579241048718102,0.5621645279068391
4222,0.019249615399431045,0.485784734787336,0.10713516587661603,0.320307135691324,0.9456932950821211,0.4626869416216557
4223,-0.2729524103212469,0.7241176083647967,0.21244315532619826,0.16213158015053447,0.9442162005533046,0.6364846347551955
4224,0.05035483704217678,0.5883432574282925,0.2545196952013881,0.2910429226147664,0.9511421926462363,0.4308478811296492
4225,0.1366580543910325,0.4215168634331403,-0.019240829785403327,0.5553868467226297,0.849706204500921,0.42655365322488575
4226,0.10267950791227964,0.6914109386670401,0.13220206393667425,0.3360335802364896,0.8748662903661182,0.48652727750683533
4227,-0.05684180458334916,0.6213368297692254,0.3321830201209661,0.09910795716839768,0.9391251307482568,0.49992521883456764
4228,-0.6310559648168058,0.6188436651510967,0.481895687437192,0.31979845880260793,0.8799425024854051,0.9480242768595042
4229,0.4422382856598311,0.4964941623181,0.18247324396967635,0.7135652603215424,0.6907964097608655,0.4156599308514566
4230,-8.0,-8.0,0.0,0.0,-0.0,0.0
4231,-1.2041199826559248,1.2032700902169777,0.24999614401718148,-0.003937007874015707,0.9993135093026637,0.9964767156862747
4232,-0.03057093239384596,0.5489507409028458,0.35205404948523616,0.3624905675545757,0.9193957439030805,0.5065587280496646
4233,-0.1971490829379091,0.620102644223808,0.2513059559271139,0.2418031583212202,0.9356632828060628,0.6165269169890027
4234,0.02023317729661519,0.5920990719612069,0.4556516871825213,0.42700492438802595,0.8598938655518233,0.6230187386989092
4235,-0.9655593552960936,0.9629996332280778,0.3289718301566361,-0.011904761904761942,0.9771265051207639,0.9893465909090912
4236,-0.7525749891599529,0.7456808469171364,0.4200001228627711,0.09665991902834019,0.9710514640149459,0.9710181451612905
4237,-8.0,-8.0,0.0,0.0,-0.0,0.0
4238,0.18313850020835,0.62213224837588,0.448205825984361,0.39956674620117993,0.7684686977359069,0.5955493345103016
4239,-1.2041199826559248,1.2032700902169777,0.24999614401718148,-0.003937007874015734,0.9994057833067326,0.9964767156862746
4240,-0.815044357464103,0.8098943791441969,0.3910417185252598,-0.024096385542168485,0.9638243324160141,0.9784374999999997
4241,-0.21236053173529942,0.6734731071200661,0.30730836419378754,0.19011932527161976,0.9581884122862763,0.6175803630021482
4242,-0.9655593552960936,0.9629996332280778,0.3289718301566363,-0.011904761904761961,0.9561127774171538,0.9893465909090915
4243,0.10646815823159281,0.7694368430368839,0.40775083959745906,0.461031104320101,0.816969611004066,0.616243245844618
4244,-0.09913515514441948,0.5023988187197655,0.26278394869319677,-0.09201653917601654,0.9634115560334832,0.4239383930474123
4245,-8.0,-8.0,0.0,0.0,-0.0,0.0
4246,-0.01683159235073448,0.6431765925961547,0.19952388453318312,0.32727785764535816,0.9278997799011518,0.4949982071160124
4247,0.1112229213680102,0.41831728194559004,0.13705742763279372,0.5294753370836263,0.7816506358491041,0.4114100042889475
4248,-0.05232641503820087,0.7317410771233498,0.24258309796652888,0.06332395920975248,0.9653843945375747,0.4847007537944622
4249,0.08704615313815987,0.5405919161989529,0.189008136472036,0.43673524997803803,0.868529666263148,0.4431459424553021
4250,-0.011316845856768676,0.7999255479043806,0.4107142432678254,0.30700749778969877,0.9118806281732152,0.7784545545940813
4251,-0.04327306152735666,0.5137789100428057,0.20670145268434972,0.027927489441344818,0.9535220083917072,0.4358481555899299
4252,-8.0,-8.0,0.0,0.0,-0.0,0.0
4253,0.19842484977160516,0.5159218674486278,0.21022068328611934,0.6515667939608386,0.8377353079540453,0.47127157078456205
4254,-0.22008277504538687,0.6922124727527181,0.2783118375974367,0.2124003068904801,0.9575112954630607,0.599900050788092
4255,-1.0536049848239342,1.0519018604779784,0.2972832371555214,0.4960474308300379,0.004183069549420569,0.9929256889763781
4256,0.05217823420136252,0.6656476799913957,0.30142635167860016,0.32329747527806263,0.8988751714939012,0.49079829888156756
4257,0.03961620828072714,0.5459653348881169,0.22773582732940192,0.26754171272612626,0.9291818736470032,0.4927871254585381
4258,-1.0536049848239342,1.0519018604779784,0.29728323715552174,-0.00790513833992097,0.9992459002137439,0.992925688976378
4259,-8.0,-8.0,0.0,0.0,-0.0,0.0
4260,-0.47292098370644675,0.770041723867686,0.43559397689891494,0.0715117972618701,0.9483139961930365,0.9310698422770121
4261,-0.22456313756432,0.6059437875047216,0.31207632213461606,0.1728199301941062,0.9321008321013283,0.555261511364484
4262,-0.5888955219667878,0.8873566133330748,0.38091903219360335,0.3393122625160234,0.9075618156390866,0.9637016644752573
4263,-0.061158320488441976,0.6566075480200075,0.33404338906837794,0.2619229754578767,0.9460646612984004,0.5781143738018782
4264,0.06380453265761074,0.45731805766787414,0.2124503680823226,0.38308783383812756,0.9057641300455809,0.409158045789627
4265,-0.06985268791868454,0.5328895744310376,0.35153682084081617,0.15010746653891036,0.9328863013167044,0.506306714162284
4266,-1.2041199826559248,1.2032700902169777,0.24999614401718148,-0.003937007874015735,0.9994250253710372,0.9964767156862746
4267,0.06568677870049604,0.6635013471715757,0.19725091200496578,0.41633093638073376,0.8531428509416039,0.4384764789326686
4268,-0.815044357464103,0.8098943791441969,0.3910417185252598,-0.024096385542168596,0.9230587164527458,0.9784374999999997
4269,-0.09561274073606749,0.4973602307778065,0.20227402347695247,0.04152849178617009,0.9503985158206921,0.4607264040469905
4270,-0.11138471171816865,0.8433021717092434,0.32483960201593304,0.15785642505271816,0.9038836791054894,0.6032264713136304
4271,-0.368663319962237,0.6659934631680047,0.3890018570924051,0.22278703918697754,0.9040719405609295,0.7668255763777168
4272,-0.17875869672878406,0.7792476377933741,0.3894271859406766,0.3334966279709249,0.9147148977405912,0.6505385550204125
4273,-1.2041199826559248,1.2032700902169777,0.24999614401718148,-0.003937007874015739,0.9985545211197737,0.9964767156862744
4274,-8.0,-8.0,0.0,0.0,-0.0,0.0
4275,-0.00925157127289639,0.5339832898430176,0.24998193359476456,0.15397556430244866,0.9448307419893511,0.4411620554457579
4276,0.053268144620988396,0.521248870930418,0.1022465987280558,0.47315985453939086,0.7362539887966996,0.36784350400807136
4277,-0.07195206443473025,0.6458895755983132,0.29513981025160313,0.10552751214157623,0.9695275074171352,0.5063682932525088
4278,0.026361275727823767,0.5096709539723695,0.11489917269647215,0.2967259162116475,0.8813760358179377,0.37446643231978
4279,-0.46365790686296576,0.7642575800854526,0.4441299803170845,0.027023837272354766,0.9587562976780379,0.8330646329571748
4280,-8.0,-8.0,0.0,0.0,-0.0,0.0
4281,0.05131383953604963,0.9415420776064405,0.2825005348733958,0.20707594337157564,0.9604287835085265,0.6392507149852323
4282,-0.2349459505180595,0.6951725673755371,0.45466400264958895,0.3513780874640714,0.8756767320677006,0.708495159563618
4283,-8.0,-8.0,0.0,0.0,-0.0,0.0
4284,-0.9655593552960936,0.9629996332280778,0.32897183015663606,-0.009700968496029859,0.9687284705882298,0.9893465909090909
4285,-0.048713567823607765,0.985259737759807,0.24530796768367,0.35966875290095096,0.9155259825507946,0.7226888320558215
4286,0.00515631046495629,0.5423445386660561,0.25444964876001835,0.2384100782859499,0.9475169334147218,0.45344222123810896
4287,-0.03542941436780605,0.515432340804331,0.20996395056057818,0.17293789397493664,0.9600669132409477,0.4605274143534746
4288,-1.2041199826559248,1.2032700902169777,0.24999614401718148,-0.003937007874015716,0.9993238938379384,0.9964767156862746
4289,-8.0,-8.0,0.0,0.0,-0.0,0.0
4290,-0.34931181099456116,0.6445639143125514,0.2901219941766859,0.211282735598091,0.9583630969130211,0.5361303941839999
4291,0.12134297131458344,0.6356413932744946,0.21284851084008527,0.3830902097999606,0.9197629111109782,0.43669150808709634
4292,0.052221099991650366,0.48736454893582026,0.23091472218666528,0.20368583565391632,0.9548465840353288,0.48637444695497234
4293,-0.041687396672043735,0.6491706135799438,0.18571271110920415,-0.08072766007208293,0.9676578385880968,0.42811665118969067
4294,-0.008732277774079622,0.4177215653812651,0.19672503254395876,0.3472215680274405,0.9151268220044882,0.36621502407053325
4295,-0.19671761155687453,0.7141917515098326,0.2551541655843347,0.16012933019382605,0.9486033260091917,0.5816472033038029
4296,-8.0,-8.0,0.0,0.0,-0.0,0.0
4297,-1.2041199826559248,1.2032700902169777,0.24999614401718145,-0.003937007874015714,0.9988045486172238,0.9964767156862747
4298,0.04369352460491849,0.6555774948319263,0.2948924704315992,0.3703810867137037,0.9037385838624209,0.515005969066349
4299,0.0633257513671681,0.5912467567825056,0.2878310109709777,0.33575283362136205,0.8688806134637378,0.4732596638545426
4300,-0.15348397446892115,0.6722370903817135,0.4075041389734602,0.17330178066358837,0.9427166899297283,0.5548525112050522
4301,0.012722532754652108,0.4613995634906302,0.2147090872823798,0.3344868623238171,0.9083601253045005,0.4073475282991116
4302,-0.00986289389455772,0.6844676255336166,0.31421704572596376,0.0052570728670733695,0.9687248431691083,0.5182574566213368
4303,-0.10859222810677553,0.6017669122316682,0.372865899629737,0.13390696495315998,0.9412133497650546,0.5233000378269012
4304,-1.0536049848239342,1.0519018604779784,0.2972832371555216,-0.007905138339920917,0.9271140779204731,0.992925688976378
4305,-0.20099011865372504,0.7350319226038828,0.39986401816297595,0.20798195828904345,0.9214529373450269,0.6415572391099252
4306,-0.2129843661361406,0.9987233222446258,0.31221201944557936,0.36755952380952345,0.9133646152256762,0.8424030172413794
4307,-0.20132822570852155,0.6521431266603743,0.4022963387833746,0.021381703215508075,0.9657889127328821,0.5978990983675997
4308,-1.2041199826559248,1.2032700902169777,0.24999614401718148,-0.003937007874015718,0.9994250084723755,0.9964767156862746
4309,-0.15627716795263613,0.6898671570944108,0.40902415052067975,0.27527574347814054,0.929133199357463,0.6138578721271117
4310,-0.02437473284238446,0.6355898596185409,0.31581301165697867,-0.0388668422962588,0.965551337065633,0.5225993935856715
4311,-1.0536049848239342,1.0519018604779784,0.2972832371555216,-0.00790513833992098,0.9991612865110213,0.992925688976378
4312,-0.6834236400768122,0.6738866996031537,0.4543414455150833,0.04992548435171384,0.9220402809167559,0.9596619897959188
4313,0.0337136273856475,0.6547841423724019,0.3086406566216334,0.3751356546702983,0.8436485175906431,0.5094594931358492
4314,-0.0638542839584188,0.5061126266319647,0.24101122419766693,0.20361552041967565,0.9378981837274061,0.4491046201462506
4315,-0.9655593552960936,0.9629996332280778,0.3289718301566363,-0.011904761904761904,0.9746468341490947,0.9893465909090915
4316,-8.0,-8.0,0.0,0.0,-0.0,0.0
4317,-1.2041199826559248,1.2032700902169777,0.24999614401718148,-0.003937007874015739,0.9993819545661745,0.9964767156862744
4318,-0.815044357464103,0.8098943791441969,0.39104171852525954,0.14658634538152507,0.9478697907228399,0.9784375
4319,-0.9655593552960936,0.9629996332280778,0.32897183015663617,-0.011904761904761928,0.988978770073011,0.9893465909090912
4320,-0.14638670745546664,0.5271525749278276,0.4333202745057886,0.30382805219887427,0.9356360936152884,0.5081322550297297
4321,-0.0032242455096071375,0.500819234007746,0.22328875020564526,0.1431332484204022,0.9283107569398412,0.4039990222291161
4322,0.11636576314964207,0.5529196219237338,0.29291918366156877,0.49057293534318386,0.920106250903317,0.4707679790512478
4323,-0.0069727715468163596,0.5572140477158416,0.32763939311663404,0.5048823958208426,0.8827729255969092,0.5372716072146281
4324,-1.2041199826559248,1.2032700902169777,0.24999614401718145,-0.003937007874015719,0.9992992498936033,0.9964767156862746
4325,-1.2041199826559248,1.2032700902169777,0.24999614401718148,-0.0039370078740157384,0.9993238938379388,0.9964767156862746
4326,-0.47292098370644675,0.770041723867686,0.43559397689891494,0.03437226915234501,0.9522459099585243,0.9310698422770121
4327,-0.2744042799935615,0.7485716378271403,0.3724292192562585,0.2103402791425552,0.9588631187986736,0.6321295816975184
4328,-0.09379447969725066,0.5533525556223189,0.27557199859171083,0.14652835849002618,0.9516021830435204,0.41253647168224744
4329,0.06420247431096819,0.6074007226242082,0.21640723546065324,0.4573062616309125,0.9036017008616617,0.4135687813832033
4330,-0.007491870418312014,0.5543132715396265,0.22685851717686348,0.1100432756877253,0.9395691141730412,0.4408190388635943
4331,0.13630523215246582,0.5241180676376176,0.35040530435745665,0.5429109845294516,0.9030374651687135,0.5342105622146106
4332,0.05396930167333537,0.671367012217825,0.38530005135868756,0.5618403346530962,0.8253316040646598,0.6383647951966838
4333,-1.2041199826559248,1.2032700902169777,0.24999614401718148,-0.003937007874015716,0.9993990553162588,0.9964767156862746
4334,-1.0536049848239342,1.0519018604779784,0.2972832371555216,-0.007905138339920919,0.9270644416491294,0.992925688976378
4335,-0.02259477893283982,0.5544437407675493,0.236602607772434,0.11344837856432452,0.9564022552718704,0.45640123777640423
4336,-0.10490429578922085,0.5573459882359553,0.35324825266310134,0.16087475221511702,0.9462930505899565,0.47250406687162644
4337,0.023539391931468118,0.5075447743014004,0.2659180946190413,0.2673154770641448,0.9212024755111595,0.4450952121886347
4338,0.07016867782989551,0.44852712998083805,0.23620439178790384,0.36162544281556,0.8950888456708909,0.42229578774617144
4339,0.03842041068647415,0.6726535094628121,0.3449334707676426,0.36249037164453896,0.9143299758943856,0.49430815335509604
4340,-8.0,-8.0,0.0,0.0,-0.0,0.0
4341,-8.0,-8.0,0.0,0.0,-0.0,0.0
4342,-0.9655593552960936,0.9629996332280778,0.32897183015663617,-0.01190476190476195,0.9349808384999526,0.9893465909090912
4343,-0.2782509362273101,0.5699609405194134,0.28207204718567075,0.27511302717630115,0.9328491221317805,0.48302704868283675
4344,-0.03259247939468784,0.4181694535955655,0.23423869688204219,0.07514661342306414,0.9607964774933121,0.38577801751458035
4345,0.013994226478920846,0.5831144110951686,0.2668466415992539,0.2504539831687032,0.9050691104363324,0.4593043311525345
4346,-0.04789512482874034,0.5283378958864754,0.24417336964028116,0.17653308143305285,0.9573607269732343,0.4640940538723992
4347,-8.0,-8.0,0.0,0.0,-0.0,0.0
4348,-0.07426117117450626,0.6667168346778962,0.21532863187447787,0.3455121595515557,0.9190734378108207,0.5278665333628874
4349,-0.1027204357377418,0.6978181630197495,0.4102003754706438,0.04983419668956327,0.9670070724270384,0.5613147742657502
4350,0.07870873165128346,0.53116568829871,0.3643899723416285,0.3884878679887895,0.9279043814202035,0.5085428520767318
4351,-0.9655593552960936,0.9629996332280778,0.3289718301566363,-0.011904761904761935,0.9781669720499121,0.9893465909090914
4352,-0.0882134535014094,0.5778630428856284,0.26774869034891646,0.06961136317247166,0.9575416211837879,0.4591436490434128
4353,0.007461222406444125,0.5469331646952131,0.17976803028282504,0.07123247298342299,0.9589678494879739,0.42790035953732336
4354,-1.2041199826559248,1.2032700902169777,0.24999614401718145,-0.003937007874015721,0.9994264448308763,0.9964767156862746
4355,-0.01860044865349155,0.8204949129503205,0.331109149206754,0.1725118302934571,0.9665852601166426,0.5984430329708015
4356,-0.02116454763193972,0.6388707289229231,0.2802220006883443,0.05641247442457775,0.9648460874087271,0.4607872382531439
4357,-0.6834236400768122,0.6738866996031537,0.45434144551508354,0.049925484351713775,0.966541640993875,0.9596619897959188
4358,0.10547906287250242,0.6171939373915947,0.3770324659390559,0.45356656614835505,0.8205993295594503,0.5276340518821947
4359,-1.2041199826559248,1.2032700902169777,0.24999614401718145,-0.0039370078740157115,0.9994193807027968,0.9964767156862747
4360,-0.5051499783199059,1.1074722799636203,0.27493962793536697,0.013857557202707205,0.9966769896387978,0.9756321718022798
4361,0.1497503264066911,0.6444856710072154,0.3270297385470503,0.5948813888216742,0.8093941786169604,0.5052539196730751
4362,0.033285302661598654,0.5823168208775671,0.1957240929733316,0.23057074375251235,0.8990018213125509,0.4454652291424201
4363,-0.08811483019651495,0.6125871005682596,0.36596994023033846,0.2441523090456843,0.9245335113794838,0.5595781951319945
4364,0.07756785875196348,0.6171399200604007,0.3623327278376197,0.4723071375648679,0.9213267762251911,0.4960609164496849
4365,0.24458130033151818,0.47792594722149356,0.2795384435759498,0.7601449894430357,0.8058826360372006,0.43312752734481336
4366,-0.41422818434751973,0.7146416537862574,0.5265723587744157,0.14939242315939968,0.955430663936673,0.6655152988614802
4367,0.07195509332267477,0.6080427606413458,0.3100015407042436,0.34174043436270685,0.9373461095415849,0.4629744095877594
4368,-0.9655593552960936,0.9629996332280778,0.3289718301566361,-0.009700968496029848,0.9986373906136227,0.989346590909091
4369,-0.7815709626487963,1.081389684579954,0.3011003410763016,-0.01420454545454535,0.9305234618119811,0.9872886601584597
4370,-0.3466684459447851,0.6401621782923745,0.2130931822504753,0.4595967354269825,0.9103146420263414,0.6297236614042658
4371,-1.0536049848239342,1.0519018604779784,0.2972832371555216,-0.007905138339920998,0.9991843078606212,0.992925688976378
4372,-0.9655593552960936,0.9629996332280778,0.3289718301566361,-0.011904761904761923,0.9784387050625767,0.9893465909090912
4373,-0.7815709626487963,0.7755506535407398,0.4063159950721613,-0.028225806451612875,0.9669000429813741,0.9747427208835345
4374,-0.6211575364196467,0.8725846322318398,0.4018906058774808,-0.007643248969223524,0.9648904448365905,0.8968140211271348
4375,-8.0,-8.0,0.0,0.0,-0.0,0.0
4376,-0.2532919277785399,0.9290161101158423,0.3075936302152006,-0.0777537466298563,0.9525107440640584,0.6311956083024922
4377,0.009509420839425003,0.4926657317962667,0.25840216265960336,0.27226852365142085,0.941737399517457,0.46055198403430575
4378,-0.6384454475525391,0.9157928375246431,0.39440970503270834,0.09071250179582292,0.9689024797651481,0.9574422553663995
4379,-8.0,-8.0,0.0,0.0,-0.0,0.0
4380,-8.0,-8.0,0.0,0.0,-0.0,0.0
4381,-0.43423054797521,0.8570171088660803,0.39716310182803877,-0.06601842168624907,0.9600911831893628,0.6494328124325255
4382,-0.00436511430772133,1.0269211079798608,0.2616128564009152,0.26629979283154,0.9404307092416647,0.6964650835966539
4383,0.008051457821920014,0.5481666565875305,0.26464952609019354,0.2364206560230976,0.9233002600486326,0.4461912594321952
4384,-0.011426218960221135,0.6342096877084435,0.24602762815567072,0.16544770659143201,0.9540299176174059,0.4507608269164052
4385,-0.7525749891599529,0.7456808469171364,0.42000012286277116,-0.03238866396761134,0.9735820063220195,0.9710181451612903
4386,-0.6020599913279624,0.5880456295278406,0.49766718916459524,-0.06468462273531482,0.9691333296938963,0.9401041666666667
4387,-0.47652990386962824,0.7775585724922707,0.4519314946621271,-0.04585362640185089,0.9543381902383327,0.8404933468551822
4388,-0.18546237518725434,0.6878156055376918,0.35234534730992007,0.1075387197282938,0.9610642085979816,0.5145794910826276
4389,-0.016634430986880003,0.47323671679729545,0.17569547787893186,0.2590621115765441,0.9332003660133112,0.4224739083349407
4390,-8.0,-8.0,0.0,0.0,-0.0,0.0
4391,-1.2041199826559248,1.2032700902169777,0.24999614401718145,-0.003937007874015721,0.9993916773233046,0.9964767156862746
4392,-0.47292098370644675,0.7713064406275788,0.45435526302633455,0.09601181683899582,0.9619580508806803,0.9174108784380056
4393,-0.19896081491490547,0.5397030270138691,0.4206581977838249,0.04397961992916023,0.9616025573519853,0.5474905240952009
4394,-0.0069569417373471065,0.4842460086828853,0.14987902634873493,0.1964848587903988,0.8818327732924744,0.40785628753631054
4395,-1.2041199826559248,1.2032700902169777,0.24999614401718145,-0.003937007874015715,0.9993165687556914,0.9964767156862747
4396,-0.9655593552960936,0.9629996332280778,0.3289718301566362,-0.011904761904761956,0.9469247781888261,0.9893465909090915
4397,-0.31692107223698845,0.7905931958200416,0.35661054906125905,0.3045031034292205,0.9311156557122324,0.6953803768124471
4398,-0.1976272808295217,0.8117890487516818,0.37141405982495074,0.006252781610818942,0.9595561122543333,0.6361379890791803
4399,0.0029339845674153132,0.5821894862131787,0.33511633723797085,0.24620659097034395,0.9556713405612277,0.48233426594971124
4400,-8.0,-8.0,0.0,0.0,-0.0,0.0
4401,-0.5430103352889651,0.5244242837689085,0.5306161879726754,0.06593406593406603,0.953030681983415,0.9197140957446805
4402,-0.22412877932359762,0.5171019139244812,0.027506774431604725,0.38843234314597874,0.9511517032151748,0.6461780626600278
4403,-0.0704341184730294,0.7826917330591794,0.26641449599848127,0.047151581656770865,0.953738705622379,0.5337489441002372
4404,0.023419907209023292,0.6093425197668227,0.3765035587201252,0.3439730228417827,0.8806147038531029,0.5311001591575903
4405,-1.2041199826559248,1.2032700902169777,0.24999614401718148,-0.003937007874015741,0.9993970638080031,0.9964767156862744
4406,-1.0536049848239342,1.0519018604779784,0.2972832371555215,-0.007905138339920915,0.9560301002640819,0.992925688976378
4407,-0.6834236400768122,0.6738866996031537,0.4543414455150835,-0.04508196721311466,0.9617239887445649,0.9596619897959188
4408,-0.26372965640261575,0.6452297976814475,0.44631750406396464,0.022919468349708903,0.9527260518227102,0.5590321466125417
4409,-0.02929366708398285,0.5028786251400118,0.1693044868078421,0.09786949063454833,0.9425330453803021,0.4778191620574716
4410,-0.031028474373550056,0.44319612584021967,0.1290108355551466,0.14530043969924908,0.9684215757402913,0.39772356250715185
4411,-0.019539448813759172,0.6747547509279699,0.3540739588946231,0.28522448325264277,0.9048812298419382,0.5308038732173329
4412,-8.0,-8.0,0.0,0.0,-0.0,0.0
4413,-8.0,-8.0,0.0,0.0,-0.0,0.0
4414,-1.0536049848239342,1.0519018604779784,0.2972832371555219,-0.007905138339920936,0.9455937529608364,0.9929256889763778
4415,-0.6834236400768122,0.6738866996031537,0.45434144551508354,0.049925484351713796,0.9700864052412242,0.9596619897959187
4416,-0.37274106681513774,0.6674263113966393,0.47563379524499294,0.09574468085106397,0.9616323134873769,0.8011092557251906
4417,-0.3174119017601328,0.7894100514222531,0.2562937470534771,0.3270308582409682,0.952686329313796,0.7827302797283382
4418,-8.0,-8.0,0.0,0.0,-0.0,0.0
4419,-1.2041199826559248,1.2032700902169777,0.24999614401718148,-0.0039370078740157384,0.9993238938379388,0.9964767156862746
4420,-0.1432676707011274,0.6142582458172698,0.3670168834068385,0.09348898653727478,0.9397718259033767,0.5109035753324386
4421,0.016418248874031868,0.4165091961223377,0.1343892359530232,0.2975026701240673,0.9160822751166057,0.4075598041100695
4422,-0.010832067417445404,0.5805871072375794,0.24794140866109202,0.1511356641393774,0.9572146000637496,0.4545441503549365
4423,0.23135400186655045,0.6005371995375711,0.3302666325977387,0.6278506861561289,0.8617436529381574,0.4748895568739477
4424,-0.05396714780999423,0.5384287505472329,0.3312484622940169,0.13562304188026789,0.930161589036085,0.46688738428372134
4425,0.0909693410797298,0.6002761775642979,0.3817451027032665,0.4297182946745331,0.8293637541150243,0.5050795062457012
4426,0.026174785732711245,0.476954406611301,0.1323002934698714,0.33761289143387196,0.9268067624971376,0.4380436504311853
4427,-0.04374971497931165,0.5152423146543512,0.23143730770114063,0.16675970865215364,0.9495158537211021,0.47466851043751424
4428,0.03863900765377611,0.5006252893056978,0.15292506085058488,0.4230805844899263,0.8793915810438672,0.4320234350324007
4429,-1.2041199826559248,1.2032700902169777,0.24999614401718145,-0.003937007874015712,0.9993970638080031,0.9964767156862747
4430,0.017091237335415642,0.48093310777768145,0.2843611745172273,0.34669247106709555,0.9374375795527472,0.4477626496043562
4431,-8.0,-8.0,0.0,0.0,-0.0,0.0
4432,-0.5005829345422794,0.9405046698229775,0.3550226516643038,0.003984786352897512,0.9643137712368666,0.9141410588818102
4433,-0.07337185670861007,0.6216973505943882,0.40095748240704693,0.16530591895523536,0.9054491985330664,0.5649431395103586
4434,-0.06177569388098256,0.45677613239737547,0.13115529096739534,0.15279341716712122,0.9560735597716828,0.4079320233091149
4435,-0.007265895785635848,0.6393114033460664,0.36224285354223906,0.4623926554657755,0.9435381000502752,0.4800128422291025
4436,0.057374356933980165,0.5964004722489503,0.3563782548132308,0.354210425762377,0.8493497882504788,0.5081750359941138
4437,0.03643886371988848,0.5326495410366376,0.2639972918261181,0.2594521251643377,0.952747183894388,0.43360671511623805
4438,-0.012151461297075221,0.7155922710335141,0.3121446136438105,0.12456667200882279,0.9383137071037785,0.5309487896453062
4439,0.03593719816772101,0.5672285297037228,0.34909141015077105,0.4626379621121162,0.8886673620346204,0.5039796802062424
4440,-0.43420399446500996,0.7063996900169808,0.47233713247136866,-0.003412600486894004,0.9589219315934787,0.7381522780846388
4441,0.003424899311134827,0.5588741157781955,0.18560896105000435,0.12365373998265151,0.9492669929190845,0.406445553595778
4442,0.04963607315905609,0.6180918815920453,0.2339145054163438,0.1611293375203152,0.9627526432160967,0.4778124316999158
4443,-8.0,-8.0,0.0,0.0,-0.0,0.0
4444,-1.0536049848239342,1.0519018604779784,0.2972832371555217,-0.007905138339920955,0.9758303543395473,0.992925688976378
4445,-0.9655593552960936,0.9629996332280778,0.3289718301566363,-0.011904761904761895,0.9372662013387147,0.9893465909090914
4446,-0.18806837141796376,0.6805791691315171,0.3404812129157942,0.1497103844038537,0.9582931339504259,0.4583263391846845
4447,-0.010418282605665732,0.46704907282050856,0.021441998333939276,0.32600527464022366,0.8806893701485697,0.4147036656934053
4448,-8.0,-8.0,0.0,0.0,-0.0,0.0
4449,0.034554708599177524,0.5400039834523541,0.18266602884603617,0.26480989884653705,0.9402594397318659,0.4302143136367754
4450,0.11300207379061653,0.7153114529169211,0.3087044251130516,0.34933236625293773,0.945467946652888,0.5210804630064099
4451,-0.026308048312805737,0.41614006767201,0.14062996947311246,0.2480233474139369,0.9467236083179779,0.40844713946848255
4452,0.024670512511050506,0.7973803765899385,0.27144833529039264,0.1516961232712725,0.9381512894480177,0.4940366637858258
4453,-1.2041199826559248,1.2032700902169777,0.24999614401718148,-0.003937007874015707,0.9445237043117484,0.9964767156862747
4454,0.02381882698235406,0.5625114242221578,0.20113834638975622,0.3021197044356157,0.8972291305998749,0.4284569525250117
4455,-0.5898432572050452,0.8428198836479128,0.4337752257228443,0.32115547800783595,0.9535748519225788,0.9238667267700104
4456,0.0654845341440628,0.5258698671912705,0.18047883741572282,0.3336481984062091,0.8897797761023101,0.4213610634202638
4457,-0.04350989479408706,0.5800497305069351,0.23092197758463148,0.04950138246623877,0.9608842413941735,0.4571515873709943
4458,0.012014661277509288,0.6077218558059787,0.3482892790219353,0.5050892377749832,0.840362939682363,0.45544996167095403
4459,-0.00829086370599956,0.5794651861794813,0.31465079710185434,0.13840077849035898,0.9601829436670073,0.46333059601104215
4460,-8.0,-8.0,0.0,0.0,-0.0,0.0
4461,-0.9655593552960936,0.9629996332280778,0.32897183015663617,-0.01190476190476194,0.9800664785706398,0.9893465909090912
4462,-0.29276562986822424,0.9206798452434279,0.3617394599824749,0.061687691951431096,0.9073059089852309,0.864861490396836
4463,-0.020774543137568324,0.5503750406710246,0.2507071206028403,0.1399965869892844,0.9258537853814324,0.46078056928263356
4464,0.0036607137909399636,0.4465934135382014,0.1960834454732221,0.2237763981385383,0.9624307898370836,0.4202573560188405
4465,0.013833370475808382,0.717475714368679,0.3984675876099095,0.4989227080877137,0.8477008534048661,0.6404505896640451
4466,-1.8879203631782633,0.9985941382161371,-0.33438314724973073,0.9890072621730076,0.004878657801597027,0.9826833612017073
4467,-1.2041199826559248,1.2032700902169777,0.24999614401718148,-0.003937007874015739,0.9989936649901197,0.9964767156862744
4468,-1.2041199826559248,1.2032700902169777,0.24999614401718148,-0.003937007874015739,0.9982262472332595,0.9964767156862744
4469,-0.701526965233721,0.9154135558103876,0.3618052032160099,0.09376883447900645,0.9037669227658577,0.8956122467693287
4470,-8.0,-8.0,0.0,0.0,-0.0,0.0
4471,-0.01811741110542768,0.5018201373932357,0.284246306290818,0.17898144113710926,0.9459383547129718,0.4456345482427302
4472,-8.0,-8.0,0.0,0.0,-0.0,0.0
4473,-0.022573049575647815,0.586432892478041,0.3294497229250126,0.13203896787090802,0.9341898592253419,0.4845128166617157
4474,0.02375819876938394,0.5385966264937883,0.20803599795995206,0.283663488459984,0.8928254827450053,0.45012494025098376
4475,0.04230975135071689,0.5324625400311627,0.1399913952261276,0.438340732524149,0.8841132869607056,0.39630696426007994
4476,-0.3543690233206833,0.6477871315071138,0.3167759743095159,0.06359120678102083,0.9531376545417394,0.5938821265445031
4477,0.06228929731908511,0.4949633219059854,0.196942499547322,0.43484009120702827,0.9019851819029141,0.4103203408419746
4478,0.03270015753016146,0.4763304219093726,0.14741677628541539,0.2064710743443523,0.892868315772393,0.44628639021005306
4479,0.05480929642022411,0.4359727474927713,0.12751758107386782,0.3812911841610442,0.9276322853756104,0.43132991364649353
4480,-8.0,-8.0,0.0,0.0,-0.0,0.0
4481,-0.5557181466668487,0.9837021815420888,0.3367717716806282,-0.04347809635954691,0.9287019186905622,0.9511987284707492
4482,-0.03776616204969743,0.49912039214351245,0.28118203604183234,0.16903432992082523,0.9639626193386199,0.42633493451176324
4483,-8.0,-8.0,0.0,0.0,-0.0,0.0
4484,-1.0536049848239342,1.0519018604779784,0.2972832371555216,-0.007905138339920993,0.9989207943157272,0.992925688976378
4485,-1.0536049848239342,1.0519018604779784,0.2972832371555215,-0.007905138339920965,0.999347904214695,0.992925688976378
4486,-0.11390928675226858,0.6722576407402059,0.44327633208509504,0.2962458318576501,0.9008217661937294,0.6680441258076067
4487,0.0004484176647169627,0.47131364685501526,0.2437448480069624,0.038865732567409696,0.9514318081988163,0.4609590372815486
4488,-0.3957944725279467,0.8061787734748955,0.3353149525012297,0.0999971461556885,0.940844718774783,0.7852304441962215
4489,-0.9655593552960936,0.9629996332280778,0.3289718301566363,-0.011904761904761876,0.9280246627326,0.9893465909090915
4490,-0.16731099784363027,0.7952289731486463,0.40906828125183836,0.2832630166640918,0.8695852705307818,0.6876341917606996
4491,-0.001649463394405288,0.5548021183818839,0.30152560262917844,0.1311318240163326,0.9419049626208,0.4912766033833763
4492,-1.2041199826559248,1.2032700902169777,0.24999614401718148,-0.003937007874015706,0.999208258586394,0.9964767156862747
4493,-0.18829126549282965,0.892677728192919,0.36273265063990257,0.24792018833794785,0.8883553329055391,0.8000303739142163
4494,0.07492146370920447,0.531222040109214,0.17389558485181408,0.3970202750839819,0.8255042090014397,0.42594545142038465
4495,-1.0536049848239342,1.0519018604779784,0.29728323715552174,-0.0055787625769029075,0.9992190343637327,0.9929256889763778
4496,-0.910710211993061,0.9059951929545189,0.35314176183140605,-0.013878802969381683,0.9682897941296634,0.9835594962336103
4497,0.0351948939005157,0.47162787749454216,0.12964239147935216,0.349519885408085,0.8804852887225314,0.39633998357480293
4498,-0.904412430068195,0.8985863350234468,0.3528598805808831,0.008416779082362245,0.9765474678413842,0.9889216154835712
4499,-0.21496587481397142,0.9740725178171279,0.32919981618271194,0.4202725560680291,0.8617702807221841,0.867868242332535
4500,0.172822241488955,0.5292211254258068,0.4001027139475695,0.6401797585326945,0.7363673603329284,0.4999258336410809
4501,0.07138026816620978,0.5893385750045854,0.32108017299004876,0.4625321832516007,0.8478309786567785,0.5122790445257344
4502,-0.0009663962282370692,0.4490381365807955,0.23738071695556576,0.10740506973667491,0.9467302552622582,0.4032326922513159
4503,-0.1056942133754655,0.6004348846465118,0.4098666279800654,0.26350536487405063,0.89136371943289,0.5423580367552496
4504,-0.44180092296752593,0.8642251178251499,0.40169741317095764,0.3254097952831465,0.8485656423081412,0.9088009148665304
4505,0.07972625328313503,0.44460300342434833,0.16446571630914397,0.44567793514372034,0.8564847850091484,0.4074493022847417
4506,0.007470916009204458,0.5548133680445522,0.24938886990801618,0.16402898718435477,0.9461597712521105,0.40887223373054665
4507,-1.1673295190456874,1.1689329840014537,0.24442853888809812,0.14552814336056083,0.9270500478751741,0.9984426010790589
4508,-0.5241866504478007,0.9191699483122767,0.36601005218806976,0.19639063659292802,0.9287364811513174,0.9482429427779959
4509,0.02461342156032801,0.5685997727971221,0.17403725513270182,0.352967273619246,0.8885465574286473,0.37033929730975923
4510,-0.2769600712189029,0.6234523481204925,0.47172810267801446,0.16251456933771485,0.9415190550774071,0.5966212284930682
4511,-8.0,-8.0,0.0,0.0,-0.0,0.0
4512,-0.6074637353419299,0.9088439956872628,0.36014951861056343,0.17887933930000804,0.9275838364846752,0.957982989654933
4513,-0.8182489254494892,0.8884072442886587,0.23362587625226744,0.00926361384996919,0.9537801742689824,0.9999898785192688
4514,-1.0536049848239342,1.0519018604779784,0.2972832371555215,-0.007905138339921005,0.9985555177040275,0.992925688976378
4515,-8.0,-8.0,0.0,0.0,-0.0,0.0
4516,-0.8546349804879153,1.1546450070597547,0.2684878373307798,-0.007109004739336516,0.9988694753552184,0.9936381294256492
4517,-0.5479940257394613,0.8345709549963891,0.4014358598188433,0.08654343043312007,0.9467877280071173,0.9368625615843977
4518,0.16188024955393907,0.5291897038503098,0.2563633682314612,0.6282584622508722,0.8889356387072407,0.39891465283577876
4519,-0.4507336288874052,0.9095217658617526,0.37313613872568946,0.2268689516229756,0.9038916963185674,0.9079292055723871
4520,-0.19791910664935466,0.753208537204796,0.43891296579712424,0.4632069532837249,0.8153357057614055,0.7484810112356031
4521,0.04262889488097285,0.5190634073059938,0.33076278606131215,0.5066182191471569,0.8498415030654377,0.41751983632600626
4522,-0.04715473609048493,0.5796023876955548,0.24199505394503618,0.19214370355275961,0.9489624482189789,0.4063731118922817
4523,-0.023065476886111002,0.5011681393391013,0.21309369890453034,0.30429755877393255,0.9213006155966693,0.41412598713597426
4524,-1.0536049848239342,1.0519018604779784,0.2972832371555215,-0.007905138339921004,0.9984851645747392,0.992925688976378
4525,-1.2041199826559248,1.2032700902169777,0.2499961440171815,-0.003937007874015748,0.8462256133377429,0.9964767156862744
4526,0.05235722777321702,0.4338395095325479,0.22600020542850982,0.4167845607284179,0.8259432184569692,0.41823321684565173
4527,0.12153392200495516,0.586939686210659,0.27220250265108664,0.5686973753587303,0.8084295913293669,0.4426511609218213
4528,0.03398481464714491,0.483569853126322,0.12032866265100847,0.32494264530452593,0.9027835096797341,0.395022201706835
4529,-0.05557370631122213,0.5711046697100767,0.24703247915742585,0.049997014126920404,0.9718927781074487,0.4475309760652993
4530,-8.0,-8.0,0.0,0.0,-0.0,0.0
4531,-8.0,-8.0,0.0,0.0,-0.0,0.0
4532,-0.8546349804879153,0.8503518585725097,0.3736866341406291,-0.020000000000000077,0.9714440188409573,0.9821028386454185
4533,-0.12069147701150926,0.6077417154691857,0.3848731670986066,0.2372799187468004,0.9649995396908249,0.5063554895753722
4534,-0.1936952506329875,0.6806365492138913,0.28769880112705515,0.10644922186744013,0.9509006495400426,0.6562202227588225
4535,-1.0536049848239342,1.0519018604779784,0.29728323715552174,-0.007905138339920969,0.9994071812621097,0.992925688976378
4536,-0.6638783332678124,0.8836145759254556,0.3868341824706867,0.012665170888647598,0.9589394302282986,0.9019021604152642
4537,0.10549394678991168,0.45303334983963,0.13497183733785204,0.3700281091920481,0.8886238697950425,0.4036755218573889
4538,-8.0,-8.0,0.0,0.0,-0.0,0.0
4539,0.011194634638089777,0.5296658186395815,0.2502214958945563,0.1487836700095581,0.9561842569679146,0.46007895022996786
4540,-0.03492193983050354,0.624380287192021,0.29684176204672524,0.17584624261783716,0.9618138186144387,0.5070250435018534
4541,-1.0045047802201177,1.1703897753800236,0.24356569337541883,-0.05914944724568947,0.2598769408057444,0.9995901601745335
4542,-1.2041199826559248,1.2032700902169777,0.24999614401718145,-0.00393700787401572,0.9994193807027968,0.9964767156862746
4543,-1.0536049848239342,1.0519018604779784,0.2972832371555216,-0.007905138339920995,0.9990017703176266,0.992925688976378
4544,-0.29161372625088006,0.8465272262784385,0.3966882868072529,0.4849990811657144,0.8799785453137291,0.8516004176085373
4545,0.10066321670064148,0.3630121849102621,-0.08245630570205381,0.5247616529391433,0.7610176717604773,0.3988738707285983
4546,-0.083636988099254,0.6104792677902726,0.2542183930157489,-0.04786041047186353,0.9578862537572267,0.43908939537494585
4547,-0.6068065392186623,0.6079870735682844,0.4988862523639924,-0.03210695276424264,0.9613437393735932,0.8854860571491712
4548,-0.6227303657633451,0.9852065377032528,0.28228332816008084,-0.2082972337247559,0.9653326732426813,0.8437983136458368
4549,-0.4368367364262075,0.8725563111198812,0.38638895401107975,-0.03359989801734215,0.9626347900671114,0.8011360998564032
4550,-0.18435457210545989,0.9128194250405095,0.3072668232433545,0.18694530378273103,0.9563783930904223,0.6392159217367013
4551,-8.0,-8.0,0.0,0.0,-0.0,0.0
4552,-8.0,-8.0,0.0,0.0,-0.0,0.0
4553,-0.10285669256673938,0.48756254942889266,0.349135812162465,0.1514305130218714,0.967273098759998,0.5260451696403529
4554,-1.2041199826559248,1.2032700902169777,0.24999614401718148,-0.003937007874015706,0.999161203642193,0.9964767156862747
4555,-0.9655593552960936,0.9629996332280778,0.3289718301566363,-0.011904761904761963,0.9957991110112264,0.9893465909090915
4556,0.04954933478080053,0.427015365908184,0.10274263486046266,0.30762191571463166,0.8773573034685462,0.3892987479780847
4557,0.0057588587085582255,0.510746771427345,0.2557138087274325,0.08175513919790604,0.9364163127620743,0.4461196820204756
4558,-0.38162409578020856,0.8585012715063653,0.3637622541121449,0.06704513590307669,0.8897618330815168,0.7637356391474185
4559,-1.2041199826559248,1.2032700902169777,0.24999614401718148,-0.0039370078740157445,0.9904033034956645,0.9964767156862744
4560,-0.5943143718613442,0.8317465969843533,0.43952438013531403,0.06724525459773549,0.9588392745374833,0.9153890133038495
4561,-0.32379776421139767,0.5739269717158701,0.5003215286123914,0.04569018587598697,0.9674830807002323,0.5922086637098837
4562,0.0475102727651017,0.6411421377448832,0.36354902078451196,0.36699628293947345,0.955132436458132,0.5039967699270004
4563,0.04845718012434055,0.6096095447397951,0.027872327796422458,0.3398877541675849,0.8516995908608331,0.44850693078632276
4564,-0.044368920577851856,0.6192832012973124,0.2725183527529433,0.05240917581645285,0.9669052358586846,0.47292902493124545
4565,-0.5189919257162922,0.8628875716417643,0.35761734515809646,0.13603705953769574,0.9064507353036612,0.8047742607110806
4566,-0.7384714612052173,0.7399958809418115,0.429748928242802,0.21244755497800663,0.9742299678811385,0.955853627827318
4567,-0.2039848977082213,0.641773478467992,0.4224755046473021,0.1096549354101415,0.9526759457777295,0.5445000905133531
4568,0.1062620785380998,0.5487826748078594,0.21926603176931747,0.4889206124408549,0.8685896625710541,0.4709859156381547
4569,0.05229281613148536,0.6596315046636649,0.18513368674195582,0.3562490902041148,0.8546853819705731,0.5040582095711559
4570,-0.04696230645060493,0.565342908897978,0.18930239409356756,0.16689420124188803,0.9331748955560443,0.46851052886974326
4571,-0.18414154194099538,0.5948148982570287,0.3399568904889379,0.09726082229061939,0.9418182015766222,0.6310005264831199
4572,-0.9655593552960936,0.9629996332280778,0.3289718301566363,-0.011904761904761942,0.9934229514357921,0.9893465909090914
4573,-0.9655593552960936,0.9629996332280778,0.3289718301566362,-0.011904761904761911,0.9791011337662093,0.9893465909090913
4574,-0.9030899869919435,0.8996702747267908,0.353463251695732,-0.015936254980079702,0.9946607435330901,0.9857390873015868
4575,-0.9644715564625457,0.9630427594819999,0.3288115499703021,0.3408026737265102,0.97246719000815,0.9859865951909867
4576,-0.4477590131983977,0.8924917738235877,0.37749541685144455,0.18411156970166506,0.9543066758316717,0.8686836388870616
4577,-8.0,-8.0,0.0,0.0,-0.0,0.0
4578,-8.0,-8.0,0.0,0.0,-0.0,0.0
4579,-0.6690497481019788,0.6699098545553541,0.4541245992819271,0.05118612411582473,0.9741425951299819,0.9094378178915722
4580,-0.2821683338177648,0.8391592304185774,0.359632407825427,0.0541442442085583,0.9590869155544487,0.6185198355761515
4581,0.196158263348026,0.5520850900085884,0.3915488034016064,0.6563472261457092,0.8916173076210934,0.48194676837831496
4582,0.00436325472568072,0.46442442601323386,0.3037744063663995,0.2678589527293935,0.9300596462403552,0.45950466592912587
4583,-0.09286944419323793,0.5208294021252745,0.34382379548135544,0.08166942756799529,0.9662028480702759,0.5087399441092217
4584,-0.24548767088788087,0.6761869734568975,0.4301294270332603,0.03998498730442085,0.9423725479390248,0.5782750229442883
4585,-0.041352886491314585,0.641265542874734,0.28028393549793834,0.08360071201421293,0.9632582902042094,0.47624045532383763
4586,0.12542442928595746,0.8401923600030095,0.3305106315134003,0.5930276946637009,0.8951758190159732,0.6067650523345124
4587,-0.053264883916426996,0.6287748591514757,0.29864387442829726,0.14997977695009504,0.9502871565127754,0.47571660115036946
4588,-1.2041199826559248,1.2032700902169777,0.24999614401718148,-0.0039370078740157185,0.9993970638080031,0.9964767156862746
4589,-1.0536049848239342,1.0519018604779784,0.2972832371555216,-0.007905138339920995,0.9993552854383435,0.992925688976378
4590,0.10797912556956477,0.47252850400242113,-0.013689851417530017,0.5264701517086116,0.907909109929787,0.39400135963172517
4591,-0.07742554159277806,0.6093565560097914,0.31957207871873505,0.035194263563966224,0.9482638786770725,0.5489123334514301
4592,-0.7815709626487963,0.7755506535407398,0.4063159950721615,-0.0282258064516128,0.9925671583647319,0.9747427208835343
4593,-0.6383077311300102,0.860780872179994,0.4070383970400296,0.06474235113803364,0.9766269611908708,0.9109629273493083
4594,-0.34450559815628096,0.627196183639958,0.43880572757180103,0.21274151732580426,0.9591214835633904,0.5320228345104047
4595,-0.01939421527096389,0.6100311663491871,0.4199739630158626,0.40565104979632294,0.9511186565961511,0.5812388051857008
4596,0.05329523711802572,0.43249256959892135,-0.03152474445791455,0.4014270658011313,0.917513179257097,0.43334896256643357
4597,-0.007595258300292723,0.48633622999346665,0.11076471367901537,0.31629477928984606,0.8341816626322709,0.454732517942671
4598,-1.2041199826559248,1.2032700902169777,0.2499961440171815,-0.003937007874015731,0.9991906372266999,0.9964767156862746
4599,-1.0536049848239342,1.0519018604779784,0.29728323715552163,-0.00790513833992097,0.9983122996265417,0.992925688976378
4600,-0.531797030441169,0.7965231132441981,0.45452947817359385,-0.008935657863362815,0.9570284832070792,0.8705832019414508
4601,-0.16244435432850463,0.6024989783314938,0.423501897297414,0.2834207493591627,0.9052978533232202,0.5530689934074174
4602,0.08675919882125993,0.5249764276986831,0.26822127134714124,0.610872969885784,0.8340108840058128,0.3893653416010893
4603,0.09586249816880799,0.5337176202322873,0.012218961679247542,0.45816284582479244,0.89745016154472,0.4361773871348588
4604,-0.03625754295860762,0.5047211074056032,0.2624587350064058,0.1738799333656299,0.9392521431700407,0.45602339415734916
4605,0.03573204906819478,1.0501785470055216,0.25509920369214956,0.03282672053650727,0.9516597638301065,0.7343814151022053
4606,-8.0,-8.0,0.0,0.0,-0.0,0.0
4607,-0.26085731080647157,0.7033396862140615,0.45033089154384814,0.04255891098774649,0.9743797859041515,0.6217574027051006
4608,0.1275143237924242,0.5219580395348468,0.12305765188181138,0.5159410486644614,0.8982575251315178,0.4363333941078732
4609,-0.020833765044343512,0.5175162834945303,0.23187425863473174,0.051308276143421656,0.9621136930467901,0.4259280605627517
4610,-0.1882549682381079,0.687870731185439,0.32365449543592195,0.12682466054050348,0.948716930296852,0.676321149336498
4611,-8.0,-8.0,0.0,0.0,-0.0,0.0
4612,0.15983111726586682,0.4766295457298063,-0.10274023495978277,0.593848343177216,0.8361288661813238,0.4331766409252149
4613,-0.0024729189745788466,0.6360966793354481,0.26109329587789043,0.2019794754890549,0.9555579646389021,0.48627658002000906
4614,0.060945893406072385,0.43429103244006784,0.20730194351357045,0.19049183215693746,0.9192542334305422,0.4046394092130604
4615,0.134398541464119,0.5434161277784255,0.17174412027587105,0.5104296542904739,0.8723618395741558,0.4615114466575721
4616,0.016109448244217773,0.5739226105019135,0.24624510052436563,0.17977612087195793,0.9508824713220457,0.49633445873815335
4617,-0.49506982624199725,0.7176576816117559,0.2627866236834743,-0.08826360139281293,0.8760663471186839,0.718639854759064
4618,-8.0,-8.0,0.0,0.0,-0.0,0.0
4619,-1.0536049848239342,1.0519018604779784,0.2972832371555216,-0.00790513833992099,0.9993412962956635,0.992925688976378
4620,-0.00412528968186896,0.509845614217933,0.2525947351428644,0.18591532066096653,0.9550122492607068,0.3981471323940992
4621,-0.04992802668042118,0.5564816438456469,0.29374921566849804,0.14885528006414372,0.9549344002844748,0.43661148508044595
4622,-0.5223028099059419,0.7521139101947458,0.3873917219076884,0.19528427265060655,0.9207684939068901,0.7693531022061145
4623,0.1304598735436583,0.4748218208469709,0.2882885216559637,0.5648838576909934,0.8561492431650943,0.44007349043197036
4624,0.029513319273386466,0.5399192302209656,0.39429049327827953,0.2976967481324683,0.8769046641373263,0.5066251022016824
4625,0.09822600318798634,0.47488648387257004,0.015057082573906796,0.39804739235185554,0.9010400483493985,0.4091483130972119
4626,-0.43484282951040687,0.6878046365074181,0.4779130957500416,0.04469681149420568,0.9518351918062825,0.7157989837478533
4627,-0.815044357464103,1.114941918311533,0.28545010920588687,-0.010568031704095104,0.9802487960297246,0.9905427631578948
4628,0.017401330729421995,0.5369312704991954,0.251702920560175,0.27367458220632573,0.9464141902514066,0.4460039276616416
4629,-1.0536049848239342,1.0519018604779784,0.2972832371555216,0.4960474308300389,0.9244785449168822,0.992925688976378
4630,0.07312558164388706,0.5341554433341701,0.022908264206329913,0.2986942479767442,0.9336522072389172,0.4786062751064438
4631,-8.0,-8.0,0.0,0.0,-0.0,0.0
4632,-0.031011742860625875,0.5803852936959769,0.32267255830523583,0.1264679335778295,0.9586768609782226,0.5079728379059415
4633,-0.06685012304980316,0.46400739595073365,0.30134551489180705,0.13585892577640868,0.9623535521972192,0.44135284094820915
4634,-8.0,-8.0,0.0,0.0,-0.0,0.0
4635,-8.0,-8.0,0.0,0.0,-0.0,0.0
4636,-0.10710824307370474,0.5359773252215938,0.25641718234663446,0.07052865822488176,0.9518976917037905,0.49545113181898637
4637,-8.0,-8.0,0.0,0.0,-0.0,0.0
4638,0.06531493874809453,0.578253905300454,0.13452928450396814,0.3281824775414221,0.8843121496867525,0.4605709865679057
4639,-0.1443714090298166,0.6802989393845497,0.45122439689694654,0.47083873696828216,0.8106527727048504,0.7045499087506095
4640,0.10671460387910277,0.4720089780137495,0.3218722577578588,0.6796398730963812,0.7739210353718947,0.42039011762377093
4641,-0.636446691864421,0.9570157502046639,0.3074328389925461,-0.0577111977938582,0.9889730910945881,0.9522631730437888
4642,0.045732711473112524,0.45509474473216216,0.15176626475341215,0.415067488306961,0.8640832718979652,0.41540324089610087
4643,-0.19059626970776017,0.6910355208305387,0.4442273710721175,0.21862137770648443,0.8913501392967007,0.7614963111709288
4644,0.1128777888276639,0.463103455512243,-0.0630965723507407,0.5827478023598642,0.8427282261868869,0.4243314335372004
4645,0.10713391669549822,0.42516842989849946,-0.009708574924330018,0.4931473344839994,0.7906573792057259,0.382607125363558
4646,0.12392848625550969,0.4256153547943829,0.140330503077745,0.5161957655453698,0.9066063499600313,0.37562678557170515
4647,0.05743399929691853,0.5161295029074463,0.03528968770923973,0.32687011536392324,0.8562067682240484,0.4449242369096879
4648,-8.0,-8.0,0.0,0.0,-0.0,0.0
4649,-0.9354948982028556,0.9345816929700825,0.23803323772752116,0.2399585647726473,0.9196842113934721,0.9996479705931582
4650,-8.0,-8.0,0.0,0.0,-0.0,0.0
4651,-8.0,-8.0,0.0,0.0,-0.0,0.0
4652,-8.0,-8.0,0.0,0.0,-0.0,0.0
4653,-0.01917448685270813,0.5789434979361493,0.22743169559779622,0.18648704391344045,0.8917051971224457,0.4518579032332361
4654,0.06875024702674758,0.5356934980814463,0.3972286885227112,0.37699856930752745,0.8564965897825279,0.5187056911471726
4655,-8.0,-8.0,0.0,0.0,-0.0,0.0
4656,-1.1871600507437459,1.189355064318044,0.2492853630980722,0.07149643694985276,0.9988518154061066,0.9775355646004137
4657,-1.2079951014887238,1.201739887403157,0.2499691174348901,-0.008547643164854686,0.9988489501307241,0.9935984787228805
4658,-0.29424462328414913,0.6637943240704942,0.47112732139607155,0.18043484883887184,0.8776698434556252,0.7197898866141623
4659,0.07367795925813642,0.6154628017797085,0.2605883660830629,0.44078854019578895,0.867769668476649,0.44349979477570334
4660,0.025507263303666667,0.49304282912730557,0.1907495389883044,0.35903141656616794,0.8961450653158897,0.4197169155743678
4661,-0.24055676641281232,1.045055882447548,0.269355764453835,-0.02077666737607745,0.955305451047655,0.837077308756155
4662,-8.0,-8.0,0.0,0.0,-0.0,0.0
4663,-1.2041199826559248,1.2032700902169777,0.2499961440171815,-0.003937007874015727,0.9991289921562173,0.9964767156862746
4664,-8.0,-8.0,0.0,0.0,-0.0,0.0
4665,-0.5243655111176971,0.8038493891942998,0.34336245787381436,0.3903308243502198,0.8683955634807953,0.8263692440110468
4666,-1.2041199826559248,1.2032700902169777,0.24999614401718148,-0.003937007874015742,0.999425025371037,0.9964767156862744
4667,-1.0536049848239342,1.0519018604779784,0.2972832371555215,-0.00790513833992097,0.9994151589139998,0.992925688976378
4668,-0.029151366518672436,0.6377817119523755,0.3240730107575172,0.19541805147622593,0.9464305964233646,0.49065545662844884
4669,-0.15466290428757143,0.6382380789042228,0.43811275936528343,0.17078257431628524,0.8681960506403896,0.6549938292663633
4670,-1.2041199826559248,1.2032700902169777,0.24999614401718148,-0.003937007874015735,0.9993819545661747,0.9964767156862746
4671,-1.0536049848239342,1.0519018604779784,0.2972832371555215,-0.007905138339920946,0.9678893155085041,0.992925688976378
4672,0.016243671427199652,0.4547564066254597,0.16963590829175468,0.251434189786724,0.934971590726154,0.44531966212785007
4673,-8.0,-8.0,0.0,0.0,-0.0,0.0
4674,-0.9655593552960936,0.9629996332280778,0.3289718301566364,0.325396825396825,0.9598760659955691,0.9893465909090917
4675,-0.005441600266771749,0.51039229511929,0.18949063535632873,0.2040182946159969,0.9248494861324004,0.4164188645105134
4676,-0.27470884063450857,0.7454693416230828,0.3888357330803858,0.09428854167478759,0.9605802466856906,0.6334816355754077
4677,0.015891480443525834,0.5612609148799342,0.34090513684621704,0.3952956578183743,0.9077364614310186,0.45602658154010633
4678,0.0840138011282601,0.4845987926545327,-0.08569179287800478,0.396407689576266,0.8535002489667229,0.4705572798561769
4679,0.06775120169987658,0.5246019841060975,0.02725993130407396,0.4000485716286507,0.8963598483053516,0.4020369960349717
4680,-0.01840634495287721,0.5088529202618024,0.16834289191180107,0.16132858639365455,0.9535256734743757,0.40711042589362767
4681,-0.03793316045102684,0.4783543667732172,0.1812501543715659,0.05234777533344201,0.9648750484912167,0.4323872965320356
4682,-8.0,-8.0,0.0,0.0,-0.0,0.0
4683,-0.6998290799619581,0.7012687377964392,0.4503684553977306,0.06411596264474961,0.9692495355400617,0.9464798182294838
4684,-0.31223751486299645,0.7700540146041062,0.4326503670565826,0.11781036010499642,0.921834137990902,0.7114151192035083
4685,-8.0,-8.0,0.0,0.0,-0.0,0.0
4686,1.7098727067896906,0.9619379763459628,0.24892919005223235,0.12849664119139262,0.9564620252089664,0.6520925957592338
4687,0.44937875058347904,0.42018561775763663,0.46328063385463264,0.9690338217685961,0.24171103026424473,0.5012313512644883
4688,-0.9030899869919435,0.8996702747267908,0.353463251695732,-0.013773791097276859,0.9560778275733711,0.9857390873015868
4689,0.031135658218992925,0.6065186695870836,0.22167228194010766,0.20328243864269427,0.9312269492174704,0.46527325331652425
4690,-0.07974793903150917,0.44218307865031553,0.19839171243529105,0.09610064093665165,0.9652344763207414,0.3995152916119111
4691,-0.4640585941863085,0.7065477235329095,0.30511921889238375,0.061049001657192126,0.9380548897584622,0.6803913385415241
4692,0.01739176474399042,0.66324859235158,0.24513575475139265,0.20597764852991018,0.9270031318469601,0.4746244832481266
4693,-0.12185582219648491,0.4679029927821068,0.25569771162838884,0.07596016892907172,0.9580192264733981,0.45284782835323906
4694,-1.2041199826559248,1.2032700902169777,0.24999614401718148,-0.003937007874015731,0.9992274832368327,0.9964767156862746
4695,-0.9655593552960936,0.9629996332280778,0.32897183015663617,-0.01190476190476196,0.9940111472172037,0.9893465909090914
4696,0.18356311664479677,0.7689202669933399,0.24716997287873382,0.615778593061638,0.8161930566831306,0.5130727614162454
4697,-0.3402372860222991,0.8747850909767763,0.3020354140840766,0.007160752778774347,0.9631689468372563,0.7134513341012872
4698,-8.0,-8.0,0.0,0.0,-0.0,0.0
4699,0.07220347083696003,0.6149808408348904,0.3459638792811518,0.46506138916778184,0.8266512514128272,0.5389799856032221
4700,0.10897330712196271,0.4473911456732696,-0.03380870094771264,0.5532746253756485,0.7582756262942253,0.42313832319109346
4701,-8.0,-8.0,0.0,0.0,-0.0,0.0
4702,0.1381608711397951,0.49904382634331534,-0.03986533495190738,0.5607791196229801,0.7874215736227594,0.44592441615979317
4703,0.04024731458905358,0.5630307844227916,0.2767546846503604,0.15961154376654643,0.9427596834342596,0.4929304472060039
4704,-1.2041199826559248,1.2032700902169777,0.24999614401718145,-0.0039370078740157115,0.9994098487263107,0.9964767156862747
4705,-8.0,-8.0,0.0,0.0,-0.0,0.0
4706,0.060453564590590654,0.4694109361679047,0.060000526220609994,0.24733213264539292,0.932209718782266,0.39151459241704256
4707,0.07601433794670774,0.42322405237707994,0.12040152433124554,0.3889036718925693,0.8766129139582467,0.42110396589811605
4708,0.035339372522246955,0.4368553908099708,-0.030167563603607617,0.3486003727390012,0.8333472681172206,0.47818189007336986
4709,0.12870824819237422,0.5482253245430807,0.1070569290587941,0.5035534946199991,0.8645721829952192,0.4075931526706108
4710,-0.001966112259477353,0.5507257466670438,0.2112376047178273,0.1521034263109654,0.9581357333181183,0.4012287473303671
4711,-0.30420014596937955,0.738550758275229,0.3557349353265976,0.27534696513388646,0.9035223421419484,0.7438739265756177
4712,-8.0,-8.0,0.0,0.0,-0.0,0.0
4713,-8.0,-8.0,0.0,0.0,-0.0,0.0
4714,0.043238283885072004,0.4376956786715744,0.11250205164149304,0.27505303068154296,0.9093147465760425,0.4311638832216905
